-0.079806,-0.068614,0.034107,-0.47645,-9.6438,0.75657
-0.077274,-0.043966,0.026779,-0.36631,-9.5984,0.52433
-0.072744,-0.0042634,0.019985,-0.33519,-9.7181,0.47405
-0.072611,0.0066616,0.019052,-0.38547,-9.7492,0.46208
-0.075942,0.033841,0.016254,-0.48123,-9.6247,0.53391
-0.079006,-0.012257,0.023315,-0.52672,-9.6391,0.64165
-0.078074,-0.024381,0.025447,-0.51236,-9.6438,0.72065
-0.085002,-0.030377,0.027712,-0.47884,-9.5912,0.69432
-0.089665,-0.038371,0.021983,-0.54348,-9.6031,0.59616
-0.089531,-0.026646,0.018519,-0.42138,-9.6438,0.52912
-0.091663,-0.0097259,0.0083936,-0.46687,-9.663,0.64404
-0.088466,0.033041,0.0070613,-0.43574,-9.7013,0.54588
-0.09526,0.0059954,0.0039969,-0.54109,-9.6558,0.58897
-0.089132,-0.015855,-0.0030643,-0.36631,-9.6247,0.2083
-0.086867,0.048496,0.026113,-0.39504,-9.6654,0.67995
-0.1748,0.01692,0.11218,-1.1971,-9.7588,0.79009
-0.259,-0.044233,0.045165,-0.94571,-9.3948,1.2115
-0.34587,0.041701,-0.15375,-0.33279,-9.0166,0.97683
-0.46857,0.064484,-0.49988,-1.2857,-9.651,0.11732
-0.68068,0.22556,-0.96686,-0.57221,-9.4188,0.34237
-0.77621,0.26033,-1.1318,-0.62249,-9.3996,0.40223
-0.91756,0.16094,-1.5232,-2.15,-9.9982,1.5874
-0.94861,0.013723,-1.6806,-3.3375,-11.119,3.4069
-0.90011,-0.049162,-1.6775,-3.2729,-12.447,4.1899
-0.76954,-0.050361,-1.7913,-1.3431,-14.351,3.8499
-0.48643,-0.1732,-1.5868,-3.1508,-13.238,4.6376
-0.35999,-0.13563,-1.4169,-3.1388,-11.674,4.6112
-0.21051,0.067282,-1.1828,-3.1077,-11.004,4.051
0.023182,0.28671,-0.7886,-4.2737,-10.297,3.7397
0.24768,0.45365,-0.38784,-5.9424,-9.1937,3.5698
0.61899,0.32255,0.41222,-9.2033,-6.9264,2.7725
0.80791,0.12151,0.88252,-10.223,-6.213,2.3631
0.93289,-0.045698,1.2834,-10.116,-6.2656,1.8531
1.0296,-0.18133,1.6595,-9.56,-6.529,1.1851
1.3023,-0.097525,2.6553,-5.2241,-9.3565,0.15802
1.3243,-0.033708,2.7801,-4.7405,-9.9455,0.45011
1.3376,-0.032775,2.8906,-4.6831,-10.511,0.55785
1.34,-0.18732,2.9982,-4.8866,-11.25,0.83079
1.3229,-0.3869,3.008,-4.0941,-12.064,0.93613
1.2657,-0.55038,2.8074,0.19154,-12.493,0.40941
1.2107,-0.39476,2.784,1.1325,-12.22,-0.17957
1.1715,-0.19212,2.7363,1.1396,-12.134,-0.68953
1.1109,-0.023449,2.6049,-0.49321,-11.595,-0.34237
1.0685,-0.096593,2.5383,-1.0534,-10.898,0.14844
1.0159,-0.21237,2.4613,-1.1516,-10.599,0.052672
0.96952,-0.33841,2.3701,-1.0415,-10.652,0.095768
0.91543,-0.44792,2.2772,-0.82121,-10.97,-0.081403
0.89931,-0.52906,2.2023,-0.36631,-11.27,-0.26336
0.90184,-0.57862,2.1156,0.18914,-11.485,-0.30406
0.89078,-0.50042,1.7794,2.7126,-10.932,-0.42138
0.85415,-0.33987,1.5945,4.0965,-10.345,-0.94332
0.80352,-0.052626,1.4352,4.9033,-9.7683,-1.7861
-0.52773,0.60514,-1.5355,12.148,-10.532,-3.7685
-0.70173,0.67508,-1.9701,12.85,-11.317,-3.0071
-0.5176,0.83336,-1.9729,11.009,-15.311,1.0702
0.98271,3.2319,0.97432,-5.6982,-19.613,10.798
-0.13936,4.3656,0.045432,-19.613,-6.3638,2.8132
-0.66789,0.23702,-1.9488,-19.613,-7.3694,7.0174
0.041835,-1.2837,-2.0431,19.613,-16.376,-0.24181
0.0089265,2.7308,-1.6655,12.902,-10.594,2.6576
-0.16001,0.88252,-1.1342,-10.597,-8.2265,1.7358
-0.45125,-1.6658,-1.2121,-3.9768,-9.5792,0.095768
-0.36785,-1.5781,-1.0686,-0.0023942,-9.8234,0.035913
-0.22836,0.83443,-0.87986,2.6073,-9.6175,0.93613
-0.22236,0.81404,-0.86321,-2.6911,-9.3326,1.8771
-0.27619,0.10512,-0.88426,-4.2114,-9.0453,2.7222
-0.37425,-0.20744,-0.876,-3.8738,-8.6886,3.0502
-0.4354,-0.54985,-0.89904,-0.51954,-9.0022,2.2649
-0.3897,-0.17333,-0.98138,0.16759,-9.3087,1.4222
-0.38624,-0.064351,-1.0087,0.38068,-9.4619,1.2067
-0.68987,0.020251,-1.3081,-0.2873,-9.3374,0.80206
-0.98898,-0.054492,-1.7469,1.0534,-10.29,1.8818
-1.0599,-0.50015,-2.1484,-0.60813,-13.259,0.67038
-1.2077,-0.84469,-2.3678,-0.27054,-15.493,0.0047884
-1.4124,-0.97112,-2.5385,-0.9481,-14.305,-1.9154
-1.7626,-0.75169,-2.8761,0.27054,-19.613,-1.2617
-1.4693,-0.57263,-1.7657,-7.7189,-13.396,7.0629
-1.22,-0.59128,-2.8238,11.42,-10.831,8.1211
-1.0657,-0.35146,-2.906,16.807,-13.091,5.8395
0.60514,3.2576,0.24315,-5.4324,-7.9847,5.4588
0.64058,-2.4689,1.5539,-16.19,0.069432,4.1228
1.8398,-1.8422,2.8233,6.7181,-7.1658,-1.3503
2.1344,-0.84375,3.0847,7.1156,-7.0078,-1.2857
2.4761,0.57662,3.9988,-3.3327,-7.7883,-0.72305
2.6076,-0.23942,4.3656,-1.3623,-12.912,-2.0255
2.5389,1.2157,4.3656,2.0255,-17.437,-3.0646
2.4107,1.189,4.3656,1.8028,-18.16,-4.0654
1.6563,0.80925,4.288,8.2959,-19.613,1.1396
-0.60007,1.894,-1.9889,19.613,-9.9479,-7.8913
-0.83856,2.4618,-2.4459,19.326,-12.28,-4.549
0.012124,3.2556,-1.6258,8.9232,-19.613,4.6878
-0.72838,3.951,-2.0704,-19.613,-16.003,-0.60573
-0.013323,-4.3657,-3.2592,1.166,-19.613,3.6152
-0.52213,-0.34347,-1.1592,-7.1036,-9.0549,3.2681
-0.61353,-0.57036,-1.1758,-2.7773,-8.7652,2.4086
-0.39516,0.016787,-0.73357,1.0175,-8.9328,1.7286
-0.39237,0.11338,-0.73211,0.59376,-9.0214,1.6975
-0.36599,0.13763,-0.74103,-0.11253,-9.3111,1.8507
-0.36972,0.14389,-0.78833,-0.40701,-9.2296,1.7717
-0.48989,0.054625,-0.87426,-0.87388,-8.5258,0.66319
-0.55504,-0.061819,-0.91503,-0.97444,-9.651,-0.39504
-0.5268,-0.07008,-0.92196,-0.68474,-10.597,-0.68474
-0.52786,0.0049296,-1.0425,0.21069,-9.7348,0.68714
-0.53279,0.077274,-1.0777,0.89783,-9.2847,1.2067
-0.55664,0.22756,-1.1457,1.0295,-9.7636,1.0894
-0.59808,0.18906,-1.1826,0.5794,-9.7013,1.9201
-0.63964,0.025847,-1.2216,-0.38547,-9.6654,2.3727
-0.69134,-0.13643,-1.3006,-0.73502,-9.5002,1.9034
-0.73943,-0.22383,-1.4036,-0.26576,-9.7755,1.3695
-0.86374,-0.15402,-1.6554,0.90261,-10.417,1.5897
-0.96286,-0.21157,-1.8848,0.15802,-12.819,0.92895
-1.0283,-0.44859,-2.1067,-0.79248,-13.455,0.9074
-1.356,-0.27579,-2.349,1.8794,-13.556,-4.7812
-1.4161,-0.061553,-2.4662,2.8706,-14.468,-3.3591
-1.5521,0.085801,-2.7146,-1.3192,-16.74,-1.6544
-1.7212,-0.24475,-2.9183,-7.1275,-19.613,3.948
-1.6162,-0.71265,-2.8782,-11.061,-19.613,5.0757
-1.5636,-1.153,-2.7685,-13.396,-19.613,5.715
-1.5179,-1.5849,-2.459,-15.079,-19.589,5.9807
-1.5548,-1.9899,-1.6758,-11.521,-9.2775,8.4994
-0.95154,0.61846,-1.1379,19.613,-13.724,2.2242
-0.49642,2.6656,-0.15921,11.899,-12.488,2.4062
-0.031842,3.7871,-0.020651,3.3878,-9.5289,3.6105
0.27845,3.4227,0.069413,-6.3351,-6.2848,4.0055
0.50628,0.62805,1.1832,-18.1,-1.087,4.6136
0.40636,-2.1765,1.2473,-11.487,-2.0423,2.8754
0.53066,-2.7211,1.5363,-5.2768,-4.0175,1.719
0.81218,-2.7182,1.8382,0.55545,-6.0573,0.62489
1.8882,-0.07834,2.6465,10.072,-7.0413,0.63207
2.1186,1.0599,2.8934,9.8043,-6.3015,0.76854
2.3374,1.8539,3.0655,7.4484,-6.1746,1.0798
2.5102,2.2288,3.2495,4.2856,-6.7277,1.0798
2.652,2.2433,3.5206,0.577,-7.1491,1.1732
2.7675,1.5503,4.1288,-3.9935,-7.6902,0.44053
2.723,0.94847,4.3264,-4.9105,-8.5042,0.043096
2.6392,0.27645,4.3656,-4.9177,-9.8976,-0.56743
2.5411,-0.5681,4.3656,-2.1404,-13.223,-2.138
2.4455,-0.6952,4.3656,-0.7039,-15.172,-3.3112
2.2232,-1.0148,4.3656,-0.60813,-16.946,-3.5195
2.1562,-1.1958,4.3656,0.81403,-18.323,-3.5793
2.0965,-1.0652,4.3656,4.5777,-19.613,-3.5721
2.138,-0.8303,4.3656,5.7221,-19.613,-2.6863
2.1678,-0.76675,4.3228,6.529,-18.854,-2.0734
2.0294,-0.90451,3.8028,7.1898,-17.245,-2.9904
1.746,-1.2602,3.1441,7.3933,-16.738,-5.2816
1.3467,-1.6792,2.4768,8.2289,-17.008,-8.8298
0.74716,-2.2428,1.5966,10.748,-14.018,-13.659
0.16108,-2.4392,0.37305,17.506,-11.705,-15.95
-0.36212,-1.9049,-0.81951,19.613,-9.6917,-14.317
-0.68481,-0.73104,-1.5529,19.613,-10.08,-10.19
-0.97126,0.40196,-1.9545,19.613,-11.032,-6.529
-1.0856,1.094,-2.3465,17.705,-12.558,-4.6998
-1.0102,1.7488,-2.3346,11.961,-13.276,-2.6336
0.59181,3.8335,-0.25807,0.30167,-19.613,5.9137
-0.37531,4.3656,-0.54691,-13.23,-7.5274,-2.6719
-0.92662,3.1098,-1.8908,-19.613,-10.331,-1.1157
-0.64857,-2.8446,-2.3486,-7.0413,-14.55,-1.1325
0.095527,-2.923,-2.4395,11.882,-19.613,3.9073
-0.40382,-1.3558,-1.8008,17.183,-8.418,0.49321
-0.62672,0.15135,-1.5669,13.771,-7.6614,0.011971
-0.16427,0.99017,-1.5219,9.9934,-12.876,1.8172
-0.067548,1.139,-1.2253,3.8283,-10.848,2.2745
-0.49202,0.17253,-0.93502,-5.1356,-10.245,1.1875
-0.46471,-0.3933,-1.0122,-5.8921,-12.072,1.889
-0.58022,-0.94901,-1.0143,-3.9073,-9.9575,2.6145
-0.75196,-0.96539,-1.0206,-0.63446,-8.1906,2.8419
-0.64884,-0.53013,-1.0568,1.7837,-9.0812,1.7861
-0.38184,0.010126,-0.89838,3.0765,-10.587,0.50996
-0.22036,0.48256,-0.75755,4.2641,-10.618,-0.0071826
-0.25647,0.9193,-0.68414,4.0558,-9.8665,0.75657
-0.40529,0.88812,-0.72238,-2.6767,-8.9328,3.2609
-0.42954,0.042767,-0.89265,-5.6934,-8.4755,4.5203
-0.47737,-0.39849,-0.91983,-4.0055,-8.2744,4.8435
-0.528,-0.60527,-0.9594,-1.8603,-8.2648,4.8411
-0.53173,-0.59168,-0.99124,-0.29688,-8.3629,4.1252
-0.53799,-0.48709,-1.0937,0.577,-8.5904,3.1556
-0.55091,-0.32375,-1.1359,1.2306,-8.7053,2.5091
-0.56597,-0.12897,-1.1758,1.4365,-9.4547,1.47
-0.57809,0.018519,-1.2229,1.1133,-9.8426,1.5155
-0.61246,0.079273,-1.2826,0.32801,-9.8569,1.8124
-0.65177,0.083802,-1.3451,-0.59376,-9.5385,1.9561
-0.67268,0.017054,-1.4111,-0.92177,-9.5768,1.8028
-0.66895,-0.010525,-1.4741,-0.25379,-9.7109,1.6735
-0.67695,0.0437,-1.5324,1.0199,-9.7372,1.5179
-0.67335,0.10658,-1.5844,1.8364,-9.8067,1.2474
-0.68361,0.084469,-1.633,1.1133,-10.065,1.4629
-0.70306,0.065417,-1.68,0.44053,-10.855,1.7933
-0.70639,-0.29377,-1.7662,0.021548,-11.365,2.1979
-0.81764,-0.7882,-1.9269,-0.26336,-9.4715,2.0542
-0.89958,-0.76635,-1.9882,0.85952,-11.614,-0.62489
-0.92689,-0.69547,-2.0568,2.7677,-12.706,-1.3791
-0.99963,-0.51827,-2.1647,2.5594,-13.06,-1.6185
-1.0597,-0.42527,-2.2744,1.324,-12.663,-2.4924
-1.1768,-0.39903,-2.3661,1.1875,-13.242,-2.5833
-1.2465,-0.42194,-2.4657,1.1325,-14.071,-1.6209
-1.3103,-0.52293,-2.5839,-0.16999,-14.906,-0.10534
-1.3371,-0.81431,-2.6989,-2.6073,-15.716,1.8028
-1.3336,-1.2905,-2.8922,-5.3271,-16.867,3.3447
-1.3871,-1.5565,-2.9364,-5.9759,-18.651,3.0191
-1.3917,-1.6606,-2.986,-4.6926,-19.613,4.525
-1.351,-1.6497,-2.9521,-6.529,-19.613,4.3981
-1.2293,-1.8149,-2.8172,-11.315,-19.613,4.458
-1.1806,-2.0178,-2.5459,-14.839,-18.11,3.6081
-1.2408,-2.3494,-2.2664,-17.181,-15.306,3.1556
-1.1131,-3.7936,-3.6905,14.533,-13.882,4.4029
-1.0678,-2.1623,-2.4064,19.613,-14.358,3.6296
-0.97405,0.3532,-0.77834,17.921,-14.866,3.9337
-0.0061286,2.8456,-0.12883,-2.3248,-10.013,3.9792
0.24115,2.0711,0.13083,-12.165,-6.4955,4.5586
0.42074,0.39063,0.67468,-18.258,-3.8499,4.0773
0.4803,-1.2929,0.96393,-17.734,-2.7342,3.304
0.51827,-2.3886,1.1273,-12.225,-2.5905,2.2098
0.63685,-2.8671,1.4372,-5.9185,-3.711,0.98402
0.90158,-2.7855,1.8566,-0.23463,-5.0709,-0.34955
1.2264,-2.1805,2.2322,4.0438,-5.928,-1.4174
1.5198,-1.2609,2.5775,6.6176,-5.9376,-1.4078
1.7477,-0.21037,2.8172,7.762,-5.964,-1.0894
1.9757,0.63685,3.0676,7.2856,-5.8347,-0.5387
2.1653,1.2877,3.361,5.4588,-5.9664,-0.081403
2.3638,1.8277,3.9257,-0.4525,-6.0956,-0.52672
2.3643,1.301,4.3656,-4.2473,-7.4148,-0.6608
2.3249,0.86947,4.3656,-4.3383,-8.3629,-0.79966
2.2844,0.46604,4.3656,-3.4477,-9.3111,-1.3408
2.1775,0.20784,4.3656,-1.8603,-10.458,-2.1668
2.1377,0.168,4.3656,-0.86191,-11.985,-3.1388
2.1048,0.15135,4.3656,-0.63446,-13.654,-3.4644
2.0588,0.035706,4.3656,-1.1157,-15.364,-3.3351
1.9797,-0.19665,4.3656,-1.4174,-16.688,-2.4948
1.9373,-0.52506,4.3656,0.94332,-19.163,-1.6113
1.9777,-0.48496,4.3656,3.6416,-19.613,-1.6161
2.0725,-0.24808,4.3656,8.0637,-19.613,-1.1277
2.0165,-0.11671,4.2485,11.25,-19.613,-2.4373
1.7452,-0.21583,3.4792,12.009,-19.352,-5.2672
0.90584,-0.8211,1.693,16.896,-15.304,-12.876
0.27153,-1.0805,0.35653,19.613,-10.783,-15.048
-0.25434,-0.45285,-1.0423,19.613,-8.9423,-13.752
-0.99857,2.4044,-2.258,19.613,-10.01,-7.513
-1.1341,3.1324,-2.7001,19.223,-12.438,-6.0885
-0.67988,3.3857,-2.5968,11.49,-18.103,-0.24421
1.1255,4.3656,0.39743,-7.944,-19.613,5.7269
0.14229,4.3656,-0.28578,-19.613,-7.0773,3.5362
-1.3945,-3.0338,-3.1472,-19.613,-1.5419,-1.0726
-0.9951,-4.3657,-3.6832,-5.5354,-18.234,1.8507
0.07421,-4.3657,-2.6426,16.932,-19.496,-0.8691
-0.60634,-2.4588,-2.0775,19.613,-9.0429,-2.2027
-0.94421,0.12324,-2.3992,19.613,-9.3781,-2.4588
-0.37531,1.9144,-1.7343,17.047,-11.167,-0.67277
-0.19385,2.4754,-1.2211,6.8259,-8.5138,0.52672
-0.16947,2.0709,-1.1018,-2.4684,-8.6862,1.7454
-0.18786,1.3359,-1.1991,-6.675,-9.8785,1.2282
-0.53319,-0.80219,-1.1122,-2.9497,-8.9447,1.8411
-0.64657,-0.59887,-1.1675,1.3384,-9.0046,0.68474
-0.59768,-0.073144,-1.1293,3.6176,-10.254,-0.59616
-0.45858,0.45951,-1.0543,3.6344,-10.738,-1.0247
-0.34907,0.70653,-0.90837,1.9872,-10.465,-0.89543
-0.35679,0.59275,-0.83723,-0.47405,-9.9359,0.52672
-0.44286,0.28405,-0.82417,-2.6097,-9.4092,1.8627
-0.4835,-0.027179,-0.87053,-3.6488,-9.663,2.1644
-0.47124,-0.21051,-0.90717,-3.1196,-9.7803,1.9944
-0.44886,-0.28618,-0.92729,-1.2641,-9.0764,1.8004
-0.42474,-0.20491,-0.93875,0.70629,-8.904,1.5155
-0.39823,-0.0025314,-0.93448,1.4174,-8.9591,1.7071
-0.40462,0.084735,-0.92356,0.62489,-9.0214,2.3439
-0.43886,0.010126,-0.91956,-0.23942,-8.9376,2.1739
-0.44952,-0.086467,-0.92942,-0.72784,-9.4427,1.8004
-0.48083,0.040902,-1.0413,0.54827,-9.1698,1.0151
-0.58702,0.31469,-1.2601,0.11253,-9.4763,0.36152
-0.62419,0.26366,-1.2998,0.31125,-9.7492,0.20111
-0.68761,0.31389,-1.4362,0.92416,-9.5624,1.3527
-0.72425,0.28232,-1.5168,0.73741,-9.9288,1.403
-0.71865,0.21717,-1.5952,0.54109,-10.343,1.5012
-0.79752,0.13097,-1.6383,0.79487,-11.363,1.4868
-0.83762,0.047564,-1.7484,0.8691,-11.789,1.3551
-0.93755,-0.095527,-1.8636,0.45011,-13.161,0.2897
-0.93155,-0.22809,-1.9299,-0.36631,-13.927,-0.18196
-1.1888,-0.40622,-2.1286,0.63207,-13.264,-3.8523
-1.2821,-0.30976,-2.2382,2.0183,-13.501,-3.2537
-1.3768,-0.18213,-2.3851,1.9034,-13.748,-2.8036
-1.442,-0.16534,-2.5339,0.34237,-14.717,-1.6496
-1.6209,-0.41621,-2.7404,-3.1843,-17.612,-0.047884
-1.6658,-0.80578,-2.8102,-6.6248,-19.613,3.8714
-1.6362,-1.1983,-2.7362,-11.231,-19.613,5.0182
-1.5564,-1.6999,-2.5844,-13.757,-19.613,5.5258
-1.5984,-1.7416,-2.4521,-12.723,-16.305,5.1739
-1.6028,-1.7477,-2.3189,-10.987,-12.804,5.43
-1.5488,-1.829,-1.9802,-9.165,-8.3414,6.213
-1.6357,-1.9517,-2.1903,-2.1715,-7.3382,7.92
-1.6351,-2.7428,-2.7949,6.0645,-9.4786,4.3359
-1.356,-0.26033,-1.2309,17.731,-14.262,0.10056
-0.73344,3.2182,-0.32535,9.5529,-12.622,1.47
-0.33494,4.224,0.11405,2.2314,-8.9998,2.2314
0.045832,4.1491,0.60434,-5.5115,-6.2513,4.0701
0.35693,3.403,1.0339,-11.528,-3.1388,5.5569
0.4286,2.2605,1.2837,-14.272,-1.1301,6.3135
0.44406,0.92609,1.421,-13.908,-0.44532,6.3949
0.5613,-0.96753,1.8734,-3.9145,-3.881,4.4365
0.76848,-1.0864,2.2789,-0.14365,-5.5186,3.2417
1.0497,-0.80965,2.6312,1.6544,-6.2034,2.2003
1.266,-0.37185,2.9179,1.8244,-6.4979,1.822
1.471,-0.13177,3.0391,0.90022,-6.4691,1.3312
1.6045,-0.041168,3.219,0.067038,-6.4907,0.77572
1.7156,-0.11445,3.3949,-0.45011,-6.8666,0.22266
1.8342,-0.22409,3.6063,-0.65601,-7.8123,-0.39504
1.9725,-0.25167,3.8734,-0.61531,-8.9591,-1.2713
2.0901,-0.27126,4.1483,-0.51475,-9.6989,-1.7334
2.2547,-0.14043,4.3656,0.59616,-11.301,-1.743
2.3438,-0.02185,4.3656,1.6664,-12.028,-1.4317
2.4345,0.17826,4.3656,2.5187,-12.847,-1.3623
2.5006,0.53332,4.3656,2.6743,-13.726,-1.1061
2.5306,0.79566,4.3656,2.0399,-14.875,-1.0989
2.5233,1.0164,4.3656,1.2043,-15.902,-0.99359
2.4084,1.0011,4.3656,0.76854,-16.92,-0.77333
2.3868,0.86467,4.3656,1.2354,-18.27,-0.4118
2.394,0.76475,4.3656,2.6743,-19.316,-0.77572
2.3277,0.7365,4.3656,4.1635,-19.613,-1.2833
2.1236,0.34041,4.3656,5.1236,-18.371,-0.69432
1.7349,-0.87866,3.5622,7.9847,-17.815,-3.3806
1.4012,-1.3968,2.8546,10.64,-18.115,-6.2944
1.0857,-1.6381,2.1057,13.987,-17.652,-9.5146
0.59328,-1.8218,1.0765,18.835,-13.944,-12.388
0.15788,-1.6038,-0.082737,19.613,-10.183,-13.889
-0.22396,-0.51321,-1.2193,19.613,-8.9471,-11.858
-0.64058,0.86907,-1.8667,19.613,-8.9902,-9.6678
-0.93315,2.0067,-2.2421,19.613,-10.269,-7.944
-0.7441,2.7169,-2.3771,16.242,-14.928,-3.3016
-0.22396,4.3656,-0.51028,-15.823,-8.8202,-0.97444
-0.90317,-1.2593,-2.4761,-19.613,-9.7779,-1.7071
-1.188,-4.2571,-3.1102,-11.7,-12.845,-2.8156
-0.26153,-2.7463,-1.9866,16.714,-9.8162,0.91937
-0.72931,-0.67428,-2.0635,17.822,-6.201,0.59376
-0.051427,1.4899,-1.5491,10.369,-11.732,0.33758
-0.13869,1.5679,-1.1935,3.3495,-8.7293,-0.18914
-0.23728,1.216,-1.1173,-1.9968,-10.192,0.026336
-0.17227,0.66229,-1.1426,-5.1116,-11.507,0.55067
-0.45325,-0.66123,-1.0407,-5.205,-10.549,1.3144
-0.51254,-0.83736,-1.0744,-1.585,-9.481,1.6712
-0.57423,-0.51827,-1.1682,1.4293,-9.1746,1.0918
-0.54318,-0.11378,-1.1111,1.992,-9.3661,0.75178
-0.41408,0.17666,-1.0188,2.2601,-9.9407,0.3304
-0.50548,0.23275,-0.86507,-2.1572,-9.2368,2.9999
-0.44672,-0.20211,-0.92902,-2.5498,-8.4348,3.0143
-0.44179,-0.33854,-0.94434,-0.84276,-8.5305,2.818
-0.4346,-0.29151,-0.98405,0.35674,-8.8992,2.0375
-0.44113,-0.20038,-0.99684,1.0319,-9.4667,1.8364
-0.45165,-0.024648,-1.0131,1.2522,-9.6295,1.2929
-0.44433,0.068614,-1.0384,1.1133,-9.6798,1.2306
-0.43407,0.2229,-1.07,0.61292,-9.6702,1.4078
-0.45685,0.28858,-1.1157,0.34477,-9.0142,1.6424
-0.49176,0.24741,-1.1772,-0.37589,-8.9998,1.7478
-0.48829,0.14975,-1.2316,-0.43335,-9.4834,1.6352
-0.52546,0.10179,-1.3085,-0.10534,-9.3541,1.3599
-0.55451,0.15575,-1.3591,0.68714,-9.5265,1.2522
-0.59674,0.21224,-1.3904,1.2929,-9.7636,1.6688
-0.59261,0.18466,-1.4045,1.0271,-10.218,1.6089
-0.61913,0.045832,-1.4088,0.49799,-10.573,1.6975
-0.64884,-0.11977,-1.4008,-0.18196,-11.126,1.9441
-0.61939,-0.31896,-1.4793,-0.014365,-11.808,1.1875
-0.66829,-0.40795,-1.556,0.44053,-12.1,0.93613
-0.70279,-0.37531,-1.6449,0.76375,-12.4,0.86191
-0.69413,-0.48163,-1.7123,0.21069,-13.345,2.0566
-0.8732,-0.60713,-1.8198,-0.35434,-11.914,-0.31843
-1.0111,-0.60474,-1.9247,0.64165,-13.13,-2.4325
-1.0816,-0.46964,-2.0454,1.5323,-14.198,-2.6935
-1.1548,-0.36226,-2.1505,0.86431,-14.073,-2.2817
-1.2388,-0.33401,-2.3153,-0.043096,-14.36,-2.3391
-1.3065,-0.37838,-2.4345,-0.9505,-15.069,-1.8172
-1.3611,-0.58435,-2.5251,-2.4541,-15.608,-0.28252
-1.4064,-0.90091,-2.7158,-4.4843,-16.333,1.4389
-1.4068,-1.3199,-2.8565,-6.924,-17.643,2.9712
-1.4412,-1.4233,-2.8717,-6.9432,-19.613,3.972
-1.4384,-1.4609,-2.8952,-7.082,-19.613,4.6807
-1.3672,-1.3526,-2.8117,-9.5792,-19.613,4.561
-1.2716,-1.2548,-2.5346,-12.811,-19.024,4.4053
-1.3066,-1.3142,-2.4637,-14.832,-14.064,4.1252
-1.3089,-1.552,-2.5059,-12.993,-9.9982,6.2537
-1.3887,-2.1729,-2.8422,-5.8131,-5.9855,4.8698
-1.3147,-3.0759,-3.5065,7.4268,-10.733,6.5266
-0.98098,-2.5977,-2.8465,14.722,-15.613,3.8092
-1.0048,-0.54971,-1.5703,17.028,-16.146,4.6759
-0.49336,2.5996,-0.37451,2.7605,-12.424,3.7278
0.024515,2.2468,0.33108,-11.614,-5.4037,3.4668
0.2209,0.91024,0.9189,-15.39,-4.0893,4.0414
0.41821,-0.81511,1.4453,-8.4779,-3.2944,4.312
0.52213,-1.0006,1.7902,-3.1149,-3.9576,3.9313
0.68801,-0.89172,2.0919,1.324,-4.7788,2.9377
0.95673,-0.49895,2.5235,3.9983,-5.5091,2.0375
1.2337,0.16161,2.942,4.2784,-5.5665,1.7909
1.4887,0.6523,3.3151,2.7294,-5.1284,1.4653
1.6446,0.8644,3.581,0.52672,-5.217,1.4724
1.7304,0.73277,3.7799,-1.1827,-5.794,1.403
1.841,0.44619,4.0108,-2.1021,-6.5314,1.0008
1.9033,0.17746,4.2603,-2.3894,-7.6351,0.32561
1.9684,0.01692,4.3656,-2.5259,-8.7245,-0.46687
2.0436,-0.063152,4.3656,-2.399,-9.5768,-1.0965
2.0999,-0.1251,4.3656,-1.9082,-10.496,-1.2617
2.1164,-0.17746,4.3656,-1.1396,-11.598,-1.4605
2.1963,-0.19732,4.3656,-0.33279,-12.965,-1.731
2.2679,-0.16521,4.3656,0.3711,-14.7,-2.0135
2.3197,0.055824,4.3656,0.84755,-16.331,-2.5379
2.3643,0.24688,4.3656,0.89304,-17.351,-2.3703
2.287,0.31043,4.3656,0.80685,-18.27,-1.4653
2.2451,0.32375,4.3656,2.1237,-19.597,-1.0367
2.2779,0.27312,4.3656,3.7278,-19.613,-1.4269
2.2476,0.43433,4.3656,6.0932,-19.613,-2.332
2.1994,0.61513,4.3656,8.3462,-19.613,-2.5259
2.1535,0.75795,4.3656,9.6798,-19.613,-1.9249
2.0424,0.64417,4.3436,10.396,-19.003,-1.9225
1.8037,0.25341,3.6003,11.183,-18.711,-3.3878
1.4478,-0.33108,2.7416,12.684,-18.715,-5.7868
0.93888,-0.99244,1.8115,15.723,-16.02,-10.35
0.3865,-1.3813,0.55184,19.613,-12.747,-12.747
-0.13283,-0.89092,-0.77181,19.613,-9.9096,-12.38
-0.59754,0.2113,-1.6609,19.613,-8.5138,-9.2751
-0.96579,1.2518,-2.2576,19.613,-9.4475,-7.1251
-1.1177,1.9028,-2.7199,19.613,-12.457,-5.4971
-0.78207,2.3952,-2.6377,14.226,-17.358,-1.3312
0.98751,4.2234,-0.16494,-1.0582,-19.613,6.4189
-0.037305,4.3656,-0.26993,-19.369,-8.1044,1.6975
-0.34534,3.1761,-2.4585,-19.613,-16.056,3.5314
-1.0288,-1.7865,-2.9423,-19.613,-5.6838,-1.4892
-1.1658,-4.3657,-3.506,-8.4635,-14.087,-3.1963
-0.034773,-4.3657,-2.9389,13.228,-19.613,2.1548
-0.16694,-2.1734,-1.7649,19.613,-10.278,-0.59376
-0.74823,0.092196,-2.1201,19.613,-6.8019,-0.87388
-0.29417,1.1663,-2.0877,15.328,-12.821,0.3304
-0.087,1.973,-1.0415,0.36392,-8.3989,0.43335
-0.066749,1.2604,-1.0965,-5.0589,-10.678,1.8292
-0.16308,0.25367,-1.1375,-7.9679,-10.573,1.0654
-0.33321,-0.65683,-1.042,-8.4922,-10.515,0.9505
-0.45312,-1.2165,-0.98844,-5.1547,-10.36,1.0487
-0.52879,-1.2033,-1.0348,-0.050278,-9.8114,1.1085
-0.56383,-0.72305,-1.0826,3.1173,-9.4475,0.57221
-0.47777,-0.18626,-0.99564,3.4237,-9.7516,0.27294
-0.34893,0.23435,-0.91996,2.5043,-9.9192,0.12689
-0.28551,0.42434,-0.80778,1.0989,-9.8737,0.4525
-0.31616,0.36625,-0.74516,-0.34237,-9.8019,1.731
-0.40369,0.19225,-0.70826,-1.9728,-9.4882,2.7749
-0.45472,0.00079939,-0.77434,-2.8204,-9.086,3.201
-0.4362,-0.1283,-0.84695,-3.0215,-8.8107,3.0143
-0.38184,-0.25034,-0.86534,-2.1356,-8.4515,2.8132
-0.38504,-0.34907,-0.89158,-0.68235,-8.3629,2.7677
-0.40755,-0.33881,-0.91876,0.071826,-8.8825,2.545
-0.42714,-0.18852,-0.95394,0.17478,-9.2871,2.4732
-0.41062,-0.076475,-0.99923,0.3304,-9.2799,2.0111
-0.44686,0.097126,-1.0237,0.68235,-9.2991,1.087
-0.44899,0.22929,-1.1166,0.9098,-9.4355,1.2043
-0.49269,0.29751,-1.1719,0.82361,-9.2129,0.79966
-0.50348,0.32602,-1.2473,0.22984,-9.5744,0.95289
-0.49789,0.29671,-1.3214,-0.5387,-9.845,0.98402
-0.51934,0.27579,-1.3973,-0.42377,-9.7013,1.0989
-0.51201,0.33108,-1.4449,0.27533,-9.6414,1.1444
-0.58595,0.35826,-1.4823,0.95768,-9.2823,1.154
-0.61633,0.29258,-1.4834,0.93134,-9.924,1.9201
-0.63911,0.14562,-1.4869,0.62489,-10.513,1.4868
-0.66069,0.001732,-1.5124,0.2083,-10.815,1.3192
-0.70253,-0.18759,-1.6,-0.12929,-11.181,1.1061
-0.69587,-0.31629,-1.5707,0.19632,-11.205,0.66798
-0.74809,-0.36119,-1.6779,0.83318,-11.796,0.28491
-0.76035,-0.31709,-1.7688,0.97205,-12.651,0.84276
-0.87386,-0.33308,-1.9025,0.45969,-11.978,0.24181
-0.95767,-0.24754,-2.0101,0.84755,-13.163,-1.9441
-1.0535,-0.098991,-2.1362,1.7238,-14.138,-2.5714
-1.121,-0.0055957,-2.2745,1.4198,-14.25,-1.8579
-1.2228,0.00039969,-2.3891,0.27533,-13.824,-2.0183
-1.2917,0.0045299,-2.5255,-0.45969,-14.669,-1.6233
-1.392,-0.29924,-2.8928,-2.6408,-16.393,1.7286
-1.398,-0.57369,-3.0361,-4.7285,-17.605,3.2753
-1.442,-0.67695,-3.1169,-6.0262,-19.613,3.9409
-1.3747,-0.86893,-3.1335,-7.0749,-19.613,5.3726
-1.3221,-0.95673,-3.0908,-9.8689,-19.613,5.2122
-1.243,-1.3199,-2.8964,-14.844,-19.613,4.6711
-1.2135,-1.6995,-2.402,-18.672,-17.698,3.984
-1.2969,-2.1627,-2.2495,-17.554,-11.772,4.4077
-1.5487,-2.7887,-2.4816,-11.478,-4.9297,4.379
-1.7244,-3.6664,-3.3646,2.5762,-6.2584,5.9592
-1.4453,-4.172,-3.326,14.284,-14.008,1.6065
-1.2989,-2.0051,-2.0444,19.613,-15.917,2.3272
-1.1783,1.1286,-0.58422,19.249,-14.87,2.2218
-0.72345,3.3221,-0.10738,8.8155,-13.573,2.5379
-0.32628,4.296,-0.11325,-0.11013,-10.015,2.3535
-0.045965,3.7688,0.25487,-9.6869,-6.8043,3.7421
0.13483,2.4385,0.89092,-15.941,-4.4125,4.6232
0.16094,0.95753,1.2569,-16.661,-2.5067,5.1523
0.11564,-0.31896,1.4444,-13.623,-1.834,4.5633
0.13217,-1.1413,1.7437,-8.5545,-2.7054,3.4812
0.29937,-1.4434,2.1505,-3.3591,-4.7501,2.5738
0.62485,-1.2313,2.5726,-0.17957,-6.8474,1.3408
0.94701,-0.66083,2.9004,3.8834,-7.1515,0.92656
1.2203,0.10339,3.2578,5.3439,-6.6152,0.94332
1.4068,0.87013,3.5357,4.9823,-5.9735,1.3479
1.6174,1.3388,3.7571,3.134,-5.6168,1.5299
1.7187,1.5485,4.0381,0.79248,-5.7341,1.2354
1.8233,1.4486,4.2939,-1.403,-6.3327,1.5131
1.8698,1.1711,4.3656,-3.1029,-7.1491,1.3431
1.8965,0.79779,4.3656,-3.7517,-7.9823,0.84994
1.9036,0.44579,4.3656,-3.3878,-9.165,0.67277
1.9329,0.18706,4.3656,-2.241,-10.503,0.17238
1.9835,0.077407,4.3656,-1.0319,-12.119,-0.26336
2.0539,0.0441,4.3656,-0.32561,-13.977,-0.73741
2.1649,0.023315,4.3656,-0.31843,-16.233,-0.7829
2.218,-0.067815,4.3656,-1.0774,-18.155,-0.54348
2.2196,-0.17333,4.3656,-0.97683,-19.041,-0.16041
2.2246,-0.48936,4.3656,0.29688,-19.613,0.069432
2.3024,-0.7858,4.3656,2.5881,-19.613,-0.79487
2.3311,-0.7846,4.3656,6.6511,-19.613,-1.5538
2.2415,-0.40636,4.3656,11.993,-19.613,-2.4493
2.0876,-0.45685,4.2821,12.852,-19.613,-3.4309
1.8599,-0.64644,3.4763,13.633,-19.613,-6.1651
1.4807,-0.92396,2.5583,15.426,-18.993,-8.7915
1.0577,-1.3087,1.6824,19.012,-17.492,-11.454
0.54185,-1.4053,0.49069,19.613,-12.474,-13.178
-0.0038637,-0.84589,-0.79113,19.613,-9.1674,-12.201
-0.53546,0.27046,-1.7736,19.613,-8.2121,-9.7612
-0.86614,1.2441,-2.3815,19.613,-10.094,-7.501
-1.0107,1.9007,-2.8413,19.613,-13.082,-5.9975
-0.83016,2.4333,-2.7394,13.949,-15.608,-3.541
1.1146,4.3656,0.70626,-4.8602,-19.613,-0.7422
-0.1327,4.3656,-0.19159,-19.613,-7.3526,-1.0319
-0.40995,3.7904,-2.7575,-19.613,-15.064,3.7852
-1.0423,-2.1497,-3.2811,-19.613,-5.2505,0.76375
-1.1495,-4.3657,-3.7271,-1.8507,-14.241,-4.6711
0.1247,-4.3657,-2.8412,18.253,-19.613,2.8012
0.10792,-1.275,-1.6748,19.613,-9.6151,0.014365
-0.48629,0.98631,-2.2544,19.613,-7.3239,-0.23463
-0.011458,1.8616,-2.179,17.032,-13.901,0.093374
0.14496,2.9744,-1.2441,9.6774,-10.144,0.19393
-0.0047963,2.9473,-0.93289,-0.16759,-7.7357,2.4086
0.031043,1.7714,-1.1138,-7.8817,-9.5481,3.4764
-0.21064,0.081005,-1.1686,-12.268,-8.9807,1.3384
-0.4386,-1.1766,-1.0591,-12.359,-10.142,1.1779
-0.58942,-1.9149,-1.2117,-7.2065,-9.7324,1.4629
-0.80352,-1.9188,-1.3635,-0.59616,-9.481,2.0758
-0.81164,-1.2565,-1.3338,3.5338,-9.9048,0.81403
-0.48123,-0.35479,-1.1834,5.4875,-11.123,-1.1325
-0.24435,0.33041,-0.95167,6.438,-10.649,-1.1971
-0.33095,0.83496,-0.78993,5.4013,-8.7987,0.76136
-0.43647,1.0872,-0.80685,1.731,-8.9232,1.8196
-0.40489,0.86081,-0.8275,-3.1747,-9.9359,2.2027
-0.37798,0.40396,-0.84775,-5.2625,-9.7803,2.1691
-0.40049,-0.062885,-0.88452,-4.3096,-9.1746,2.2242
-0.40356,-0.20611,-0.94608,-2.296,-9.1842,2.3511
-0.37012,-0.31456,-0.9626,-1.0487,-9.1123,3.1292
-0.40049,-0.36812,-0.97818,-0.098162,-8.4204,3.2968
-0.39929,-0.30137,-1.0099,0.90022,-8.5569,2.2889
-0.40023,-0.16281,-1.046,1.3288,-9.0405,1.3551
-0.40862,0.058089,-1.0792,1.5945,-9.6414,0.37589
-0.42607,0.25301,-1.139,1.8124,-9.8162,0.34955
-0.45565,0.35879,-1.194,0.80924,-9.6462,0.72305
-0.4727,0.3488,-1.2636,-0.44293,-9.8067,0.88107
-0.49096,0.29844,-1.3624,-0.72544,-9.7923,0.8667
-0.50508,0.24328,-1.4154,-0.033519,-9.9479,1.2091
-0.51227,0.19438,-1.4402,0.39504,-10.168,1.7382
-0.58768,0.20384,-1.4645,0.67516,-10.197,1.7957
-0.64804,0.065683,-1.4578,0.73502,-10.479,2.1117
-0.62885,-0.096193,-1.4634,0.49081,-11.212,1.6879
-0.63791,-0.25967,-1.4786,0.32801,-11.6,1.3144
-0.58475,-0.40089,-1.5107,0.040701,-12.998,2.3367
-0.71625,-0.55118,-1.5731,-0.91459,-11.071,2.2721
-0.80139,-0.65417,-1.6896,0.1652,-11.313,-1.8316
-0.90411,-0.50828,-1.7854,1.8962,-11.655,-2.4086
-0.98165,-0.18892,-1.9301,2.8683,-12.866,-2.9568
-1.0269,0.020384,-2.0764,1.9776,-13.151,-3.2058
-1.1519,0.11351,-2.207,0.84755,-13.218,-3.2322
-1.2252,0.168,-2.3397,0.44532,-13.848,-2.4995
-1.2874,0.17493,-2.4768,0.033519,-14.466,-1.0989
-1.3326,0.10166,-2.5987,-1.1061,-15.074,0.68474
-1.3346,-0.19745,-2.7645,-3.3686,-15.874,2.5259
-1.3548,-0.44899,-2.8859,-5.4277,-17.071,2.5953
-1.3883,-0.72398,-2.8693,-5.7078,-19.46,4.6017
-1.3291,-0.97752,-2.921,-7.1156,-19.613,4.9057
-1.2437,-1.2871,-2.8503,-10.621,-19.613,4.9153
-1.2104,-1.6423,-2.7188,-14.214,-18.945,4.8363
-1.2291,-2.0598,-2.4015,-16.369,-15.06,3.644
-1.332,-2.5313,-2.1882,-16.075,-10.482,4.0055
-1.3743,-3.0651,-2.1332,-11.258,-6.4811,4.9823
-1.586,-3.7199,-2.9652,1.0439,-6.505,4.6448
-1.1947,-2.9559,-2.0007,19.613,-15.256,1.1037
-1.1155,-0.11698,-0.49509,19.496,-15.263,1.9896
-0.86973,2.165,0.11032,11.978,-12.771,2.0279
-0.63005,3.3502,-0.023315,4.0223,-8.6455,1.3575
-0.44726,3.2385,0.15974,-4.9416,-6.347,1.9225
-0.21037,2.0338,0.6964,-12.323,-5.4731,2.9951
-0.0013323,0.65736,1.1587,-14.784,-4.5538,3.462
0.23475,-1.0014,1.6351,-6.7971,-3.7757,2.7414
0.41701,-1.1599,1.9799,-1.6879,-4.5873,2.2817
0.62059,-0.88532,2.3461,2.8778,-5.2074,1.6065
1.1329,0.57876,2.8785,7.4891,-5.442,1.3862
1.4137,1.3696,3.186,7.118,-5.2912,1.8148
1.6054,1.9905,3.4796,5.2122,-5.2696,1.9393
1.7255,2.3643,3.7386,2.5067,-5.2505,1.8866
1.8674,2.3285,3.8975,0.047884,-5.6048,2.0686
1.9353,2.0724,4.1511,-1.719,-6.3758,2.0039
1.9761,1.2688,4.3656,-2.49,-7.8338,1.494
1.9818,0.93222,4.3656,-1.9201,-9.1698,1.1588
1.9909,0.69813,4.3656,-1.3216,-10.625,0.46208
2.0363,0.58648,4.3656,-0.7446,-12.117,0.0047884
2.1081,0.5172,4.3656,-0.23942,-14.044,-0.31125
2.1288,0.29084,4.3656,-0.82839,-15.807,0.10295
2.0659,0.096326,4.3656,-0.47884,-17.142,0.48842
2.0724,-0.089265,4.3656,0.97683,-19.048,0.79248
2.1425,-0.35906,4.3656,2.6001,-19.613,0.81163
2.149,-0.3893,4.3656,5.2002,-19.613,0.50278
2.1226,-0.25674,4.3656,7.4484,-19.613,0.249
2.1317,-0.11898,4.3656,8.5832,-18.421,0.50996
2.0527,-0.24634,3.9398,8.4827,-17.178,-0.43814
-0.5685,0.41568,-1.857,19.613,-9.2656,-8.746
-0.20238,3.12,-1.732,2.5618,-18.136,0.7853
1.1026,4.3656,0.8708,-17.444,-18.498,-8.4204
-0.052893,4.3656,-0.87773,-19.613,-7.9033,-0.60334
-0.29711,1.1567,-2.3238,-19.613,-11.095,1.561
-0.17613,0.6972,-1.2179,-8.4659,-8.8705,2.7102
-0.36186,-0.49842,-1.1013,-9.7037,-9.8426,1.6113
-0.49096,-1.2594,-1.0195,-7.1874,-10.206,1.6544
-0.61073,-1.513,-1.0866,-2.2122,-10.168,1.336
-0.62086,-1.2187,-1.1195,1.9201,-10.276,0.60334
-0.39889,-0.19279,-0.88545,-1.415,-8.8585,2.7988
-0.40769,-0.37358,-0.9101,-0.5363,-8.4898,3.45
-0.38757,-0.32762,-0.95207,0.60813,-8.8514,2.4636
-0.37931,-0.19705,-0.98005,1.2498,-9.1889,1.5036
-0.53972,0.13443,-1.2624,0.93613,-10.036,1.5802
-0.53026,0.033974,-1.3157,0.83079,-10.264,1.1995
-0.54705,-0.10126,-1.3217,0.90501,-10.647,1.0702
-0.5689,-0.17773,-1.3346,0.97923,-10.719,0.75896
-0.57409,-0.2237,-1.3608,1.324,-11.114,0.77812
-1.1389,-0.42408,-2.1753,-0.0023942,-13.776,-0.11013
-1.2061,-0.51441,-2.3046,-0.83079,-14.669,0.39744
-1.2636,-0.59674,-2.387,-1.008,-16.68,2.2434
-1.2593,-0.77794,-2.4828,-1.8771,-17.98,3.134
-1.2196,-1.1099,-2.5218,-4.7597,-18.534,3.96
-0.93675,-2.308,-1.5612,14.6,-11.847,1.2809
-0.47284,1.0171,-0.19918,4.8028,-10.343,1.4413
-0.19092,1.1371,-0.35719,-2.7174,-9.2656,2.1572
0.023582,0.42368,-0.045565,-8.5521,-7.5729,3.213
0.23582,-0.37611,0.36825,-8.8514,-6.1459,2.8395
0.41142,-0.86787,0.63831,-5.2457,-5.2002,2.1045
0.66216,-0.94674,0.98658,-1.9178,-4.3,1.8196
0.87933,-0.81324,1.3712,0.021548,-4.0701,1.81
1.1226,-0.48976,1.7328,2.3631,-4.2282,1.8268
1.3624,-0.18826,1.9974,3.1149,-4.458,1.6903
1.5897,0.16401,2.3383,2.8515,-4.4891,1.4485
1.7465,0.47643,2.6287,2.0566,-4.7238,1.3216
2.0849,0.70892,3.1937,-0.39265,-5.3439,0.54109
2.1967,0.58688,3.3765,-1.1612,-6.2225,0.36392
2.3076,0.38144,3.5701,-1.494,-7.367,-0.26576
2.3834,0.31083,3.8349,-1.6209,-8.272,-0.77572
2.4203,0.26473,4.1242,-1.6951,-8.5856,-1.3815
2.3293,0.047031,4.2423,-2.4325,-9.6726,-1.4676
2.3268,-0.32628,4.3036,-2.7988,-11.827,-1.6664
2.3558,-0.91863,4.3656,-2.8371,-13.786,-1.5921
2.3453,-1.4464,4.3656,-2.5857,-14.59,-1.4796
2.3397,-1.9501,4.3467,-2.4014,-15.668,-1.2498
2.3983,-2.4801,4.2994,-1.7741,-17.401,-1.6137
2.4096,-3.087,4.2595,-0.34237,-18.878,-3.3519
2.3598,-3.6557,4.2177,0.65841,-19.47,-4.8483
2.2521,-4.0007,4.024,1.6568,-18.893,-5.3702
2.1842,-4.3168,3.6736,3.0167,-18.103,-5.9855
2.1677,-4.3657,3.3179,5.691,-17.557,-6.8115
2.139,-4.203,3.0723,8.2983,-16.53,-7.6519
2.0334,-3.9105,2.8698,8.8514,-14.794,-7.8793
1.8892,-3.6977,2.6676,7.2281,-14.308,-8.0254
1.6731,-3.6773,2.4601,4.8339,-13.621,-8.5928
1.2696,-3.8163,2.213,3.1556,-11.609,-9.8019
0.49269,-3.7096,1.3628,7.4675,-10.652,-10.707
0.17706,-3.1592,0.85441,10.379,-9.845,-9.9719
-0.48803,-2.2449,-0.32602,9.4523,-8.521,-7.7668
-0.73277,-2.1869,-0.73251,7.9966,-8.7293,-7.1347
-0.88799,-2.111,-1.1006,6.9815,-9.2656,-7.2951
-1.0688,-1.7055,-1.349,7.0006,-10.051,-7.5226
-1.1823,-1.0477,-1.3663,6.8354,-10.295,-7.7788
-0.32122,0.63258,-0.65656,6.2273,-19.613,1.8292
1.3444,3.8677,0.74023,-1.9489,-19.613,8.7724
-0.021317,4.3656,-0.53985,-12.852,-6.2656,3.1412
-0.94155,2.0627,-1.9955,-15.268,-5.8538,3.3471
-1.348,-0.81018,-2.4929,-6.3686,-9.8689,-1.4413
-0.89944,-1.9392,-1.7696,6.1794,-19.613,-2.6791
-0.73251,-0.37811,-0.98032,12.479,-15.182,-4.8698
-0.6932,1.8095,-1.0447,9.6726,-10.149,-2.7294
-0.5677,2.1833,-1.2804,2.7701,-8.4731,2.0853
-0.54718,1.2383,-1.1229,-3.0957,-7.5561,4.0965
-0.58675,0.71052,-0.94288,-4.628,-8.3079,3.5721
-0.54931,0.41248,-0.92129,-4.8076,-10.46,2.2362
-0.53332,-0.009193,-0.7862,-3.0622,-10.973,2.1452
-0.58422,-0.14749,-0.65097,1.0918,-10.379,1.6616
-0.51774,0.12484,-0.54905,3.0885,-10.206,1.4437
-0.46511,0.32109,-0.44659,2.0183,-9.4212,1.8723
-0.48563,0.25207,-0.32482,0.34716,-9.3661,2.4397
-0.49455,0.11631,-0.27339,-0.91698,-9.5553,2.5809
-0.48603,-0.088199,-0.27059,-1.8507,-9.4212,2.3727
-0.46031,-0.2233,-0.20304,-1.1253,-9.7396,1.822
-0.45672,-0.19745,-0.19239,0.39983,-9.9024,1.5754
-0.47417,-0.089398,-0.16467,0.7853,-9.8354,1.4102
-0.48256,-0.047297,-0.17054,0.26336,-9.7133,1.7502
-0.49002,-0.086467,-0.10792,-0.33519,-9.4643,2.2386
-0.51161,-0.19745,-0.089265,-0.67277,-9.3661,2.5043
-0.4747,-0.32082,-0.074476,-0.94092,-9.2225,2.7557
-0.48923,-0.41235,-0.063951,-1.1157,-9.2033,2.8515
-0.49362,-0.5717,-0.037838,-1.063,-9.2488,2.8659
-0.49522,-0.63418,-0.00039969,-0.45729,-9.1818,2.2673
-0.49002,-0.59954,-0.019319,0.38786,-9.2991,1.8387
-0.4847,-0.50774,-0.022116,0.98881,-9.4164,1.549
-0.52173,-0.49749,-0.0043966,-0.38547,-9.4739,1.7238
-0.54025,-0.59368,-0.017453,-1.0511,-9.6414,1.3575
-0.57436,-0.63311,0.0011991,-0.99359,-9.7468,1.0271
-0.58022,-0.64724,0.096193,-0.89304,-9.9192,0.76614
-0.65297,-0.70439,-0.0010658,-0.5794,-9.8521,1.3001
-0.68281,-0.6972,-0.10139,-0.58658,-9.3302,1.968
-0.73917,-0.80112,-0.12217,-1.1492,-9.3206,2.3152
-0.78393,-0.85441,-0.14695,-0.98881,-8.8155,2.2146
-0.84282,-0.92103,-0.21464,-0.7422,-8.6239,2.0518
-0.864,-1.0605,-0.24994,-0.45729,-9.0692,1.5083
-0.8736,-1.2,-0.28112,0.11732,-9.3972,1.0391
-0.85494,-1.3368,-0.24115,0.53151,-9.6869,0.38307
-0.83163,-1.4234,-0.20824,0.68953,-9.7731,-0.27294
-0.80312,-1.4849,-0.1311,0.30885,-10.13,-0.5363
-0.79739,-1.5383,-0.10006,0.25618,-10.18,-0.79727
-0.83469,-1.7917,0.032375,0.36871,-9.8833,-1.1133
-0.85521,-2.0586,0.27632,0.34955,-10.348,-0.72305
-0.85761,-2.1914,0.41408,0.40941,-10.295,0.043096
-0.88119,-2.3637,0.49176,0.54588,-9.6151,0.37828
-0.90864,-2.5716,0.55917,0.10774,-9.1243,0.3711
-0.87866,-2.7955,0.57183,-0.6608,-10.171,0.56024
-0.79512,-2.954,0.56943,-0.91459,-11.073,1.4796
-0.74836,-3.0257,0.57609,-0.60334,-11.715,3.0742
-0.67055,-2.9821,0.60487,0.093374,-11.997,4.8147
-0.94035,-3.2944,0.63032,-1.0798,-9.5265,4.5011
-1.17,-4.3657,0.81511,-6.6056,-9.0429,4.9488
-0.97379,-4.3657,1.0026,-8.1834,-12.273,4.8195
-0.83922,-4.3657,1.0127,-8.1594,-12.143,4.1587
-0.63685,-4.3657,0.96633,-6.4356,-13.091,3.0023
-0.41502,-4.3657,0.88066,-5.0661,-12.625,1.9297
-0.174,-4.3657,0.8307,-4.5203,-12.189,1.4126
-0.061286,-4.3657,0.7782,-4.4245,-10.683,-0.17717
-0.045698,-4.3657,0.72091,-4.3263,-9.5888,-2.2146
-0.037438,-4.3657,0.60087,-4.1013,-9.8402,-4.3359
-0.05276,-4.3657,0.47484,-2.6815,-10.104,-6.687
-0.054492,-4.3657,0.24208,-0.91219,-10.439,-7.9655
0.011325,-4.3657,0.10738,1.4557,-10.93,-8.6766
0.070613,-4.3657,0.08287,3.723,-10.403,-8.1906
0.063685,-4.3657,0.093129,4.7429,-8.9639,-7.2042
0.0066616,-4.3657,-0.025314,4.2282,-7.9559,-5.9017
-0.028245,-4.3657,-0.18439,3.0095,-7.7405,-4.5657
-0.054758,-4.3657,-0.28631,1.233,-7.9416,-3.8164
-0.085135,-4.3657,-0.35986,0.7015,-8.2049,-3.0742
-0.11778,-4.3657,-0.43353,0.86191,-8.3414,-2.624
-0.14602,-4.3657,-0.45072,1.0295,-8.3582,-2.0039
-0.17853,-4.3657,-0.43207,0.9912,-8.1044,-1.4581
-0.22383,-3.8646,-0.41781,0.71826,-7.8913,-1.0463
-0.24035,-3.4029,-0.39916,0.29209,-8.0254,-0.25857
-0.22929,-3.0279,-0.33428,-0.2466,-8.1259,0.19393
-0.2125,-2.6103,-0.20504,-0.72065,-8.3151,0.7829
-0.20225,-2.206,-0.075409,-1.3647,-8.2552,1.1157
-0.17706,-1.7817,0.065683,-2.0614,-8.2815,1.4365
-0.16787,-1.4791,0.21357,-2.9233,-8.5569,2.0973
-0.097525,-1.2456,0.36292,-3.6368,-8.8011,2.5977
-0.10192,-1.0881,0.49469,-3.7804,-8.9687,2.9951
-0.050228,-0.88013,0.59101,-3.7709,-9.0429,3.2657
-0.037305,-0.73917,0.66229,-3.8211,-9.177,3.3998
-0.028245,-0.59901,0.73131,-3.8499,-9.0812,3.4046
-0.021051,-0.54545,0.77327,-3.9145,-9.3302,3.4405
-0.0042634,-0.47857,0.80765,-3.9792,-9.3637,3.6248
0.01772,-0.53266,0.83483,-4.0582,-9.6798,3.7158
0.041302,-0.47817,0.86387,-3.8858,-9.7348,3.8762
0.047164,-0.46138,0.90837,-4.221,-9.5792,3.7876
0.035706,-0.46977,0.92249,-5.0518,-9.3494,3.3974
0.029178,-0.54065,0.9955,-5.5522,-9.5792,3.383
0.028511,-0.63725,1.0227,-5.8466,-9.5672,3.3806
0.025847,-0.72198,1.0471,-5.521,-9.3948,3.5051
0.027046,-0.77274,1.0862,-5.0925,-9.3158,3.3423
0.047164,-0.77034,1.139,-4.5538,-9.4858,2.976
0.073011,-0.72291,1.193,-4.2617,-9.5672,2.8611
0.10525,-0.67308,1.2371,-4.1851,-9.5122,2.6408
0.11738,-0.66203,1.2434,-4.0342,-9.2895,2.4421
0.12764,-0.73597,1.2044,-3.7613,-9.3039,2.1787
0.12923,-0.84482,1.1819,-3.2968,-9.2703,2.1189
0.11858,-0.89358,1.1927,-2.5594,-8.9759,1.4389
0.10632,-0.89665,1.1189,-1.7693,-9.0118,1.3719
0.090597,-0.84655,1.0882,-0.9098,-8.7197,0.9505
0.10219,-0.74263,0.97765,0.069432,-8.588,0.64883
0.035972,-0.63192,0.90011,0.63925,-8.7412,0.54348
0.032508,-0.5228,0.80658,1.075,-9.1746,0.71826
-0.056623,-0.38704,0.61686,1.391,-8.9854,1.0199
-0.07874,-0.40729,0.39583,1.47,-8.8274,1.2402
-0.10579,-0.45698,0.23942,1.9944,-9.0836,1.1181
-0.14629,-0.50042,0.090464,2.4373,-9.2129,0.85234
-0.18399,-0.47377,-0.028511,2.8611,-9.0453,0.72784
-0.17107,-0.38384,-0.14162,3.1603,-8.9807,0.4956
-0.22316,-0.30443,-0.24102,3.237,-8.8921,0.44532
-0.23955,-0.27392,-0.39916,3.0598,-8.983,0.32801
-0.2618,-0.26966,-0.4783,2.9233,-9.2416,0.28252
-0.13896,-0.32468,-0.83669,3.1412,-12.361,1.9632
-0.0082603,-0.10565,-0.73197,1.5443,-14.404,2.308
-0.23715,0.16308,-0.85015,-1.2139,-13.24,1.9489
-0.40436,0.14975,-0.89105,-5.2696,-12.577,1.1468
-0.48403,0.01772,-0.76168,-8.4036,-10.855,0.4525
-0.56796,-0.32668,-0.87693,-8.4874,-9.2153,0.52672
-0.5625,-0.81138,-1.1182,-4.8387,-9.2177,1.166
-0.3977,-1.015,-1.2376,1.008,-11.193,1.8675
-0.25394,-0.61473,-1.247,7.1036,-11.935,1.7454
-0.24888,0.19625,-1.1855,9.9359,-11.246,0.82839
-0.19105,1.0343,-0.97365,7.7859,-10.403,0.96007
-0.017054,0.96073,-0.65257,-3.1077,-8.9687,3.462
0.014655,0.33614,-0.68494,-5.2648,-9.4475,4.4604
-0.085801,-0.2117,-0.79419,-4.9249,-8.8083,4.3024
-0.2674,-0.72957,-0.7878,-4.4293,-7.8386,3.2561
-0.39183,-1.1902,-0.79752,-3.6847,-8.3438,1.8747
-0.4731,-1.4813,-0.81911,-2.2146,-9.7229,0.67516
-0.50228,-1.5753,-0.79925,-0.40462,-10.704,-0.086191
-0.47377,-1.4092,-0.72731,1.3096,-10.901,-0.34955
-0.43953,-1.0714,-0.64377,2.6887,-10.654,-0.047884
-0.32722,-0.68028,-0.6126,3.62,-10.314,0.78769
-0.27153,-0.26766,-0.53439,3.814,-9.73,1.1684
-0.24408,0.07874,-0.49868,3.0526,-9.5002,1.3671
-0.23835,0.31269,-0.51068,1.391,-9.4619,1.5036
-0.18852,0.32109,-0.46031,-0.25857,-9.5624,1.6903
-0.2125,0.1692,-0.46165,-1.4844,-9.2895,2.0423
-0.27259,-0.11111,-0.46751,-2.0806,-9.1243,2.32
-0.30843,-0.38331,-0.4835,-2.1596,-9.1291,2.6121
-0.40289,-0.60713,-0.47857,-1.6472,-8.995,2.8754
-0.43593,-0.6491,-0.54092,-0.52672,-8.9112,3.0119
-0.42461,-0.53692,-0.57383,0.29928,-9.0405,2.9568
-0.40862,-0.39996,-0.61206,1.0463,-9.0261,2.2482
-0.46724,-0.21943,-0.65616,1.4317,-8.679,1.5155
-0.48976,-0.11218,-0.67948,1.2881,-9.6103,0.67277
-0.46325,-0.04823,-0.70013,0.80685,-10.336,0.67516
-0.47204,-0.03877,-0.74703,0.057461,-9.8569,1.1301
-0.48283,-0.099524,-0.81085,-0.63446,-9.5912,1.1708
-0.51161,-0.18239,-0.8636,-0.48602,-9.3829,1.0487
-0.54278,-0.18213,-0.88959,0.24181,-9.4523,1.1037
-0.5613,-0.15388,-0.95833,0.58179,-9.6414,1.0822
-0.56597,-0.058222,-1.0211,1.2594,-9.6917,0.96965
-0.59981,0.089265,-1.1004,1.391,-9.4068,1.0798
-0.62472,0.073544,-1.1526,1.2785,-9.584,1.506
-0.70146,0.081404,-1.1928,1.336,-9.8258,1.8866
-0.74103,-0.025314,-1.2672,0.88107,-10.092,1.8986
-0.7786,-0.17533,-1.3402,0.11492,-10.628,1.4988
-0.83643,-0.3031,-1.4436,0.40701,-10.862,1.2234
-0.87826,-0.3103,-1.5481,0.86191,-11.202,1.1325
-0.92809,-0.34094,-1.6493,1.1181,-11.961,0.5363
-0.97312,-0.24075,-1.7661,1.336,-12.941,-0.18914
-1.0301,-0.2121,-1.8632,1.3336,-13.846,-0.27054
-1.1686,-0.18399,-2.0061,-0.019154,-13.52,-1.3096
-1.1675,-0.28392,-2.2028,-0.63446,-14.571,-2.8922
-1.2777,-0.24208,-2.3463,-0.057461,-14.657,-2.8587
-1.3916,-0.14722,-2.5165,0.23463,-14.597,-2.5067
-1.4759,-0.15455,-2.6368,-0.016759,-15.067,-1.8818
-1.5388,-0.1764,-2.7338,-1.0127,-16.276,-0.87149
-1.6338,-0.10272,-2.8476,-1.9178,-18.253,0.54348
-1.6593,-0.19319,-2.9551,-3.8978,-19.613,3.474
-1.6407,-0.53785,-3.0081,-8.5856,-19.613,5.1619
-1.5572,-1.0487,-2.9806,-13.06,-19.613,6.0669
-1.535,-1.6461,-2.8121,-15.653,-18.438,5.3726
-1.6947,-2.1057,-2.4363,-16.908,-16.214,4.5897
-1.6718,-2.2391,-2.2246,-15.16,-14.056,5.1188
-1.7313,-1.9949,-1.941,-8.3534,-8.746,6.0238
-1.5166,-2.2805,-2.8089,3.9528,-10.455,10.099
-1.4985,-2.8037,-3.7706,17.253,-14.226,5.1332
-1.2552,-0.61753,-2.614,19.613,-16.113,3.1412
-1.0639,2.5515,-0.47897,19.472,-14.681,2.2098
-0.55517,4.3656,0.23848,8.1858,-12.512,2.5235
-0.055691,4.3656,0.012657,-1.5945,-9.2943,3.0047
0.20478,4.3343,0.094994,-12.809,-5.5162,4.5633
0.26673,2.2595,0.68015,-19.613,-2.0494,4.9321
0.19745,-0.0055957,0.96766,-19.613,-1.2953,4.6974
0.1279,-1.6164,1.0573,-15.103,-1.6975,3.5889
0.16467,-2.4768,1.4142,-7.9823,-3.0574,2.1069
0.4386,-2.5378,1.8618,-1.8435,-5.217,1.142
0.81431,-2.1579,2.211,2.8156,-6.2896,0.57221
1.1934,-1.5191,2.4728,6.6942,-6.8594,0.30167
1.7718,0.42114,3.1135,8.2696,-6.0789,0.85952
2.0022,1.1959,3.422,6.3566,-5.9903,1.0558
2.1551,1.6165,3.5509,3.3375,-6.4332,1.1947
2.2449,1.6405,3.7442,0.24181,-6.7684,0.91937
2.289,1.3764,3.9711,-2.5762,-7.4651,0.67277
2.312,0.96619,4.1669,-4.051,-8.3127,0.21308
2.3185,0.54398,4.3427,-3.8834,-9.1315,-0.25379
2.3125,0.15708,4.3656,-2.7964,-10.214,-0.81163
2.317,-0.022649,4.3656,-1.1444,-11.181,-1.5802
2.3517,-0.02185,4.3656,0.2083,-12.263,-2.3032
2.3958,0.13376,4.3656,0.81642,-13.317,-3.0287
2.406,0.3003,4.3656,0.53151,-14.169,-2.9209
2.3387,0.33934,4.3656,-0.60094,-14.842,-2.9999
2.195,0.21743,4.3656,-1.5921,-15.555,-2.5402
2.066,-0.086734,4.3656,-2.1356,-16.561,-2.2936
1.9733,-0.41355,4.3656,-1.4006,-17.257,-2.0135
1.7758,-0.76475,4.3656,-0.38068,-18.191,-2.3583
1.5457,-1.1012,4.3656,0.59376,-19.374,-3.1125
1.4257,-1.4659,4.3656,2.6001,-19.613,-2.7485
1.4963,-1.6687,4.3656,7.3694,-19.613,-1.7406
1.5046,-1.8914,3.7471,12.476,-19.613,-2.6791
1.3342,-2.1987,3.0587,16.041,-19.144,-4.8052
1.0804,-2.4036,2.3979,18.186,-16.858,-7.8578
0.58235,-2.3246,1.3663,19.613,-13.685,-11.691
0.09566,-1.906,0.068081,19.613,-11.408,-13.728
-0.3107,-0.90091,-1.091,19.613,-9.8689,-13.25
-0.69627,0.40782,-1.8214,19.613,-9.1099,-10.764
-0.99071,1.6308,-2.2675,19.613,-10.594,-8.4467
-0.37491,2.8611,-2.1913,18.967,-18.081,1.8771
0.35999,4.3656,-0.23169,1.2354,-18.253,-3.7373
-0.66189,4.3656,-1.5408,-11.428,-13.068,0.80685
-0.55078,3.4156,-2.2296,-19.613,-17.66,0.59855
-0.99444,-0.63005,-2.5093,-19.613,-10.788,-2.6743
-0.22449,-2.8687,-3.2791,-5.8658,-19.613,4.5442
0.040369,-3.3081,-2.879,9.8138,-13.963,3.3567
-0.51401,-1.7376,-2.0712,15.012,-5.1044,2.8347
-0.62765,-0.040369,-2.0038,16.7,-6.6559,0.67516
-0.28858,1.2023,-1.6835,13.331,-10.278,-0.39504
-0.16321,1.516,-1.2413,5.7174,-9.6031,-0.82361
-0.2193,1.0793,-0.97432,-1.6089,-10.309,-0.29449
-0.2626,0.4759,-0.98751,-5.9041,-11.966,-0.43335
-0.49642,-1.3464,-0.97818,-8.2337,-11.861,0.0071826
-0.59008,-1.7641,-0.99963,-3.7158,-9.9288,0.87388
-0.63964,-1.4286,-1.1282,1.2905,-9.4906,0.81642
-0.55358,-0.69613,-1.1285,4.0342,-9.8354,0.44772
-0.38237,0.078873,-0.98151,5.2888,-10.036,0.13168
-0.29924,0.72571,-0.88332,5.5617,-9.4044,0.85712
-0.35786,1.1342,-0.83083,3.893,-8.6455,2.3607
-0.45778,1.195,-0.80965,0.41659,-8.4994,3.8906
-0.53279,0.84096,-0.83016,-3.7685,-8.4731,4.9943
-0.58595,0.27645,-0.9165,-6.7469,-8.1475,5.2241
-0.61846,-0.33255,-0.9634,-7.3765,-7.9296,4.7429
-0.61846,-0.85681,-0.9594,-4.4604,-8.327,3.8331
-0.61406,-0.99604,-0.97485,-0.40701,-9.086,2.5953
-0.58848,-0.71705,-1.0006,2.4205,-9.5888,1.4198
-0.55611,-0.31203,-1.012,3.4165,-9.9742,0.46208
-0.54358,0.045032,-1.0343,3.2298,-9.9766,-0.047884
-0.53093,0.37105,-1.0829,2.0662,-9.9359,0.050278
-0.53319,0.49962,-1.1377,0.57221,-9.7085,0.84755
-0.55371,0.43993,-1.212,-1.1396,-9.493,1.6376
-0.57556,0.20797,-1.2931,-1.9728,-9.5122,2.15
-0.59768,0.043433,-1.3575,-1.6544,-9.5265,2.1452
-0.63578,-0.075276,-1.4039,-0.59137,-9.2536,2.2027
-0.67562,-0.10126,-1.4553,0.87628,-9.5457,1.9321
-0.6944,-0.056224,-1.5005,1.403,-10.041,1.8531
-0.74849,-0.016121,-1.5457,1.312,-10.594,2.4493
-0.72811,-0.10472,-1.5791,0.35674,-10.831,1.9704
-0.73251,-0.32229,-1.6313,-0.22266,-11.507,0.90261
-0.8231,-0.40955,-1.7817,1.0582,-11.885,0.33279
-1.0136,-0.42807,-1.9421,0.58419,-12.021,0.73502
-1.0576,-0.48656,-2.0356,0.41899,-13.089,-1.2857
-1.1283,-0.47284,-2.1209,0.89543,-13.704,-1.9249
-1.2541,-0.43287,-2.2322,0.73263,-13.676,-1.7717
-1.3002,-0.4751,-2.3254,0.22984,-14.004,-1.8794
-1.3951,-0.56104,-2.426,-0.29209,-14.509,-1.7406
-1.456,-0.71492,-2.5309,-1.3886,-14.978,-0.7039
-1.4987,-0.89238,-2.6352,-2.9736,-16.259,0.052672
-1.5877,-0.95194,-2.6732,-3.5243,-18.498,1.64
-1.6026,-0.9999,-2.7404,-4.549,-19.613,3.7445
-1.5423,-1.0032,-2.7784,-6.8785,-19.613,4.3048
-1.4329,-1.0962,-2.687,-10.702,-19.613,4.6926
-1.3925,-1.3123,-2.2675,-14.492,-14.969,4.0749
-1.4115,-1.3695,-2.2799,-12.969,-11.15,5.9496
-1.4946,-1.6414,-2.8477,-4.6017,-7.9583,7.0964
-1.5759,-2.3405,-3.6636,9.8306,-11.286,7.8219
-1.3324,-2.0711,-2.8695,18.464,-16.788,3.3782
-1.178,0.45618,-0.78806,16.877,-16.968,4.4556
-0.40556,3.8476,-0.5168,-0.61531,-11.873,3.9433
-0.11325,3.2666,-0.3869,-11.171,-8.8801,4.786
0.028511,1.7352,0.31003,-17.399,-5.5761,5.6096
0.068214,0.2145,0.71585,-16.273,-3.4022,5.5186
0.10632,-0.86054,0.95021,-12.151,-2.3296,4.9249
0.16028,-1.4017,1.3359,-7.367,-2.7869,4.1013
0.32588,-1.487,1.7866,-3.1891,-4.2904,3.0789
0.54052,-1.2454,2.1051,0.51236,-5.4995,2.2721
0.76954,-0.90477,2.3265,2.9975,-6.2584,1.5514
0.98924,-0.40795,2.6324,4.1827,-6.6032,1.1229
1.2321,0.17427,3.0209,4.5442,-6.541,1.1995
1.4825,0.64937,3.2859,3.5027,-6.1938,1.2234
1.6477,0.88985,3.5418,1.6927,-6.1459,1.3168
1.7239,0.9125,3.7453,-0.29688,-6.4428,1.2881
1.8153,0.7794,3.973,-1.7166,-7.197,1.2019
1.9861,0.27779,4.3656,-1.482,-8.6574,0.29688
2.0566,0.13137,4.3656,-0.43096,-9.6917,-0.09098
2.1465,0.12697,4.3656,0.5363,-11.004,-0.38068
2.2311,0.20744,4.3656,1.0918,-12.043,-0.65362
2.2905,0.37864,4.3656,1.2785,-12.967,-0.72544
2.3387,0.54105,4.3656,0.9481,-14.222,-0.98162
2.3503,0.55544,4.3656,0.4549,-15.256,-0.80445
2.2303,0.45059,4.3656,0.31843,-16.475,-0.15562
2.2413,0.27126,4.3656,1.0606,-18.455,0.043096
2.2876,0.16867,4.3656,2.3966,-19.613,-0.31603
2.2636,0.16041,4.3656,4.0318,-19.613,-0.60094
2.2015,0.12404,4.3656,5.2074,-19.613,-0.65601
2.1827,-0.087666,4.3656,5.6264,-19.613,-0.22027
2.1374,-0.43473,4.3656,6.7852,-19.613,-0.35195
1.6859,-1.3624,3.1397,11.985,-19.613,-4.9799
1.3519,-1.8748,2.407,14.894,-18.826,-8.4874
0.79952,-2.2491,1.3967,19.153,-14.183,-13.367
0.23622,-2.0696,-0.13376,19.613,-11.047,-14.195
-0.20491,-1.0397,-1.2978,19.613,-8.8178,-12.886
-0.61606,0.48283,-1.9997,19.613,-9.1866,-9.232
-0.88759,1.711,-2.5057,19.613,-11.176,-7.3454
-1.0325,2.5166,-2.8499,19.613,-13.372,-6.5146
-0.73077,3.1407,-2.4535,12.73,-15.316,-4.1563
0.55264,4.3656,0.88252,-7.3861,-19.467,-8.5712
-0.3039,4.3656,-0.82843,-15.936,-9.0644,-5.5138
-0.20837,3.5829,-2.7924,-19.613,-19.407,0.17238
-0.9562,-2.3643,-3.2568,-19.613,-7.4771,-0.2083
-0.46178,-4.3657,-3.5158,-1.9369,-19.613,1.9489
0.38251,-4.0966,-2.4507,14.882,-17.461,2.7749
-0.34773,-1.3129,-2.0005,19.424,-5.7509,1.4269
-0.55877,0.26726,-2.5516,19.613,-10.422,-0.95768
-0.10592,1.878,-1.6633,16.173,-12.124,-1.1492
-0.10619,2.5195,-1.0182,5.8586,-7.7859,0.92656
-0.11258,1.8794,-0.99537,-2.9784,-8.418,3.146
-0.32149,0.77034,-1.2051,-8.7317,-8.7843,1.4916
-0.44899,-0.55411,-1.0834,-12.752,-10.922,2.1284
-0.61886,-1.5896,-1.1415,-10.087,-10.02,3.0071
-0.75915,-1.7122,-1.3495,-2.8371,-9.5409,2.0566
-0.6122,-1.0973,-1.2724,2.8683,-10.597,0.10534
-0.33774,-0.25247,-1.091,6.6487,-11.021,-1.7382
-0.18719,0.57662,-0.84615,8.1211,-10.108,-0.92416
-0.25141,1.1193,-0.76981,5.6886,-9.1842,1.3048
-0.32428,1.2003,-0.77807,0.11013,-8.9112,2.6504
-0.36692,0.88119,-0.87213,-4.7573,-8.9136,3.6368
-0.34187,0.28232,-0.94927,-6.8378,-8.7747,4.2689
-0.44326,-0.25021,-0.98245,-5.6934,-8.3486,4.7597
-0.48083,-0.55211,-1.032,-2.7964,-8.588,4.4317
-0.47937,-0.6154,-1.0112,-0.34237,-8.5904,3.4429
-0.48656,-0.50215,-1.0066,1.4365,-8.6694,1.9465
-0.44712,-0.25207,-1.03,2.5211,-9.3733,0.26576
-0.40636,0.059554,-1.0428,2.6384,-10.24,-0.16041
-0.40636,0.32495,-1.0693,2.2721,-10.302,-0.21069
-0.44193,0.45072,-1.1066,1.2115,-9.8569,0.32082
-0.44846,0.41368,-1.1506,-0.26815,-9.8761,0.52912
-0.4362,0.28285,-1.16,-1.0487,-10.001,0.95768
-0.42527,0.16134,-1.2145,-0.77093,-10.001,1.4461
-0.439,0.11138,-1.2552,0.059855,-9.5265,1.9273
-0.4847,0.097792,-1.3094,0.6608,-9.2943,2.0183
-0.48057,0.092596,-1.3579,0.76854,-9.924,1.8459
-0.51254,0.047031,-1.3869,0.83797,-10.149,1.8747
-0.56876,-0.047564,-1.4378,0.59855,-10.97,1.8459
-0.59501,-0.16201,-1.5005,0.050278,-11.566,1.4868
-0.63831,-0.26033,-1.5897,-0.04549,-12.055,1.0367
-0.68108,-0.39583,-1.6671,-0.29449,-12.184,0.16999
-0.61806,-0.46897,-1.75,-0.016759,-13.604,1.9728
-0.87493,-0.53732,-1.8442,-0.42377,-11.286,-0.10295
-0.99111,-0.46777,-2.0018,0.59376,-13.508,-2.66
-1.0757,-0.28232,-2.1345,1.5993,-13.853,-2.1835
-1.1475,-0.15788,-2.2852,0.87388,-13.704,-1.9225
-1.2432,-0.11551,-2.3912,-0.15083,-13.846,-2.2122
-1.3003,-0.13789,-2.5478,-0.79248,-14.712,-1.1827
-1.3534,-0.36972,-2.6753,-2.1045,-15.452,0.2873
-1.3963,-0.62419,-2.7773,-3.9193,-16.774,0.89064
-1.5043,-0.6495,-2.8136,-4.3215,-19.204,3.2322
-1.4814,-0.80632,-2.9264,-5.6767,-19.613,5.5115
-1.4148,-0.95833,-2.9727,-9.3709,-19.613,6.1148
-1.2537,-1.3086,-2.8623,-13.697,-19.613,5.8754
-1.1273,-1.6106,-2.6614,-16.247,-18.711,4.6328
-1.2304,-1.7499,-2.2559,-16.621,-13.977,2.885
-1.3536,-2.1028,-2.7027,-13.07,-9.1171,5.6168
-1.5346,-2.8885,-3.5385,-1.9201,-8.0038,7.6207
-1.3195,-3.4111,-3.7644,12.797,-13.709,4.2282
-1.166,-2.0872,-2.1625,19.613,-16.106,3.7709
-1.1223,0.89531,-0.49256,15.565,-14.131,2.4038
-0.80831,2.8198,-0.53626,6.3351,-13.051,2.7007
-0.44246,3.1764,-0.78113,-4.2162,-11.389,3.304
-0.11045,2.1551,-0.24088,-13.633,-9.1722,4.7405
0.085002,0.71532,0.2634,-15.275,-6.529,5.2529
0.20051,-0.31576,0.4807,-11.023,-4.5849,4.8123
0.30657,-0.80951,0.90451,-6.5769,-3.3375,4.2258
0.47564,-0.83989,1.4388,-3.2609,-3.4453,3.4907
0.69067,-0.59514,1.8498,-0.70629,-4.1587,2.6863
0.85774,-0.32708,2.1829,0.92177,-4.4245,1.8818
1.0821,-0.14749,2.4772,0.98402,-5.2864,1.8866
1.2328,0.080472,2.7943,1.2019,-5.4396,1.4365
1.4269,0.33001,3.126,0.9098,-5.2146,1.0534
1.5667,0.50268,3.3946,0.29209,-5.2648,0.62728
1.7034,0.54052,3.5885,-0.71587,-5.6862,0.27054
1.7576,0.47577,3.8312,-1.6544,-6.505,0.07422
1.8684,0.3039,4.1155,-1.9345,-7.3478,-0.081403
1.9478,0.11764,4.3063,-1.4581,-8.2408,-0.34955
2.0021,0.052227,4.3656,-0.64643,-8.9615,-0.69911
2.0522,0.087133,4.3656,0.047884,-9.5912,-0.93613
2.0995,0.18772,4.3656,0.32561,-10.393,-1.154
2.1461,0.26846,4.3656,0.35674,-11.42,-1.1181
2.191,0.30004,4.3656,0.14126,-12.878,-1.0798
2.2228,0.30603,4.3656,-0.47405,-14.712,-1.2713
2.1851,0.15068,4.3656,-0.84994,-16.369,-0.98881
2.0845,-0.078473,4.3656,-0.72784,-18.052,-0.53151
2.0594,-0.34853,4.3656,0.20111,-19.613,-0.15083
2.0697,-0.58435,4.3656,4.8961,-19.613,-1.3024
2.0105,-0.72504,4.3656,7.2401,-19.613,-1.4509
1.989,-0.78686,4.3656,9.0597,-19.613,-1.4868
1.94,-0.93608,4.1611,10.827,-19.281,-2.4086
1.6738,-1.0948,3.4872,11.847,-18.416,-4.4341
1.4261,-1.4015,2.6861,12.854,-18.347,-7.1491
0.99031,-1.8575,1.8338,14.995,-17.382,-9.8641
0.50681,-2.1272,0.72518,19.613,-13.58,-13.182
-0.032642,-1.765,-0.53306,19.613,-10.563,-13.762
-0.47124,-0.5276,-1.5078,19.613,-9.0046,-12.323
-0.84788,1.0002,-2.0639,19.613,-9.3015,-10.005
-0.97992,2.0817,-2.4866,19.613,-12.503,-7.3861
0.18253,3.1205,-1.8402,14.782,-19.613,8.7412
0.44433,4.3656,0.33574,-6.1699,-10.889,-10.97
-0.5705,4.3656,-1.8399,-19.613,-15.048,0.94571
-0.76981,1.7331,-2.6097,-19.613,-14.064,-3.6368
-1.2477,-2.928,-3.1965,-19.613,-10.649,-2.2817
-0.63711,-4.3657,-3.3785,-1.5251,-19.613,-0.75178
0.1355,-3.2654,-2.406,13.915,-16.355,2.2817
-0.6082,-1.2223,-2.0442,15.739,-3.735,1.9513
-0.73584,-0.28125,-2.4738,16.843,-8.5353,1.1779
-0.12497,0.85708,-1.7996,13.733,-12.579,1.8316
-0.176,1.4869,-1.1798,7.0653,-8.3079,0.54109
-0.33947,1.165,-1.0809,-0.37589,-8.6718,0.52194
-0.34107,0.58688,-1.1437,-4.7932,-10.81,0.19393
-0.3957,-0.16361,-1.1355,-7.0892,-12.359,0.21787
-0.52133,-0.91823,-1.0605,-6.4739,-11.684,1.0534
-0.65909,-1.2,-1.0842,-2.7533,-9.6007,1.7645
-0.74556,-0.93502,-1.2315,1.3743,-8.7939,1.6041
-0.63711,-0.29564,-1.1666,2.9137,-9.4619,0.75178
-0.37784,0.30297,-1.0068,3.4931,-10.661,-0.37828
-0.33601,0.8744,-0.81418,2.466,-9.0932,1.8747
-0.49122,0.57383,-0.89372,-3.395,-9.2608,3.6344
-0.5244,-0.32002,-0.95447,-4.4772,-8.0613,4.0941
-0.53972,-0.58635,-0.99071,-2.3511,-8.4659,3.6392
-0.52426,-0.54785,-1.005,-0.2897,-8.7891,3.2082
-0.53719,-0.37918,-1.0329,1.4222,-8.995,2.5594
-0.55611,-0.15335,-1.1246,2.0016,-9.1674,1.6376
-0.54225,0.081538,-1.1311,1.5826,-9.584,0.82121
-0.54185,0.26087,-1.1823,1.2881,-9.6558,0.52912
-0.55997,0.35879,-1.2356,0.90501,-9.7205,0.84515
-0.58688,0.35173,-1.307,0.098162,-9.7444,1.0127
-0.57329,0.34094,-1.3696,-0.68953,-9.8713,0.7829
-0.59661,0.22996,-1.4188,-0.58419,-9.7157,1.2067
-0.57796,0.15921,-1.4533,0.1652,-10.003,1.3647
-0.59674,0.12417,-1.4541,0.80206,-9.991,0.93853
-0.61913,0.0067948,-1.447,1.0199,-10.465,1.5131
-0.61886,-0.22849,-1.4346,0.45011,-11.341,1.1133
-0.64444,-0.45165,-1.4607,-0.36631,-12.179,1.1181
-0.67415,-0.64044,-1.5238,-0.89783,-12.433,0.87149
-0.65257,-0.80711,-1.5957,-0.80445,-13.309,2.32
-0.7894,-0.91343,-1.7143,-0.75178,-11.54,1.2019
-0.93368,-0.8207,-1.8349,1.0726,-11.988,-2.3511
-1.0684,-0.52387,-1.9457,2.7461,-12.883,-3.4117
-1.1469,-0.29764,-2.1165,2.3703,-13.92,-2.6791
-1.2284,-0.11791,-2.326,0.51236,-13.7,-2.5953
-1.3563,-0.068214,-2.4737,-0.45011,-13.922,-2.2075
-1.4317,-0.068348,-2.6152,-0.57461,-14.832,-0.94571
-1.4922,-0.23116,-2.7322,-1.7669,-15.897,1.1277
-1.523,-0.50681,-2.9074,-4.2784,-16.86,3.3902
-1.5487,-0.77621,-3.0005,-6.7373,-18.287,3.7852
-1.5697,-0.9161,-2.9616,-6.7493,-19.613,5.6982
-1.5054,-0.92729,-2.8513,-8.2169,-19.613,5.5952
-1.4168,-1.0408,-2.749,-12.598,-19.613,5.6695
-1.3487,-1.2942,-2.5676,-16.415,-18.186,5.1667
-1.4402,-1.6886,-2.7813,-16.826,-12.215,5.2457
-1.525,-2.0897,-3.0531,-11.839,-7.7165,6.5529
-1.655,-2.5223,-3.421,1.4676,-6.7014,6.9025
-1.4949,-3.2235,-3.3544,12.239,-12.742,4.0558
-1.2216,-1.6968,-1.7461,18.024,-16.439,2.0111
-0.96579,1.0631,-0.46857,14.557,-16.216,2.5379
-0.66176,2.9338,-0.49375,6.7205,-13.673,2.5666
-0.47643,3.4872,-0.56077,-2.3439,-10.178,2.545
-0.26207,2.7664,-0.056623,-10.953,-7.367,3.4692
0.019985,1.6948,0.54238,-13.367,-6.2058,4.1252
0.21317,0.75715,0.91037,-11.55,-4.5083,4.2353
0.33721,0.097792,1.2049,-7.604,-3.4596,4.5322
0.49602,-0.25674,1.6086,-3.2633,-3.5434,4.2138
0.71212,-0.24714,2.0555,0.27533,-4.0606,3.6057
0.92383,0.054225,2.5518,2.5714,-4.7046,2.8491
1.1886,0.36519,2.8899,2.6887,-4.7597,2.885
1.4174,0.60833,3.2026,2.1356,-5.2385,2.6671
1.6065,0.71972,3.4897,0.85952,-5.6719,2.7629
1.7453,0.69174,3.7205,-0.48842,-5.8945,2.5211
1.8922,0.51267,3.9776,-1.7645,-6.3494,1.9944
1.9584,0.24315,4.162,-2.885,-7.0174,1.0582
1.9906,-0.053292,4.3656,-3.5865,-7.9248,0.28491
1.9938,-0.38451,4.3656,-3.6775,-9.2057,-0.70868
2.0157,-0.68801,4.3656,-3.0191,-10.501,-1.336
2.0599,-0.91143,4.3656,-1.7071,-11.894,-1.9441
2.1358,-0.98684,4.3656,-0.36392,-13.235,-2.478
2.1862,-0.85761,4.3656,0.59137,-14.322,-2.8036
2.3109,-0.76461,4.3656,0.84276,-15.596,-2.8323
2.3685,-0.68667,4.3656,0.67756,-16.668,-2.9257
2.3056,-0.71079,4.3656,0.02873,-17.382,-2.6743
2.2465,-0.83549,4.3656,-0.076614,-18.325,-2.5857
2.1922,-0.97419,4.3656,1.6352,-19.613,-2.7605
2.233,-0.90957,4.3656,4.8052,-19.613,-3.1627
2.2468,-0.67815,4.3656,8.0756,-19.613,-3.462
2.2471,-0.34454,4.3656,10.137,-19.613,-3.2896
2.1621,-0.29937,4.3656,10.262,-18.955,-2.9688
1.9696,-0.62499,4.0418,9.0166,-19.02,-4.0582
1.6626,-1.2434,3.3376,8.4156,-19.022,-6.4955
1.2421,-1.8107,2.4716,10.934,-18.627,-9.1842
0.78966,-2.1589,1.5314,16.853,-16.776,-11.88
0.22503,-2.0875,0.29471,19.613,-11.902,-13.798
-0.33894,-1.4317,-0.89984,19.613,-9.5289,-12.771
-0.77647,-0.047164,-1.6647,19.613,-8.8633,-10.503
-1.1009,1.1474,-2.2427,19.613,-10.374,-8.4659
-1.1064,1.8619,-2.6368,19.482,-14.734,-5.7772
0.81404,3.2488,-1.1349,10.137,-19.613,14.559
0.16987,4.3656,0.27139,-13.41,-7.6902,-5.7844
-0.613,4.3656,-1.9568,-19.613,-14.454,0.9505
-0.87719,0.27699,-2.6556,-19.613,-8.9878,-3.2585
-0.80232,-4.3657,-3.0706,4.4748,-17.64,-3.6559
-0.18639,-2.9064,-2.029,18.72,-16.216,0.85234
-0.4795,-0.23649,-1.683,19.321,-5.4803,-0.0047884
-0.38464,0.98378,-2.0602,15.423,-10.017,2.806
0.046764,1.5342,-1.6018,10.489,-12.27,3.2896
-0.074343,1.7512,-1.1076,4.9536,-8.5784,2.3032
-0.33508,1.4382,-1.0063,-2.2075,-8.2121,2.0351
-0.40662,-0.41382,-1.119,-8.3366,-11.533,1.3551
-0.56197,-1.0645,-1.0768,-5.8754,-9.8904,1.4629
-0.69094,-1.1723,-1.1449,-1.403,-9.0716,1.6688
-0.67642,-0.82603,-1.1981,1.7526,-9.5098,1.2929
-0.64657,-0.43114,-1.1586,2.6073,-9.5792,0.69911
-0.48763,-0.017853,-1.0124,2.478,-10.183,-0.067038
-0.36665,0.26313,-0.91183,1.9321,-10.649,-0.067038
-0.38024,0.38371,-0.8696,1.324,-10.24,1.1133
-0.4775,0.43247,-0.87773,0.033519,-9.3781,2.1907
-0.5192,0.39063,-0.9542,-1.6352,-9.1171,2.6743
-0.4735,0.25421,-1.0019,-2.5043,-9.0549,2.9209
-0.46817,-0.015855,-1.001,-2.6288,-8.3534,3.723
-0.50415,-0.2666,-1.014,-2.083,-8.2504,3.6966
-0.50868,-0.35573,-1.0427,-1.2043,-8.8394,3.5793
-0.50774,-0.32948,-1.0649,-0.30646,-9.086,3.4644
-0.51294,-0.2574,-1.097,0.69911,-9.1243,2.6432
-0.53666,-0.09979,-1.1462,1.6233,-9.2416,1.7047
-0.52067,0.15308,-1.1612,1.7382,-9.7683,1.0391
-0.54532,0.30283,-1.2529,1.1468,-9.5074,1.2091
-0.55704,0.35493,-1.3379,0.28012,-9.5026,1.3886
-0.5665,0.24235,-1.4129,-0.77572,-9.7851,1.5347
-0.55224,0.14496,-1.4827,-0.89064,-9.9671,1.063
-0.57596,0.06475,-1.531,0.088585,-10.108,1.1277
-0.56903,0.077674,-1.5496,1.1349,-10.362,1.6352
-0.59488,0.069413,-1.5599,1.2282,-10.47,1.5203
-0.59528,-0.062619,-1.5724,0.8691,-11.179,2.1596
-0.62619,-0.26646,-1.5996,0.043096,-11.815,1.9968
-0.59181,-0.53812,-1.6349,-0.46926,-13.103,2.4038
-0.67681,-0.787,-1.6958,-1.4246,-12.163,2.8419
-0.81471,-0.97565,-1.8022,-0.64404,-10.898,-0.50518
-0.91623,-0.8752,-1.9016,0.96486,-12.076,-2.5833
-0.98977,-0.59754,-2.0167,2.9521,-12.847,-2.7916
-1.1635,-0.23036,-2.3168,1.0965,-13.51,-2.9951
-1.2777,-0.20851,-2.4376,0.30885,-14.365,-2.4517
-1.3471,-0.2991,-2.5572,-0.61531,-15.043,-0.81403
-1.3849,-0.51014,-2.6895,-2.3846,-15.799,1.1492
-1.3996,-0.84162,-2.7999,-4.7309,-16.783,3.1723
-1.4501,-1.0424,-2.896,-6.1914,-18.117,3.4548
-1.4445,-1.2315,-2.9288,-6.3494,-19.613,5.5258
-1.4312,-1.3983,-2.923,-8.011,-19.613,5.9137
-1.3133,-1.5354,-2.8145,-12.531,-19.613,5.6288
-1.2745,-1.8447,-2.6889,-15.512,-19.12,5.3846
-1.3029,-2.2336,-2.4606,-16.709,-13.343,4.2042
-1.3368,-2.5151,-2.2849,-13.135,-8.2241,4.4293
-1.5679,-3.2359,-2.5668,-4.7262,-5.5785,5.0877
-1.1225,-4.1556,-3.438,7.7093,-14.77,4.6352
-0.8656,-3.1898,-2.7735,14.978,-14.55,2.7821
-0.94248,-0.80458,-1.7465,18.498,-14.906,3.0765
-0.92316,1.3546,-0.97245,14.107,-14.554,3.1771
-0.55704,2.4545,-0.49469,6.5194,-12.189,2.6839
-0.17267,2.9703,0.01772,-0.30167,-8.43,2.3463
0.11564,2.7614,0.54065,-6.5314,-5.6814,3.0957
0.40742,1.7665,0.92729,-11.724,-4.1827,4.2258
0.57583,0.4795,1.2942,-14.078,-2.4086,4.6735
0.61619,-0.71106,1.5904,-14.054,-1.1181,4.2306
0.63871,-1.6261,1.9284,-11.439,-1.4748,3.1244
0.74969,-2.321,2.2242,-7.525,-3.0718,1.4964
1.0035,-2.6269,2.4492,-2.806,-5.3582,0.19632
1.3913,-2.4363,2.6971,1.4485,-7.1228,-0.75178
1.7573,-1.7102,3.1275,4.3096,-7.2496,-0.9481
2.064,-0.72225,3.4651,5.4995,-6.6702,-1.6688
2.266,0.14402,3.6804,4.8171,-6.7205,-1.7526
2.413,0.67602,3.873,2.3559,-7.082,-1.6328
2.4882,0.84842,4.0609,-0.38547,-7.6447,-1.5251
2.5275,0.81298,4.3151,-2.411,-8.497,-1.3982
2.5555,0.64684,4.3656,-3.1603,-9.4284,-1.6592
2.579,0.48669,4.3656,-2.6121,-10.573,-2.1284
2.5806,0.47537,4.3656,-1.4413,-11.76,-2.8778
2.5468,0.5641,4.3656,-0.59137,-13.214,-3.5554
2.4706,0.61526,4.3656,-0.48842,-14.466,-4.1132
2.3048,0.45072,4.3656,-1.1827,-15.601,-4.3287
2.1064,0.24421,4.3656,-1.6113,-16.192,-3.8762
1.9145,-0.28711,4.3656,0.076614,-19.561,-4.5274
1.8394,0.050628,4.3656,6.845,-19.613,-3.4836
1.8311,0.21623,4.3656,8.7963,-19.613,-1.4461
1.8273,0.13776,4.3656,9.4547,-18.629,0.40701
1.8238,-0.095926,4.1904,10.015,-17.657,0.67756
1.6799,-0.4735,3.4291,10.223,-17.746,-1.3575
1.3226,-0.97672,2.7026,10.53,-17.985,-5.2194
0.86853,-1.5066,1.9636,12.859,-16.961,-9.4858
0.3536,-1.7724,1.0384,18.411,-12.773,-12.335
-0.046764,-1.5436,-0.2173,19.613,-10.285,-11.054
-0.50428,-0.54745,-1.2895,19.613,-8.6359,-8.7053
-0.84202,0.60554,-1.9045,19.613,-9.1913,-6.7014
-1.0384,1.4076,-2.3671,19.613,-11.444,-5.3103
-1.0115,1.8596,-2.7109,16.522,-14.514,-3.7733
-0.79019,2.3987,-2.4904,9.991,-15.543,-1.8316
0.85361,4.3315,0.14496,-4.8626,-19.613,3.9049
0.027979,4.3656,-0.12071,-19.613,-6.0717,-0.59137
-0.19905,3.6356,-2.2515,-19.613,-13.429,2.7557
-0.76741,-1.3663,-2.578,-19.613,-3.8834,-0.70868
-1.1999,-4.3657,-3.1566,-9.6247,-10.393,-2.8108
-0.22023,-4.3657,-2.8472,11.205,-19.613,1.901
0.27779,-2.5572,-1.6517,18.804,-14.983,2.5163
-0.41515,-0.080205,-2.2649,19.613,-8.3031,1.8004
-0.43433,0.76834,-2.493,18.562,-12.048,0.69432
-0.18812,2.0019,-1.3843,11.897,-9.5553,1.1923
-0.3524,2.1361,-1.0537,1.585,-6.6224,1.743
-0.42421,1.359,-1.4144,-5.5474,-9.0453,1.5562
-0.55477,0.053959,-1.5195,-10.343,-10.764,1.2306
-0.69973,-1.058,-1.3347,-11.626,-10.731,2.8611
-0.82443,-1.3711,-1.5003,-5.6288,-9.268,2.7318
-0.63285,-0.86161,-1.4699,1.5706,-10.336,0.35434
-0.45219,-0.24981,-1.2101,6.3015,-10.058,-0.79248
-0.47057,0.4807,-0.98658,8.5353,-9.0333,-0.055067
-0.47923,1.0409,-0.84908,5.7078,-9.6271,0.83318
-0.45605,1.1286,-0.79912,0.43335,-9.8641,1.2713
-0.46391,0.78353,-0.79712,-3.9049,-9.7133,1.6903
-0.46285,0.20704,-0.77727,-5.0613,-9.8976,2.1955
-0.47324,-0.14202,-0.76248,-3.632,-9.7444,2.2242
-0.46711,-0.29377,-0.75702,-1.0534,-9.6965,1.8962
-0.45658,-0.28511,-0.73357,0.40701,-9.2871,1.64
-0.44539,-0.26899,-0.71545,0.85712,-9.1339,1.3934
-0.4374,-0.17267,-0.73304,0.63925,-9.1937,1.482
-0.43687,-0.10579,-0.73464,0.22984,-8.904,1.1732
-0.4322,-0.057689,-0.77034,0.17478,-9.4786,0.9912
-0.43247,-0.0078606,-0.82217,0.36152,-9.7085,0.81642
-0.46005,0.059688,-0.88186,0.39983,-9.5193,0.77572
-0.47151,0.10738,-0.95007,0.27054,-9.7851,0.73023
-0.49375,0.097792,-1.0114,0.29449,-9.6271,0.79727
-0.53386,0.073144,-1.0621,0.38307,-9.2991,1.1109
-0.57369,0.12777,-1.1887,0.49081,-9.5098,1.4365
-0.58036,0.057822,-1.2416,0.38786,-9.833,1.3695
-0.66096,-0.016654,-1.2885,0.60334,-10.218,1.233
-0.6912,-0.049029,-1.3584,0.32322,-10.602,0.91219
-0.73011,-0.084069,-1.4505,0.30167,-10.812,1.0654
-0.76195,-0.13456,-1.5591,0.014365,-11.207,0.97205
-0.76848,-0.21717,-1.605,-0.4118,-12.388,2.8994
-0.94608,-0.33561,-1.7949,-0.70629,-10.436,1.2115
-1.0569,-0.31549,-1.8904,0.46448,-11.217,-0.96726
-1.1778,-0.18,-2.0099,1.9249,-12.196,-2.4373
-1.2598,-0.019185,-2.1269,2.1213,-13.443,-3.4764
-1.3194,0.04783,-2.2444,0.79009,-14.55,-3.134
-1.415,-0.0077274,-2.3755,-0.58897,-14.605,-2.6791
-1.5708,-0.35773,-2.6485,-1.9609,-15.031,-1.7837
-1.8563,-0.51387,-2.8509,-3.5913,-17.901,-0.15323
-1.8925,-0.59061,-2.8918,-4.0821,-19.613,2.0949
-1.9021,-0.54798,-2.9274,-5.8754,-19.613,2.3798
-1.9156,-0.68348,-2.837,-10.683,-19.613,3.1771
-1.9466,-1.0075,-2.6284,-15.541,-19.321,2.1668
-2.0891,-1.4586,-2.1885,-18.775,-17.016,3.1316
-1.9188,-1.3905,-1.8459,-16.362,-14.753,5.2218
-1.8193,-0.7878,-2.4164,-3.8355,-9.2703,8.8083
-1.9632,-1.6759,-3.6419,11.025,-9.5241,7.4651
-1.7914,-1.2288,-3.2518,19.613,-15.122,2.5019
-1.6907,2.102,-0.72451,19.613,-14.813,1.8411
-1.2653,4.3656,0.38411,12.175,-14.31,2.0135
-0.72078,4.3656,0.0033308,1.6113,-12.024,3.3423
-0.41302,4.3656,0.022649,-12.225,-8.8609,4.8147
-0.39396,3.2668,0.59701,-19.613,-4.2928,5.9089
-0.46098,1.3271,0.94274,-19.613,-2.8395,6.3398
-0.51627,-0.20904,1.0762,-14.415,-1.798,5.4253
-0.59181,-1.1111,1.4458,-8.6048,-2.0039,4.3479
-0.51121,-1.3117,2.0101,-3.6344,-3.7038,3.0311
-0.25047,-1.0973,2.4147,0.34237,-5.1858,2.4253
0.020784,-0.68827,2.7572,3.1987,-6.5984,2.1955
0.53399,0.57463,3.4288,5.1116,-6.0956,1.7382
0.72984,1.2574,3.7754,4.7022,-5.5474,1.6472
1.0301,2.1106,4.2595,2.1739,-6.2345,1.7478
1.1193,2.2424,4.3656,0.81163,-6.7516,1.9656
1.1851,2.213,4.3656,-0.026336,-7.9057,2.0159
1.2565,2.1189,4.3656,-0.10056,-8.8825,2.2362
1.4386,2.1406,4.3656,0.46687,-10.877,2.2098
1.5418,2.2616,4.3656,0.71108,-12.4,2.2003
1.6379,2.4429,4.3656,1.2689,-14.071,1.7885
1.707,2.4686,4.3656,1.1349,-15.416,1.6448
1.6284,2.3527,4.3656,0.36631,-16.352,2.3607
1.4947,2.1822,4.3656,0.94571,-17.913,3.0311
1.541,1.9311,4.3656,1.9752,-19.613,2.6097
1.6615,1.7948,4.3656,4.2018,-19.613,2.6767
1.716,1.8177,4.3656,7.0318,-19.613,3.474
1.8253,1.8218,4.3656,9.0836,-19.613,5.3079
1.9774,1.73,4.3656,10.537,-18.663,7.2496
1.9433,1.3919,4.0434,9.8306,-16.264,5.5713
1.5852,0.5248,3.6777,5.4253,-14.698,2.727
1.3173,-0.77994,3.1094,2.3966,-16.015,-0.59855
1.0485,-1.9656,2.2929,4.9799,-16.771,-3.8355
0.86227,-2.5921,1.3796,12.486,-14.976,-6.0406
0.53239,-2.6428,0.37931,19.613,-10.903,-7.6591
0.063418,-1.9295,-0.59608,19.613,-8.3175,-8.4013
-0.3067,-0.44193,-1.3221,19.613,-8.5018,-7.4196
-0.41528,1.0369,-1.8194,19.613,-10.743,-5.5617
-0.40249,1.9409,-2.2492,19.613,-13.029,-4.0223
-0.34733,2.3946,-2.1894,13.003,-13.635,-3.6296
-0.10459,3.3366,-0.75942,-0.38786,-14.653,-6.5218
-0.53119,4.3656,-1.5174,-12.23,-17.925,-9.019
0.0015988,2.5991,-2.7955,-19.613,-19.613,-1.8747
-0.20677,-0.55304,-2.2431,-19.613,-11.741,-2.5738
-0.15521,-2.5722,-3.0005,-6.8211,-17.521,7.3095
0.094994,-3.2897,-3.166,6.8738,-13.151,2.6743
-0.18959,-2.5419,-2.5696,12.859,-9.5193,1.8747
-0.064617,-0.5284,-2.2823,17.564,-10.415,-1.3862
0.19918,1.2749,-1.9742,16.819,-10.628,-1.5467
0.27206,2.4124,-1.4806,11.279,-9.1291,-1.81
0.29524,2.6645,-1.171,3.1412,-8.3414,-0.35674
0.2578,2.0219,-1.1028,-3.3758,-8.8298,0.47645
0.14083,0.99151,-1.0048,-8.0876,-10.065,0.84036
-0.046631,-0.1319,-1.011,-10.448,-11.169,1.8962
-0.39623,-1.0793,-1.2141,-9.0405,-9.6079,2.6528
-0.57409,-1.3346,-1.3282,-4.3862,-8.5234,2.6288
-0.41928,-0.98604,-1.2577,0.67277,-9.4619,0.79487
-0.24395,-0.45285,-1.038,4.6256,-9.6869,-0.33998
-0.19865,0.20371,-0.85788,6.5146,-9.1698,-0.35674
-0.19492,0.62645,-0.76088,4.9608,-9.4763,0.5794
-0.1744,0.80818,-0.76222,1.1229,-9.9335,1.3072
-0.1335,0.66949,-0.7842,-2.1811,-10.139,1.6376
-0.14123,0.39743,-0.79832,-3.5338,-9.584,1.6305
-0.18359,0.10858,-0.7862,-2.8108,-9.1602,1.1971
-0.20877,0.0031975,-0.85388,-1.4078,-9.2177,0.59137
-0.20677,-0.072611,-0.83216,-0.72784,-9.3709,0.83797
-0.21424,-0.074609,-0.84535,-0.19872,-9.3111,1.087
-0.20584,-0.0058622,-0.90251,0.20351,-9.3278,1.233
-0.2221,0.063685,-0.93608,0.44053,-9.2153,1.1779
-0.24475,0.14003,-0.95593,0.85952,-9.4188,0.70868
-0.3067,0.32522,-1.0397,1.2115,-9.2225,0.80685
-0.2999,0.46604,-1.0973,0.85712,-9.2416,0.98641
-0.32695,0.48829,-1.1507,0.39504,-9.4188,1.4461
-0.36399,0.44246,-1.1996,-0.2466,-9.4523,1.4437
-0.3893,0.28072,-1.2489,-0.57221,-9.2033,0.63446
-0.44193,0.17107,-1.3029,-0.249,-9.6606,0.9481
-0.43513,0.1283,-1.353,0.47884,-9.8928,0.90501
-0.4747,0.10619,-1.3688,0.90261,-10.372,0.71108
-0.48163,0.11018,-1.4614,0.95768,-10.453,0.74939
-0.55198,0.085401,-1.5491,0.58419,-10.582,1.0343
-0.55664,0.032908,-1.6105,0.30406,-11.1,1.1971
-0.62246,-0.11791,-1.7032,-0.04549,-11.392,1.1205
-0.69147,-0.26287,-1.8014,-0.21787,-12.036,0.67756
-0.6567,-0.42954,-1.8683,-0.15323,-13.724,1.834
-0.7894,-0.62659,-1.967,-0.60573,-11.851,1.1684
-0.93542,-0.73863,-2.0527,0.23224,-12.107,-1.5826
-1.0118,-0.66296,-2.1406,1.5874,-13.25,-2.2553
-1.075,-0.52133,-2.2595,2.4828,-13.144,-1.6137
-1.1575,-0.40183,-2.3577,1.9872,-13.35,-1.7693
-1.2068,-0.35546,-2.4948,0.98641,-14.368,-1.0367
-1.2335,-0.39143,-2.6889,-0.016759,-15.253,0.55785
-1.2542,-0.42701,-2.8242,-1.2785,-16.685,0.84755
-1.3015,-0.46538,-2.9043,-1.8124,-19.149,2.4301
-1.3106,-1.0913,-2.9783,-8.6335,-19.613,3.7469
-1.3069,-1.6768,-2.869,-13.173,-19.613,4.2306
-1.325,-2.3918,-2.5379,-16.032,-19.417,3.3974
-1.4168,-2.9008,-2.1256,-16.06,-15.754,3.6033
-1.4747,-3.2219,-2.212,-13.352,-10.506,5.3965
-1.4413,-3.109,-2.6044,-4.2401,-6.1435,6.2752
-1.5263,-3.0257,-3.0258,8.7987,-5.1475,4.2042
-1.2429,-2.9974,-2.5896,18.182,-11.926,-0.11492
-0.70253,-0.1367,-0.8303,19.613,-15.768,-0.98402
-0.17094,3.0061,-0.18719,17.952,-14.552,-0.031125
0.22889,4.3656,-0.46551,8.0804,-11.377,0.36631
0.46085,4.3656,-0.14003,-3.2202,-8.3462,1.8723
0.70573,3.596,0.27939,-10.803,-6.4045,4.1252
0.94274,2.2878,0.55424,-12.933,-4.5777,5.0518
1.1239,1.1262,0.98898,-11.971,-2.4181,5.1404
1.2508,0.23102,1.4558,-9.0501,-1.3048,4.8937
1.3454,-0.31562,1.9029,-5.4779,-1.6592,3.5386
1.4593,-0.61553,2.2231,-2.6217,-2.624,2.5426
1.5817,-0.81937,2.5266,-1.1157,-3.9002,1.3168
1.771,-0.82084,2.8514,-0.53391,-5.3175,-0.0095768
1.8908,-0.70213,3.1027,-0.56982,-5.8778,-1.2713
2.0097,-0.53186,3.2758,-0.68953,-6.6559,-2.3176
2.1023,-0.40569,3.4773,-1.166,-7.4699,-3.0957
2.128,-0.34933,3.648,-1.561,-7.932,-3.4572
2.1225,-0.38637,3.8204,-2.217,-8.3749,-3.9313
2.0847,-0.48829,4.0854,-2.5259,-8.679,-4.3503
2.047,-0.55064,4.3247,-2.2098,-9.074,-4.719
1.9927,-0.56517,4.3656,-1.4198,-9.9024,-4.7884
1.9658,-0.55491,4.3656,-0.69432,-10.968,-4.7309
1.9558,-0.46578,4.3656,0.031125,-12.045,-4.6519
1.9654,-0.36279,4.3656,0.23463,-13.295,-4.2401
1.9548,-0.2546,4.3656,0.30406,-14.269,-3.9552
1.9445,-0.15295,4.3656,0.067038,-15.656,-3.5314
1.9406,-0.10658,4.3656,0.21308,-17.018,-3.6679
1.7784,-0.23502,4.3656,1.1085,-18.215,-3.8116
1.6603,-0.39716,4.3656,1.6903,-19.075,-3.5362
1.4726,-0.5605,4.3656,1.9848,-19.613,-3.3567
1.274,-0.81911,4.3656,1.8579,-19.613,-3.0119
1.0472,-1.2339,4.3656,2.0135,-19.613,-2.229
0.79899,-1.7277,4.3655,3.553,-19.127,-1.3575
0.84389,-2.2383,3.6988,6.8809,-19.613,1.0654
0.92462,-2.9936,2.8963,9.414,-18.076,0.47166
0.66696,-3.7936,2.0003,11.049,-13.499,-2.9018
-0.21957,-4.0286,0.16787,16.328,-10.202,-12.076
-0.53759,-3.078,-0.76208,19.613,-11.064,-12.385
-0.75769,-1.7738,-1.3444,19.613,-10.348,-10.865
-0.97139,-0.33721,-1.7401,19.613,-10.76,-8.0397
-1.0547,0.98325,-1.9721,19.613,-12.098,-6.5841
-0.88852,1.947,-1.9628,12.809,-13.762,-3.6799
0.26593,3.7298,-0.66762,2.7557,-19.613,3.7661
-0.41328,4.3656,-1.1858,-7.3119,-10.479,-2.4181
-0.48563,3.8091,-2.1449,-19.613,-17.885,0.85952
-0.62472,1.0656,-1.9534,-19.613,-9.9264,-3.8259
-0.45672,-0.82896,-2.475,-10.501,-16.166,2.7414
0.096593,-2.0051,-2.7813,4.2904,-16.987,5.0542
-0.35906,-1.8163,-2.2076,10.003,-8.0589,3.9289
-0.55877,-0.51121,-1.9694,13.039,-8.4731,2.5786
-0.45725,0.83216,-1.8718,12.316,-9.086,1.221
-0.31349,1.2942,-1.4099,6.0047,-8.5641,1.5586
-0.40116,0.62445,-1.1891,-1.5131,-7.5226,1.7645
-0.59714,0.03917,-1.2324,-4.7046,-9.4427,0.3735
-0.6984,-0.60687,-1.3716,-6.6056,-12.215,0.45011
-0.7361,-1.3167,-1.2486,-6.9288,-12.093,1.0463
-0.61793,-1.169,-1.3027,-1.9106,-11.483,-0.58658
-0.39636,-0.46511,-1.3276,4.1683,-11.279,-2.241
-0.30004,0.37824,-1.0609,7.6926,-10.025,-1.2306
-0.34987,1.0822,-0.9117,7.9799,-8.9902,0.96247
-0.40103,1.4101,-0.82883,3.9073,-8.928,2.5953
-0.44339,1.2028,-0.79326,-1.8387,-8.7771,3.5721
-0.47643,0.67575,-0.82443,-5.5282,-8.8346,3.9911
-0.48549,0.003464,-0.84802,-6.3039,-8.9783,4.2114
-0.47803,-0.40302,-0.83176,-3.8283,-9.244,3.5362
-0.49722,-0.48136,-0.80898,-0.3735,-9.6462,2.1093
-0.44619,-0.37971,-0.80672,1.7286,-9.4523,1.1995
-0.40702,-0.20984,-0.81498,2.3248,-9.335,0.80924
-0.39117,-0.012257,-0.81524,2.0806,-9.5984,0.70629
-0.39317,0.15362,-0.8243,1.5562,-9.8234,0.9505
-0.42008,0.2233,-0.84695,0.83318,-9.4188,1.3264
-0.4374,0.2153,-0.85428,0.033519,-9.3996,1.5562
-0.44832,0.14575,-0.92542,-0.36392,-9.6582,1.8531
-0.4795,0.096459,-0.96419,-0.29209,-9.4954,2.1835
-0.51481,0.065816,-1.0096,-0.17957,-9.3254,2.2098
-0.52826,-0.044766,-1.0477,0.043096,-9.4547,2.1715
-0.55184,-0.086467,-1.1422,0.94092,-9.7348,1.3958
-0.55171,-0.022783,-1.1624,1.4413,-9.9144,1.0008
-0.57503,0.031309,-1.1723,1.7909,-10.015,1.1229
-0.58115,-0.010259,-1.183,1.4341,-10.388,1.3168
-0.58875,-0.13536,-1.1858,0.83558,-10.587,1.0942
-0.57996,-0.25407,-1.2141,0.50757,-10.772,1.0558
-0.60127,-0.33028,-1.2343,0.54109,-11.088,0.90022
-0.58595,-0.42834,-1.2681,0.81403,-11.937,2.5019
-0.67961,-0.59714,-1.3221,0.10056,-10.357,2.8036
-0.79686,-0.6539,-1.4067,0.19632,-9.9623,0.30406
-0.87013,-0.59301,-1.4909,1.6759,-10.247,-1.1803
-0.95274,-0.42661,-1.6196,2.5043,-11.466,-1.5203
-1.0503,-0.2554,-1.7607,2.229,-11.708,-1.7071
-1.1338,-0.15695,-1.9056,1.4341,-11.93,-1.8459
-1.1983,-0.069547,-2.0587,1.1037,-12.428,-1.8603
-1.2437,-0.045032,-2.1814,1.2617,-13.403,-1.6688
-1.3111,-0.036239,-2.315,0.80924,-13.908,-0.18675
-1.3705,-0.27685,-2.4758,-1.5993,-15.766,0.73023
-1.4258,-0.43247,-2.5109,-1.2977,-18.253,2.8395
-1.3961,-0.64364,-2.5598,-2.8108,-18.699,3.2202
-1.3292,-0.99044,-2.6289,-6.2321,-18.342,3.7589
-1.2087,-1.4634,-2.6577,-8.3294,-17.688,3.8451
-1.1903,-1.8578,-2.5599,-9.8354,-16.417,3.4333
-1.1863,-2.0925,-2.2992,-10.922,-15.888,2.6695
-1.2227,-2.482,-2.0019,-12.304,-14.542,3.1292
-1.2023,-2.907,-1.8952,-11.571,-11.423,4.8507
-1.3899,-3.3272,-2.3984,-4.8554,-5.4971,4.9105
-1.3864,-4.0354,-3.2122,8.1714,-9.4188,3.3758
-1.0692,-3.533,-2.6688,16.917,-12.775,1.1995
-0.86374,-1.2851,-0.96499,19.599,-13.101,1.0702
-0.60101,0.78487,-0.096326,12.684,-12.012,1.9848
-0.259,1.9568,-0.19492,4.7884,-9.6438,2.3679
-0.13296,1.871,-0.17267,-3.9121,-6.6391,2.7461
0.015988,0.77541,0.18919,-10.867,-5.0661,3.2968
0.16427,-0.4843,0.51854,-12.893,-4.8459,3.0215
0.31549,-1.5108,0.66362,-9.5744,-4.367,2.0901
0.52706,-2.0352,0.9077,-4.4245,-4.4293,1.075
0.68534,-1.964,1.2939,0.47884,-4.5514,-0.050278
0.97818,-1.3951,1.6173,4.6328,-5.3199,-0.64165
1.2502,-0.47977,1.8871,7.1156,-5.6072,-0.68714
1.4873,0.45805,2.1456,7.7093,-5.4037,-0.60334
1.6618,1.2392,2.3872,6.7062,-5.2648,-0.2083
1.8567,1.7637,2.6015,4.3263,-5.4731,-0.0095768
1.9939,1.9534,2.8869,1.8914,-5.6336,-0.43335
2.0768,1.9261,3.1596,-0.68235,-5.8682,-0.46448
2.1284,1.7185,3.4374,-2.6264,-6.1316,-0.62249
2.1384,1.3909,3.6641,-3.7254,-6.5601,-0.72065
2.1084,0.90957,3.8223,-4.0294,-7.1658,-1.0463
2.0579,0.4771,4.0332,-3.3112,-8.2432,-1.4461
2.0209,0.23768,4.1783,-1.8052,-9.3661,-2.0997
1.993,0.17547,4.3114,-0.44053,-10.367,-2.818
1.9693,0.20038,4.3656,0.1221,-11.638,-3.1963
1.947,0.16587,4.3656,-0.28252,-12.78,-3.1412
1.9208,0.014922,4.3656,-0.66319,-14.03,-2.7174
1.8578,-0.094194,4.3656,-0.49081,-14.995,-2.1213
1.7949,-0.15628,4.3656,0.16041,-15.73,-1.8723
1.8234,-0.23262,4.3656,1.5467,-17.602,-1.9848
1.9207,-0.24674,4.3656,3.5195,-18.912,-1.9441
1.9742,-0.19838,4.3656,5.3079,-19.168,-1.7119
1.9998,-0.12364,4.3656,7.1682,-19.276,-1.0367
2.0246,-0.03957,4.1888,9.1171,-18.174,-1.2905
1.978,0.045432,3.8185,10.477,-16.532,-2.229
1.7676,0.047697,3.3638,10.53,-15.495,-3.972
1.4666,-0.15908,2.802,9.9335,-15.203,-5.9999
1.2255,-0.42048,2.1655,11.451,-15.253,-7.5417
0.93049,-0.47337,1.504,14.894,-14.327,-8.4324
-0.51361,1.6517,-1.7176,12.498,-10.834,-4.9225
0.22623,4.0372,0.048629,-10.144,-16.146,-2.4541
-0.20731,4.0942,-1.1759,-19.613,-14.358,4.0151
-0.21557,0.63298,-1.4011,-19.613,-12.273,4.2928
-0.6038,-2.4075,-1.7412,-19.613,-6.8043,5.0542
-0.62605,-2.6104,-1.9372,19.613,-12.184,-2.047
-0.66056,0.29178,-1.4782,19.178,-9.6869,-3.4141
-0.0057289,2.0941,-1.1828,4.7932,-9.3901,0.68714
0.064484,1.8048,-0.98218,-1.8866,-8.6119,1.7502
0.013323,1.2724,-0.99883,-6.3494,-9.0405,2.4708
-0.12484,0.20744,-1.068,-9.663,-9.6127,2.8371
-0.24341,-0.6483,-1.0884,-8.5449,-10.202,1.494
-0.22809,-0.77674,-1.1539,-3.3734,-11.097,0.0095768
-0.13523,-0.27832,-1.1411,1.822,-11.454,-0.89064
-0.046897,0.28392,-1.0036,5.3822,-10.374,-0.023942
-0.1271,0.78313,-0.84868,5.4612,-8.497,1.9489
-0.17094,0.94115,-0.75036,2.1835,-7.762,3.3878
-0.25913,0.71758,-0.69027,-2.2625,-8.0732,3.6966
-0.2654,0.21557,-0.72131,-5.2289,-9.1459,3.292
-0.2614,-0.19065,-0.75902,-4.9895,-9.8593,2.0399
-0.24821,-0.26899,-0.76861,-2.0327,-10.216,1.0965
-0.25767,-0.10912,-0.73837,0.88585,-9.9551,0.83318
-0.25008,0.10112,-0.6912,2.1668,-9.7995,0.6201
-0.22689,0.23142,-0.64284,1.5443,-9.6007,0.75178
-0.2181,0.25167,-0.6471,0.1221,-9.5409,1.0654
-0.21943,0.19332,-0.59101,-0.826,-9.505,1.482
-0.22663,0.12764,-0.5617,-0.86191,-9.5265,1.7454
-0.22809,0.099124,-0.57969,-0.60573,-9.5505,1.8411
-0.23302,0.010126,-0.53519,-0.35913,-9.4164,1.7382
-0.23036,-0.00053292,-0.52067,-0.22745,-9.4092,1.5012
-0.23342,-0.07008,-0.5156,-0.023942,-9.426,1.1779
-0.23995,-0.068348,-0.51867,0.29928,-9.5026,0.99359
-0.24448,-0.040502,-0.52147,0.39265,-9.5792,1.1516
-0.25061,-0.011858,-0.528,0.47645,-9.6103,1.3862
-0.27859,0.017853,-0.54425,0.36871,-9.5936,1.3527
-0.29444,0.0090597,-0.56703,0.1245,-9.584,1.2474
-0.32908,-0.011058,-0.58755,0.064643,-9.5098,1.2785
-0.34773,-0.027712,-0.59887,0.11492,-9.5936,1.1851
-0.36359,-0.048363,-0.6026,0.33998,-9.5481,1.1013
-0.37824,-0.036639,-0.61193,0.72544,-9.5289,1.0582
-0.39503,-0.0043966,-0.61699,0.99838,-9.4092,1.1588
-0.37718,-0.0010658,-0.62072,0.75417,-9.8138,1.0989
-0.43966,-0.0089265,-0.63458,0.51715,-9.7971,1.0942
-0.46578,-0.027712,-0.65496,0.3735,-9.8258,1.1468
-0.48816,-0.042234,-0.6491,0.47166,-9.8186,1.1684
-0.5256,-0.043167,-0.71572,0.50278,-9.7755,1.2402
-0.55557,-0.033308,-0.73837,0.59137,-9.8426,1.3647
-0.58009,-0.072478,-0.75449,0.65601,-9.8881,1.391
-0.61126,-0.14389,-0.76115,0.60573,-9.8713,1.2713
-0.63338,-0.23622,-0.77501,0.76375,-9.3589,0.64643
-0.61646,-0.30723,-0.80165,0.61052,-9.9814,0.46448
-0.70266,-0.34787,-0.84082,0.59855,-9.9335,0.74699
-0.75023,-0.30403,-0.86507,1.0295,-10.25,0.76614
-0.7425,-0.35879,-0.86174,1.2258,-11.456,1.5874
-0.78127,-0.46498,-0.88825,0.249,-11.205,1.4676
-0.85068,-0.66216,-0.97299,-0.97923,-11.183,1.4605
-0.87053,-0.83083,-0.9971,-0.89783,-11.557,0.45011
-0.90384,-0.83976,-1.1074,1.1468,-12.313,-0.78051
-0.91223,-0.75675,-1.1907,1.1301,-12.323,-1.154
-0.92436,-0.68694,-1.2292,0.69911,-12.009,-1.6855
-0.93075,-0.66855,-1.3025,0.10774,-11.954,-1.9154
-0.93675,-0.68441,-1.3402,-0.17478,-11.794,-2.1141
-0.94234,-0.7441,-1.3603,-0.38547,-11.677,-2.0087
-0.93941,-0.7794,-1.3352,-0.44053,-11.655,-1.7717
-0.93848,-0.80005,-1.3407,-0.249,-11.511,-1.1492
-0.93848,-0.80592,-1.335,0.062249,-11.349,-0.75417
-0.92889,-0.72425,-1.3432,0.63446,-11.145,-0.50039
-0.89158,-0.29218,-1.5544,3.5171,-9.9958,0.31125
-0.83989,-0.014655,-1.4789,4.1946,-9.6438,0.47884
-0.77234,0.20584,-1.3383,4.1707,-9.3829,0.79248
-0.67935,0.37611,-1.1434,3.9002,-8.4276,1.2306
-0.52959,0.39903,-0.9081,4.0869,-8.2456,1.1516
-0.44006,0.54638,-0.48576,3.1412,-8.011,0.82121
-0.28085,0.88013,-0.20811,1.4078,-7.5465,1.0319
-0.20105,0.83456,-0.1339,-0.63207,-7.0509,1.1899
-0.12297,0.53253,0.097792,-1.1684,-6.9312,1.2881
-0.050761,0.33588,0.3516,-0.33279,-6.7995,1.2857
0.021717,0.28805,0.57343,0.43335,-6.6607,1.1492
0.085934,0.27979,0.72251,0.37589,-6.3231,1.063
0.12897,0.24781,0.93235,0.30646,-6.2177,1.0989
0.17213,0.10765,1.0768,0.58419,-5.9975,0.89064
0.24421,-0.03011,1.2359,1.2785,-6.3327,0.65362
0.31949,-0.031842,1.404,1.7334,-6.5649,0.25618
0.45245,0.0866,1.7709,1.0582,-6.7205,-0.27533
0.49336,0.048363,1.8914,0.69432,-6.9073,-0.33519
0.51667,-0.050095,1.9444,1.1109,-7.1539,-0.50518
0.6142,-0.15428,2.0712,2.0494,-7.4603,-1.889
0.66389,-0.057156,2.2086,3.2489,-8.6957,-1.652
0.76461,0.18546,2.2842,4.1803,-9.3518,-1.7166
0.85601,0.50681,2.3465,4.8363,-9.5313,-1.8052
0.9129,0.77194,2.3942,4.8866,-9.3685,-1.7095
0.94741,0.92196,2.4161,4.7645,-9.2009,-1.719
0.97952,1.1349,2.3974,5.0039,-9.6606,-2.0494
0.97072,1.1418,2.3634,4.9177,-10.216,-2.0734
0.92662,1.003,2.2858,4.6232,-10.355,-2.0303
0.84255,0.81724,2.1524,4.5633,-10.484,-2.0039
0.74596,0.58009,1.9855,4.6256,-10.712,-2.1931
0.55784,0.37998,1.8271,4.8914,-10.57,-2.4253
0.46271,-0.15828,1.3583,4.4796,-11.04,-2.229
0.49762,-0.47723,0.7794,5.3582,-12.395,-0.577
0.26366,-1.2064,-0.19865,10.724,-11.291,-2.1644
0.042767,-1.5276,-0.61406,17.435,-14.475,-4.1324
0.24914,0.20771,0.098458,19.613,-17.775,-4.5466
0.28658,2.5568,0.41262,15.807,-14.863,-1.8986
0.19811,3.9094,0.36079,3.7709,-9.9311,-0.55067
0.059688,3.7105,0.25047,-10.276,-6.2752,0.47166
0.095394,1.7377,0.040769,-18.268,-7.8673,1.6544
0.13523,-0.54079,0.12937,-16.427,-10.872,-0.10056
0.12284,-1.3711,0.23102,-6.8043,-12.242,-2.1213
0.11764,-1.4631,0.25967,0.43574,-11.413,-1.9417
0.13403,-0.99524,0.2237,4.7597,-9.9264,-1.0846
0.2113,0.16614,0.2602,4.8291,-8.9926,-0.19872
0.24488,0.41395,0.28618,2.2218,-9.3565,0.29688
0.24128,0.44179,0.27379,-0.33758,-9.8306,0.72305
0.2141,0.27366,0.28138,-1.8747,-9.7683,0.81642
0.20944,0.12337,0.28098,-1.9824,-9.663,0.76375
0.20851,-0.0039969,0.29311,-1.3838,-9.7396,0.66798
0.2129,-0.060087,0.29791,-0.74939,-9.7396,0.49799
0.20984,-0.078873,0.28765,-0.14365,-9.5241,0.74699
0.18492,-0.051294,0.25154,-0.02873,-9.4571,0.96007
0.16014,-0.014522,0.20891,-0.50278,-9.4571,0.95289
0.1315,0.021583,0.15362,-0.88346,-9.6007,1.2043
0.10285,0.076342,0.091796,-1.1492,-9.5217,1.1013
0.069413,0.087133,0.021983,-1.2761,-9.3805,1.2881
0.046098,0.079672,-0.048896,-1.2354,-9.3158,1.3695
0.029577,0.062086,-0.11698,-1.2785,-9.177,0.89064
0.021184,0.042234,-0.15362,-1.2594,-9.4475,0.79727
0.020118,0.057956,-0.17293,-0.80924,-9.7899,0.88825
0.0066616,0.073677,-0.18599,-0.67277,-9.6822,1.0415
0.032375,0.070746,-0.18426,-0.39504,-9.4691,0.83318
0.0019985,0.06102,-0.17507,-0.30646,-9.5744,0.31125
0.013723,0.08327,-0.15415,0.023942,-9.7181,0.39504
0.019319,0.11165,-0.13816,0.014365,-9.7899,0.44053
0.01319,0.10698,-0.11977,-0.19393,-9.6654,0.76136
0.027312,0.097792,-0.029844,-0.14844,-9.517,0.77333
0.02638,0.10872,-0.041568,-0.47405,-9.7731,0.84994
0.015455,0.077674,-0.043433,-0.39265,-9.675,0.99599
0.014655,0.051161,-0.043034,-0.43574,-9.6367,0.92416
-0.031842,-0.096593,0.011191,-0.4118,-9.6055,0.81882
-0.030243,-0.092596,0.01279,-0.34237,-9.7037,0.67277
-0.025447,-0.064884,0.0087933,-0.1245,-9.73,0.67038
-0.015588,-0.019985,0.0074609,0.076614,-9.6965,0.75178
-0.037704,-0.030643,0.0025314,-0.27533,-9.5888,0.85234
-0.038904,-0.044899,0.015188,-0.19393,-9.7181,0.73981
-0.038637,-0.040636,0.017187,-0.13647,-9.7252,0.73502
-0.036772,-0.03957,0.023582,-0.11492,-9.6798,0.76854
-0.037172,-0.0075942,0.025847,-0.31125,-9.6798,0.94332
-0.037838,-0.020118,0.025447,-0.40223,-9.6367,0.80206
-0.037172,-0.03504,0.02598,-0.41659,-9.517,1.0151
-0.039436,-0.044899,0.028645,-0.45011,-9.5409,0.7853
-0.035306,-0.04783,0.027179,-0.44772,-9.7612,0.74939
-0.029178,-0.013057,0.02145,-0.21069,-9.6726,0.79966
-0.025447,-0.0033308,0.023182,-0.20111,-9.6199,0.83558
-0.026779,-0.0053292,0.024914,-0.15562,-9.7037,0.88585
-0.02225,-0.0050628,0.027446,-0.26815,-9.6989,0.84515
-0.022516,-0.0055957,0.024515,-0.15562,-9.6199,0.78051
-0.021983,-0.0030643,0.02145,-0.30167,-9.7827,0.82839
-0.02638,0.025847,-0.00093262,-0.38786,-9.663,1.0702
-0.026913,0.012124,-0.012923,-0.44772,-9.5098,0.90022
-0.021717,0.0026646,0.0026646,-0.26815,-9.6319,0.83797
-0.028245,-0.0058622,-0.0035972,-0.41659,-9.6367,0.7853
-0.03011,-0.0039969,-0.0018652,-0.29209,-9.6893,0.84036
-0.029444,0.0089265,0.00013323,-0.13168,-9.6343,0.86431
-0.021983,0.01359,0.0022649,-0.12689,-9.6486,0.80445
-0.021983,0.022516,0.0037305,-0.27054,-9.675,0.80206
-0.023182,0.021184,0.0042634,-0.27533,-9.6917,0.90022
-0.021051,0.019319,0.0085268,-0.29209,-9.6941,0.92656
-0.017853,0.017054,0.0054625,-0.30646,-9.6678,0.81642
-0.01692,0.017453,0.0070613,-0.25857,-9.6726,0.89304
-0.017054,0.018652,0.0094594,-0.2083,-9.5409,0.88825
-0.019585,0.016521,0.0098591,-0.24421,-9.6367,0.96007
-0.019052,0.022649,0.0085268,-0.28012,-9.6295,0.87388
-0.01772,0.022783,0.011191,-0.26576,-9.663,1.0415
-0.022916,0.01732,0.012923,-0.28252,-9.6103,0.79727
-0.024248,0.0062619,0.011191,-0.35195,-9.6606,0.85952
-0.029044,0.0030643,0.0081271,-0.34477,-9.6798,0.80924
-0.030243,-0.010658,0.0082603,-0.3711,-9.6965,0.88107
-0.029444,-0.015855,0.0029311,-0.33758,-9.7157,0.93374
-0.031309,-0.014389,0.0050628,-0.31125,-9.6845,0.84276
-0.024914,-0.011458,0.0043966,-0.23942,-9.7013,0.87149
-0.027046,-0.010259,0.013323,-0.14126,-9.6965,0.9505
-0.026913,-0.033441,0.019585,-0.18914,-9.6582,0.91937
-0.022783,-0.0047963,0.03051,-0.14605,-9.6989,0.89543
-0.026779,-0.015322,0.040636,-0.21308,-9.6175,0.89304
-0.02638,-0.023982,0.042634,-0.30167,-9.6893,0.9074
-0.025714,-0.036106,0.050628,-0.23224,-9.6917,0.80206
-0.022383,-0.03464,0.056357,-0.19154,-9.7276,1.008
-0.026646,-0.024781,0.055424,-0.25139,-9.6726,0.92895
-0.024515,-0.014922,0.053159,-0.29688,-9.6343,0.96965
-0.025714,-0.013856,0.046764,-0.29209,-9.6319,0.91937
-0.029844,-0.011191,0.044366,-0.31843,-9.7013,0.91937
-0.026913,0.0022649,0.038637,-0.34477,-9.6367,0.91698
-0.00066616,0.0085268,0.031176,-0.43574,-9.5912,0.96007
-0.034907,-0.0030643,0.026913,-0.48363,-9.6223,0.98881
-0.040369,-0.011991,0.025181,-0.3735,-9.6654,0.91219
-0.037571,-0.015322,0.018919,-0.32801,-9.6534,0.8691
-0.041302,-0.0095926,0.015855,-0.31843,-9.651,0.98641
-0.041168,-0.0050628,0.011724,-0.33279,-9.5984,0.96726
-0.042501,-0.0054625,0.0090597,-0.30885,-9.6223,0.9505
-0.043433,-0.01319,0.0095926,-0.24421,-9.7181,0.8691
-0.042634,0.0010658,0.0087933,-0.32322,-9.6055,0.98881
-0.046364,-0.00079939,0.012391,-0.40462,-9.5553,0.97444
-0.045698,0.033841,0.0075942,-0.34716,-9.6414,0.91698
-0.043433,0.0057289,0.0035972,-0.22745,-9.651,0.81882
-0.0429,0.022516,-0.00079939,-0.098162,-9.6319,0.89304
-0.040502,0.037704,-0.0030643,-0.13168,-9.6031,0.91698
-0.038371,0.048096,-0.0071945,-0.25618,-9.596,0.90022
-0.036239,0.050894,-0.0066616,-0.35674,-9.6726,1.0439
-0.040769,0.039436,-0.0077274,-0.39744,-9.596,0.97683
-0.043433,0.031709,-0.0061286,-0.35674,-9.6127,0.9912
-0.039303,0.024648,0.033441,-0.34477,-9.7372,0.81642
-0.039836,0.01319,0.0054625,-0.2873,-9.6414,0.88825
-0.038237,0.0089265,0.010392,-0.29688,-9.675,0.95529
-0.036372,0.0031975,0.015322,-0.31125,-9.6343,0.83318
-0.033041,-0.0030643,0.020518,-0.16041,-9.7276,0.81642
-0.026913,-0.0067948,0.023848,-0.25379,-9.7252,0.85712
-0.024515,0.00013323,0.026113,-0.26097,-9.7133,0.91698
-0.027712,0.0058622,0.023315,-0.24181,-9.6582,0.86431
-0.017587,0.015988,0.024648,-0.2897,-9.7109,0.9098
-0.019452,0.019718,0.02145,-0.36871,-9.7779,1.0367
-0.016521,0.016254,0.017587,-0.19872,-9.7133,0.96247
-0.022516,0.017853,0.01692,-0.29688,-9.6798,0.93853
-0.020917,0.015721,0.019452,-0.26336,-9.5217,1.0223
-0.020384,0.011991,0.020118,-0.32082,-9.6343,1.0199
-0.022649,0.033708,0.017187,-0.35674,-9.5624,0.96726
-0.022516,-0.0019985,0.016654,-0.36871,-9.5122,0.99359
-0.022783,-0.0087933,0.016787,-0.39025,-9.675,0.87388
-0.02185,-0.009193,0.016121,-0.44532,-9.6774,0.81163
-0.023449,-0.0043966,0.014389,-0.44053,-9.7348,0.90022
-0.019985,-0.0045299,0.015988,-0.34237,-9.6941,0.92895
-0.023049,-0.0085268,0.015055,-0.23942,-9.663,1.008
-0.023049,-0.0014655,0.018652,-0.29209,-9.7851,0.97205
-0.021983,-0.0065283,0.02145,-0.3735,-9.5361,1.0582
-0.022649,-0.01279,0.017853,-0.36631,-9.6414,0.94571
-0.02598,-0.015855,0.01772,-0.42377,-9.7971,0.98641
-0.026913,-0.018119,0.013856,-0.23463,-9.6295,1.1588
-0.024115,-0.018253,0.018519,-0.32082,-9.5936,1.0295
-0.029044,-0.011458,0.01692,-0.2873,-9.6295,0.89543
-0.026513,-0.0071945,0.020118,-0.27054,-9.6199,0.98402
-0.027312,-0.0059954,0.020651,-0.26576,-9.6702,0.98881
-0.026247,-0.010392,0.023049,-0.40462,-9.6103,0.95529
-0.023449,-0.011724,0.017054,-0.32082,-9.6462,1.0295
-0.027579,-0.017587,0.016654,-0.41899,-9.663,1.0487
-0.030377,-0.0095926,0.017187,-0.41899,-9.5193,1.0175
-0.024115,-0.0099923,0.014789,-0.26576,-9.7923,0.76854
-0.024914,-0.0074609,0.015721,-0.24421,-9.7875,0.91698
-0.027312,-0.0071945,0.015988,-0.26336,-9.5577,1.0008
-0.027845,-0.0094594,0.014389,-0.3711,-9.6271,0.98881
-0.029711,-0.014789,0.017587,-0.31364,-9.6606,1.063
-0.027446,-0.018919,0.018786,-0.32801,-9.6726,0.94092
-0.027446,-0.015188,0.024781,-0.26336,-9.5289,1.0391
-0.026513,-0.012257,0.023449,-0.43335,-9.6678,0.93134
-0.028778,-0.010525,0.024515,-0.29209,-9.6319,0.90261
-0.024781,-0.0078606,0.024781,-0.45729,-9.517,0.91937
-0.026247,-0.003464,0.027312,-0.28491,-9.7923,0.78051
-0.027446,0.0063951,0.022916,-0.26576,-9.6319,1.0534
-0.03011,-0.001732,0.022116,-0.34237,-9.6271,1.0104
-0.031842,-0.0019985,0.017986,-0.39983,-9.6726,0.98402
-0.033708,-0.0042634,0.016521,-0.36631,-9.7947,1.1301
-0.031709,0.014123,0.01279,-0.2897,-9.6414,0.96247
-0.029044,0.02185,0.0082603,-0.25857,-9.6845,0.97444
-0.033708,0.028378,0.0059954,-0.30167,-9.6223,1.0127
-0.033708,0.025314,0.001732,-0.4118,-9.6391,1.0247
-0.035173,0.02145,-0.0038637,-0.42617,-9.6462,0.9912
-0.033175,0.025847,-0.003464,-0.27054,-9.6103,1.166
-0.03464,0.025847,-0.0057289,-0.21548,-9.8043,0.98641
-0.034773,0.00013323,-0.011458,-0.38547,-9.6295,0.93374
-0.030776,0.040769,-0.01279,-0.38786,-9.6151,0.99599
-0.027446,0.049029,-0.011325,-0.30167,-9.6127,1.1133
-0.031176,0.052093,-0.013456,-0.30885,-9.6007,1.0032
-0.031443,0.052093,-0.012257,-0.4118,-9.6151,0.93613
-0.031043,0.038504,-0.0098591,-0.39504,-9.7396,0.95289
-0.033841,0.029444,-0.0050628,-0.40941,-9.6917,0.77572
-0.030243,0.027845,-0.033308,-0.31364,-9.6965,0.9912
-0.030377,0.021317,0.0063951,-0.2466,-9.6845,1.0223
-0.03091,0.01772,0.016387,-0.22745,-9.6438,1.0415
-0.023848,0.010392,0.022516,-0.32801,-9.6582,0.83318
-0.021184,-0.0035972,0.029977,-0.3735,-9.6391,0.77572
-0.023182,-0.0098591,0.068081,-0.39025,-9.6917,0.79248
-0.021583,-0.015055,0.039836,-0.36871,-9.663,0.92177
-0.023982,-0.015055,0.040369,-0.34955,-9.5648,1.0104
-0.019052,-0.021051,0.037172,-0.38786,-9.6414,1.0175
-0.019851,-0.028112,0.036772,-0.42856,-9.6654,1.1827
-0.019985,-0.032775,0.035306,-0.32082,-9.6343,0.97444
-0.024248,-0.029977,0.028378,-0.39744,-9.6486,0.91937
-0.019718,-0.020651,0.03051,-0.30646,-9.6678,0.97205
-0.021184,-0.011858,0.027446,-0.31364,-9.663,0.98641
-0.018253,-0.011724,0.029311,-0.39983,-9.5912,1.0415
-0.020384,-0.0078606,0.029711,-0.36392,-9.6534,0.98641
-0.019185,-0.0026646,0.03011,-0.27294,-9.6486,0.97444
-0.018919,0.00093262,0.033441,-0.34237,-9.5984,0.94092
-0.019052,-0.0013323,0.031443,-0.45011,-9.6175,1.0511
-0.019052,-0.016387,0.034374,-0.40462,-9.6798,1.0151
-0.019718,-0.015855,0.036772,-0.39025,-9.6654,1.0918
-0.017853,-0.01359,0.035706,-0.38547,-9.6223,1.0487
-0.02185,-0.018253,0.067282,-0.3735,-9.5936,1.0199
-0.022783,-0.021317,0.030377,-0.3735,-9.5936,0.94571
-0.022649,-0.023715,0.031709,-0.42377,-9.6319,0.80206
-0.022783,-0.03917,0.021983,-0.48842,-9.7061,0.90022
-0.021184,-0.035573,0.021317,-0.38307,-9.6941,0.92177
-0.019718,-0.023582,0.019185,-0.3711,-9.6917,0.91937
-0.018652,-0.017187,0.017587,-0.35434,-9.5864,1.0702
-0.020384,-0.016521,0.018119,-0.35434,-9.5672,1.0846
-0.022783,-0.024515,0.015721,-0.44772,-9.6391,1.0846
-0.026513,-0.035706,0.013057,-0.52433,-9.675,1.0678
-0.024248,-0.036239,0.014123,-0.45729,-9.6031,1.0582
-0.029844,-0.03011,0.016654,-0.3735,-9.5912,1.1205
-0.029444,-0.032775,0.018519,-0.37589,-9.6079,1.0822
-0.025447,-0.031842,0.021717,-0.26576,-9.6343,0.98881
-0.027312,-0.032375,0.019052,-0.32801,-9.6606,0.98641
-0.02558,-0.027046,0.017054,-0.43814,-9.663,0.99359
-0.027579,-0.033708,0.018519,-0.51475,-9.6343,1.0774
-0.025714,-0.042634,0.018119,-0.43335,-9.6726,0.95768
-0.021983,-0.041168,0.014789,-0.39983,-9.742,0.95529
-0.025847,-0.03091,0.016254,-0.29209,-9.6462,1.0104
-0.020651,-0.013989,0.018386,-0.25139,-9.6055,1.1085
-0.025314,-0.0029311,0.01732,-0.35674,-9.6007,0.99838
-0.028645,-0.0077274,0.015588,-0.45969,-9.6295,1.1612
-0.024515,-0.013323,0.015988,-0.41899,-9.6223,1.1205
-0.029711,-0.014789,0.015588,-0.35913,-9.6319,1.0942
-0.03051,-0.015721,0.018253,-0.33758,-9.6822,1.0391
-0.030377,-0.0099923,0.016387,-0.38307,-9.6343,1.0199
-0.032508,-0.016787,0.016254,-0.38307,-9.6726,0.9098
-0.029711,-0.0089265,0.01692,-0.44772,-9.6941,1.008
-0.029178,-0.0039969,0.014256,-0.45011,-9.7372,0.92656
-0.027446,0.0042634,0.013323,-0.3735,-9.6151,1.1037
-0.031842,0.0045299,0.013723,-0.40701,-9.5936,1.1277
-0.030243,-0.0055957,0.01692,-0.51715,-9.584,1.1612
-0.035706,-0.011724,0.014123,-0.36392,-9.6917,1.0487
-0.037838,-0.0027979,0.016521,-0.29928,-9.6175,1.0511
-0.03424,-0.033974,0.015322,-0.43574,-9.6175,1.1325
-0.036905,0.0025314,0.01692,-0.39983,-9.6486,1.0798
-0.035306,-0.00066616,0.018652,-0.44053,-9.596,1.0965
-0.037571,0.0014655,0.014789,-0.39504,-9.663,1.0846
-0.00053292,0.003464,0.015055,-0.31364,-9.5936,1.0654
-0.03504,0.0045299,0.01319,-0.34955,-9.7468,1.1157
-0.037704,0.0033308,0.016521,-0.42617,-9.7037,0.97444
-0.036639,-0.033574,0.017587,-0.41659,-9.6965,1.0511
-0.032508,0.0057289,0.01692,-0.53151,-9.6534,1.0582
-0.036639,0.0094594,0.014123,-0.4118,-9.5984,1.0534
-0.036772,0.0067948,0.011325,-0.40941,-9.5768,1.087
-0.00026646,0.015055,0.016254,-0.39744,-9.6223,1.0582
-0.031043,0.011058,0.016787,-0.3711,-9.6391,1.063
-0.033041,0.0083936,0.019718,-0.36631,-9.6295,1.0798
-0.036372,0.0071945,0.019319,-0.41659,-9.5936,1.0511
-0.03504,0.0054625,0.01772,-0.39504,-9.596,1.1109
-0.033308,0.0023982,0.020784,-0.44053,-9.5864,1.0487
-0.035573,-0.0018652,0.020118,-0.42377,-9.5026,1.0439
-0.034507,-0.033974,0.020384,-0.45011,-9.6367,1.0223
-0.030377,0.011058,0.020251,-0.36392,-9.6055,0.97683
-0.036905,0.014256,0.017986,-0.42617,-9.6319,1.0247
-0.036905,0.012257,0.021983,-0.35913,-9.7899,1.0223
-0.03504,0.01732,0.023315,-0.59616,-9.6079,1.1492
-0.036905,0.019319,0.026247,-0.38547,-9.6271,1.0654
-0.038104,0.011991,0.018652,-0.60094,-9.6271,1.0439
-0.035972,0.0037305,0.018919,-0.35195,-9.6007,1.0391
-0.036372,0.0025314,0.011858,-0.44532,-9.6606,0.91937
-0.036372,-0.010259,0.006928,-0.50039,-9.7923,1.0415
-0.038904,-0.017187,0.0025314,-0.33758,-9.5146,1.1109
-0.039037,-0.025447,0.0026646,-0.55785,-9.6798,1.0463
-0.038237,-0.033308,0.0042634,-0.36392,-9.6845,1.1732
-0.037038,-0.026513,0.0027979,-0.39265,-9.5217,1.0247
-0.029844,-0.023315,0.0027979,-0.38547,-9.6103,0.97444
-0.029844,-0.015055,0.003464,-0.16759,-9.7683,1.2139
-0.068081,-0.0055957,-0.001732,-0.40462,-9.6534,0.92416
-0.037438,-0.0025314,0.0010658,-0.32082,-9.5337,0.96726
-0.00066616,-0.011724,0.0041302,-0.61052,-9.5888,0.9481
-0.036905,-0.021051,0.0042634,-0.4118,-9.7899,1.0319
-0.032109,-0.016254,0.0057289,-0.39983,-9.6822,1.0319
-0.028511,-0.012257,0.0027979,-0.29928,-9.7468,1.2115
-0.035706,-0.011191,0.0066616,-0.39504,-9.5433,1.2043
-0.034773,-0.0094594,0.0057289,-0.44053,-9.5074,1.1229
-0.031176,-0.015322,0.0061286,-0.44053,-9.7659,1.0199
-0.036772,-0.014256,0.0055957,-0.39744,-9.7851,1.0127
-0.034507,-0.010259,0.00866,-0.37589,-9.7492,1.0654
-0.033841,-0.0087933,0.0059954,-0.43096,-9.5744,1.0534
-0.03051,-0.0087933,0.0066616,-0.4142,-9.572,1.1061
-0.034773,-0.0022649,0.0065283,-0.42138,-9.584,1.166
-0.036239,-0.0043966,0.0063951,-0.45969,-9.596,1.0558
-0.036239,-0.006928,0.0062619,-0.44532,-9.6175,1.0032
-0.039037,-0.0061286,0.012257,-0.40701,-9.6678,1.0774
-0.036505,-0.0025314,0.0082603,-0.39504,-9.7013,1.063
-0.035706,-0.001732,0.0070613,-0.38068,-9.8067,0.93374
-0.037838,-0.032642,0.0065283,-0.35674,-9.6199,1.0175
-0.038104,0.0065283,0.0087933,-0.49081,-9.6438,1.1588
-0.035839,0.0054625,0.0083936,-0.46687,-9.505,1.2019
-0.037038,0.0025314,0.012524,-0.45011,-9.6151,1.1013
-0.037704,0.0014655,0.012657,-0.39744,-9.6295,1.0199
-0.033441,0.00039969,0.016521,-0.42617,-9.651,1.2234
-0.037838,0.0038637,0.01732,-0.36871,-9.6295,1.1372
-0.035706,-0.0010658,0.018652,-0.3735,-9.596,1.1133
-0.035839,-0.003464,0.016654,-0.47405,-9.6438,1.1708
-0.037971,-0.003464,0.015455,-0.42138,-9.6822,0.99359
-0.035306,-0.0026646,0.01692,-0.39504,-9.675,1.0032
-0.034907,-0.0054625,0.020251,-0.33998,-9.6007,1.0582
-0.038504,-0.0050628,0.023449,-0.46208,-9.6582,1.1157
-0.039703,-0.010259,0.021317,-0.44293,-9.6175,0.96726
-0.037704,-0.0089265,0.019185,-0.44053,-9.6151,1.008
-0.038637,-0.034107,0.021583,-0.29688,-9.5936,1.0223
-0.03504,0.0062619,0.022516,-0.38068,-9.6726,1.0151
-0.031443,0.010259,0.024914,-0.39744,-9.6199,1.0511
-0.038504,0.0098591,0.029444,-0.50518,-9.6558,0.98402
-0.039969,-0.0025314,0.026913,-0.52672,-9.6319,1.0918
-0.035706,0.0041302,0.015188,-0.40941,-9.6414,1.0894
-0.03877,-0.0038637,0.01319,-0.4525,-9.5888,1.0199
-0.03957,-0.0082603,0.015721,-0.42377,-9.5864,1.0654
-0.037971,-0.009193,0.011325,-0.39744,-9.6486,1.0965
-0.040236,-0.0070613,0.013456,-0.42138,-9.5792,0.98641
-0.040636,-0.0023982,0.012257,-0.47405,-9.5792,1.1253
-0.039037,-0.0070613,0.014123,-0.42138,-9.7085,1.0846
-0.040103,-0.0019985,0.0085268,-0.4525,-9.663,1.0343
-0.037438,-0.006928,0.013723,-0.43574,-9.651,1.1013
-0.035573,-0.0053292,0.01319,-0.46687,-9.6486,1.0894
