-0.035972,0.0094594,0.0090597,0.82839,0.26815,10.233
-0.040902,-0.0011991,0.0055957,0.76375,0.40462,10.137
-0.036505,0.0019985,0.0081271,0.91219,0.23463,10.187
-0.043167,0.01319,0.0059954,0.88585,0.0023942,9.8809
-0.033974,-0.012923,0.0025314,0.73502,0.32082,9.9766
-0.034107,0.0046631,0.0070613,0.62968,0.26576,10.123
-0.032242,-0.0018652,0.0079939,0.6201,0.29688,10.183
-0.032508,-0.0011991,0.0038637,0.91459,0.23942,9.9862
-0.03051,-0.0059954,0.0054625,0.63207,0.2873,10.206
-0.033708,0.0014655,0.0045299,0.8691,0.25857,10.355
-0.034507,-0.0015988,0.0055957,0.75417,0.41659,10.185
-0.037971,0.00013323,0.003464,0.79009,0.15562,10.214
-0.00053292,0.0033308,0.0057289,0.79009,0.31603,10.051
-0.029178,0.0015988,0.0039969,0.82361,0.25857,10.403
-0.032375,0.00093262,0.0066616,0.79727,0.22505,10.254
-0.00039969,0.0045299,0.0078606,0.89543,0.30167,10.199
-0.034107,0.0014655,0.0045299,0.76136,0.26336,10.214
-0.038904,-0.032642,0.0038637,0.79487,0.27773,10.242
-0.036905,0.0025314,0.0066616,0.77093,0.29449,10.154
-0.067681,-0.00093262,0.0074609,0.75896,0.42856,10.173
-0.033574,-0.0023982,0.0049296,0.75657,0.23463,10.161
-0.033708,0,0.0026646,0.7853,0.2873,10.211
-0.035306,0.0026646,0.0049296,0.75178,0.28012,10.412
-0.031976,0.0070613,0.0081271,0.76614,0.43574,10.252
-0.031976,0.0035972,0.0073277,0.74939,0.28252,10.185
-0.03544,0.0013323,0.0054625,0.81882,0.25857,10.135
-0.03504,0.0041302,0.0049296,0.76854,0.32801,10.135
-0.03544,0.0031975,0.0053292,0.75178,0.44532,10.163
-0.00093262,0.0014655,0.0054625,0.69911,0.29209,10.393
-0.031576,0.003464,0.0061286,0.79248,0.21308,10.147
-0.037571,0.0013323,0.0054625,0.72544,0.25857,10.132
-0.040236,0.0022649,0.0089265,0.76854,0.29928,10.06
-0.03464,0.0015988,0.0061286,0.69432,0.29688,10.039
-0.03011,-0.0030643,0.0058622,0.72544,0.28012,10.022
-0.031043,-0.0055957,0.006928,0.80206,0.27773,10.247
-0.029577,-0.0033308,0.0042634,0.79966,0.22745,10.072
-0.036239,0.001732,0.0031975,0.78769,0.25139,10.518
-0.037971,0.0085268,0.0062619,0.7422,0.25618,10.187
-0.033441,0.0063951,0.0061286,0.73741,0.20351,10.063
-0.035306,0.0033308,0.0037305,0.77572,0.26336,10.084
-0.031576,0.0033308,0.0057289,0.75896,0.2466,10.084
-0.031176,-0.0042634,0.0018652,0.69911,0.24421,10.096
-0.036239,-0.0023982,0.0041302,0.826,0.26815,10.209
-0.036905,-0.00053292,0.0066616,0.7853,0.25139,10.226
-0.037438,0.033708,0.006928,0.78051,0.26815,10.276
-0.036372,0.0029311,0.0067948,0.76136,0.2873,10.264
-0.034374,0.0021317,0.0066616,0.72305,0.22984,10.151
-0.031176,0.0011991,0.0045299,0.80685,0.2466,10.197
-0.033841,0.0022649,0.0039969,0.73741,0.26336,10.238
-0.032642,0.0047963,0.0053292,0.69432,0.30646,10.281
-0.068214,-0.0018652,0.0082603,0.75417,0.30406,10.156
-0.031309,0.0011991,0.0073277,0.80924,0.249,10.226
-0.032508,-0.033708,0.006928,0.78769,0.31364,10.281
-0.0015988,0.00066616,0.0045299,0.77572,0.2466,10.159
-0.036505,0.0027979,0.0065283,0.75896,0.27054,10.139
-0.033574,0.00053292,0.0077274,0.77093,0.23463,10.151
-0.031576,-0.001732,0.0062619,0.7446,0.17717,10.111
-0.034507,0.033841,0.0055957,0.7422,0.26815,10.163
-0.033041,0,0.0073277,0.7039,0.22266,10.159
-0.034507,0.0021317,0.003464,0.75657,0.23224,10.187
-0.032508,0.0010658,0.0058622,0.77572,0.26097,10.218
-0.035706,0.0059954,0.0059954,0.80685,0.30406,10.223
-0.00053292,0.033974,0.0071945,0.77572,0.23942,10.089
-0.031842,-0.001732,0.006928,0.76854,0.26815,10.24
-0.036372,0.033841,0.0041302,0.75657,0.26097,10.171
-0.031576,0.0011991,0.0037305,0.81882,0.26097,10.187
-0.036372,-0.0013323,0.0057289,0.81163,0.25139,10.195
-0.032508,0.033708,0.0038637,0.79727,0.35195,10.23
-0.029844,0,0.0039969,0.76136,0.26576,10.195
-0.038104,0.0026646,0.0065283,0.77572,0.23463,10.123
-0.034773,0.0018652,0.0070613,0.7446,0.23703,10.312
-0.043966,0.0065283,0.0057289,0.80206,0.1652,10.065
-0.032908,-0.0026646,0.0077274,0.69192,0.24421,10.008
-0.033574,0.0021317,0.0070613,0.84276,0.23703,10.041
-0.0011991,-0.011058,0.0049296,0.70868,0.29688,10.139
-0.026247,-0.0026646,0.0039969,0.79727,0.22745,10.135
-0.037571,-0.0029311,0.0067948,0.79966,0.36631,10.41
-0.067948,0.0082603,0.0049296,0.84515,0.23224,10.297
-0.039436,0.0066616,0.0087933,0.91459,0.249,10.295
-0.037704,0.0078606,0.0078606,0.78051,0.27533,10.125
-0.038371,0.0029311,0.0075942,0.82839,0.29209,10.044
-0.032375,-0.0058622,0.0050628,0.75178,0.27054,10.123
-0.030776,-0.0033308,0.0061286,0.87149,0.23942,10.23
-0.034374,-0.00093262,0.0067948,0.75178,0.32801,10.257
-0.030377,-0.0013323,0.0049296,0.80924,0.25618,10.218
-0.067681,0.0010658,0.0062619,0.80206,0.26576,10.214
-0.031709,0.0026646,0.0061286,0.81882,0.29688,10.19
-0.036505,-0.00066616,0.00866,0.91459,0.23703,10.104
-0.03504,0.0011991,0.0063951,0.79487,0.28012,10.168
-0.033841,0.0019985,0.0057289,0.77572,0.23703,10.178
-0.037172,0.0019985,0.0070613,0.61292,0.24181,10.242
-0.03504,-0.00013323,0.0081271,0.826,0.23703,10.211
-0.036639,0.0042634,0.0077274,0.83558,0.29688,10.166
-0.031443,0.0021317,0.0054625,0.75178,0.26336,10.223
-0.035573,0,0.0041302,0.63446,0.40941,10.209
-0.034507,0.0042634,0.0066616,0.8691,0.23942,10.139
-0.037172,0.00053292,0.0025314,0.65362,0.27533,10.123
-0.035972,0.0014655,0.0063951,0.76375,0.2873,10.197
-0.033441,0.0027979,0.0063951,0.76375,0.26336,10.262
-0.067282,0.0029311,0.0035972,0.9074,0.23463,10.223
-0.034507,0.0021317,0.0066616,0.72784,0.30167,10.25
-0.067948,0.0019985,0.0066616,0.70629,0.27054,10.192
-0.035573,0.0026646,0.0063951,0.73263,0.28012,10.187
-0.036106,-0.00093262,0.0061286,0.62489,0.29688,10.111
-0.032775,0.003464,0.0058622,0.79727,0.31843,10.214
-0.036106,-0.00026646,0.0065283,0.81163,0.35913,10.166
-0.035839,-0.033708,0.0055957,0.67995,0.27533,10.127
-0.034507,0.0019985,0.0049296,0.7446,0.23463,10.123
-0.03504,0.0039969,0.0071945,0.9098,0.23703,10.154
-0.067015,0.0027979,0.0079939,0.79727,0.28252,10.218
-0.067415,0.0015988,0.006928,0.61292,0.26097,10.183
-0.03504,-0.0018652,0.0077274,0.79009,0.21787,10.171
-0.035972,0.00039969,0.0074609,0.7853,0.21069,10.125
-0.036372,0.0019985,0.0055957,0.90501,0.15323,10.199
-0.05196,0.006928,0.0046631,0.78769,0.4549,10.372
-0.024914,0.0095926,0.0073277,0.83318,-0.10774,10.096
-0.046764,-0.0090597,0.0094594,0.64165,0.56264,9.979
-0.020251,-0.0023982,0.0083936,0.8667,0.13886,10.048
-0.041035,-0.0087933,0.0062619,0.72305,0.29688,10.228
-0.040369,-0.0089265,0.0071945,0.75657,0.17957,10.412
-0.029311,0.0090597,0.0082603,0.87628,0.18675,10.3
-0.040236,0.0013323,0.0050628,0.91698,0.31843,10.412
-0.0010658,0.0085268,0.006928,0.84036,0.22505,10.247
-0.037838,0.003464,0.0061286,0.75657,0.24181,10.116
-0.031976,0.033974,0.0062619,0.80445,0.18196,10.063
-0.036772,-0.0013323,0.0066616,0.7422,0.2873,10.036
-0.031043,-0.0022649,0.0061286,0.73741,0.4549,10.242
-0.068081,-0.0038637,0.0042634,0.77812,0.23942,10.226
-0.033041,0.00093262,0.0046631,0.79966,0.1652,10.12
-0.036905,0.00066616,0.0090597,0.73981,0.44053,10.379
-0.035706,0.0045299,0.0073277,0.81882,0.28491,10.199
-0.036639,0.00066616,0.0033308,0.72305,0.23942,10.187
-0.031443,0.0031975,0.0046631,0.75178,0.29928,10.132
-0.031842,-0.0014655,0.0057289,0.73741,0.25857,10.156
-0.03464,0.0025314,0.0050628,0.77812,0.21308,10.168
-0.036772,0.0046631,0.010658,0.77572,0.31843,10.259
-0.033308,0.0015988,0.0045299,0.80924,0.27294,10.159
-0.032109,0.00079939,0.00866,0.71587,0.22984,10.029
-0.031976,-0.0033308,0.0047963,0.80445,0.249,10.132
-0.00053292,0.00026646,0.0047963,0.79487,0.23703,10.18
-0.033841,0.00039969,0.0053292,0.67995,0.26576,10.221
-0.035839,0.0046631,0.0057289,0.7829,0.26576,10.23
-0.035573,0.033974,0.0055957,0.79009,0.249,10.206
-0.035306,0.0025314,0.0046631,0.75417,0.26097,10.005
-0.032775,-0.0010658,0.0053292,0.78051,0.29928,10.008
-0.035706,-0.0018652,0.0094594,0.7829,0.29928,10.025
-0.027179,0.0029311,0.003464,0.80924,0.26815,10.228
-0.0437,0.0067948,0.0085268,0.76614,0.41659,10.372
-0.039836,0.011325,0.0067948,0.80685,0.18196,9.9599
-0.040369,-0.010259,0.0031975,0.65122,0.38068,9.9575
-0.028911,-0.0025314,0.0070613,0.82839,0.18914,9.9096
-0.023582,-0.003464,0.0063951,0.85473,0.14126,10.269
-0.00066616,-0.005196,0.0066616,0.7446,0.34716,10.417
-0.00013323,0.0062619,0.0063951,0.86191,0.19632,10.254
-0.037172,0.0046631,0.0042634,0.73023,0.2897,10.369
-0.03877,0.006928,0.005196,0.7422,0.27533,10.118
-0.031976,0.0037305,0.0071945,0.72305,0.22745,10.072
-0.036106,0.032908,0.0074609,0.76375,0.23703,9.9862
-0.031043,-0.0015988,0.0046631,0.78051,0.22745,10.01
-0.032508,-0.0014655,0.0057289,0.78769,0.24181,10.329
-0.037571,-0.0030643,0.0065283,0.77333,0.31603,10.278
-0.031309,0.0071945,0.006928,0.79248,0.21308,10.185
-0.038371,0.0023982,0.0083936,0.73741,0.30646,10.257
-0.036372,0.0025314,0.0059954,0.73502,0.32561,10.178
-0.029711,0.0031975,0.0054625,0.7829,0.27773,10.175
-0.067681,-0.0018652,0.0073277,0.76854,0.27773,10.139
-0.032109,-0.0018652,0.0079939,0.77572,0.23942,10.254
-0.037971,-0.0025314,0.0046631,0.79487,0.30885,10.24
-0.03544,0.0026646,0.0033308,0.76614,0.249,10.211
-0.030377,0.0026646,0.0046631,0.78051,0.22266,10.206
-0.00039969,0.001732,0.0093262,0.84276,0.21308,10.233
-0.034907,-0.00039969,0.0027979,0.75896,0.32801,10.276
-0.031576,0.0038637,0.0065283,0.7446,0.23463,10.281
-0.036505,0.0025314,0.0063951,0.86191,0.28012,10.199
-0.034374,-0.0014655,0.0025314,0.73981,0.2466,10.161
-0.035839,-0.033574,0.0046631,0.76854,0.26815,10.202
-0.033974,0.0046631,0.0057289,0.76614,0.26097,10.132
-0.035706,0.00093262,0.0063951,0.62489,0.23224,10.161
-0.030643,0.033974,0.0039969,0.7853,0.27294,10.192
-0.068081,0.00079939,0.0066616,0.62489,0.27773,10.235
-0.030377,0.0031975,0.0046631,0.90261,0.28252,10.218
-0.033574,0.033574,0.0074609,0.6201,0.25139,10.264
-0.036639,0.0043966,0.0050628,0.76136,0.31843,10.276
-0.032908,-0.0045299,0.0070613,0.79009,0.23703,10.063
-0.031176,0.033841,0.0058622,0.81642,0.25139,10.178
-0.0022649,0.0030643,0.0042634,0.77572,0.28491,10.216
-0.00066616,-0.0011991,0.0074609,0.79487,0.27294,10.199
-0.036239,-0.00026646,0.0079939,0.90022,0.25139,10.084
-0.03051,-0.00053292,0.0067948,0.7446,0.2466,10.118
-0.032908,-0.0014655,0.003464,0.826,0.30406,10.269
-0.03544,0.001732,0.0065283,0.90261,0.17717,10.092
-0.030776,0.0025314,0.0057289,0.62249,0.24421,10.135
-0.035839,0.00093262,0.0079939,0.80685,0.29928,10.094
-0.029577,-0.0010658,0.0054625,0.77093,0.19872,10.139
-0.032375,-0.0023982,0.0070613,0.76375,0.26336,10.25
-0.032508,0.0038637,0.0045299,0.74939,0.15323,10.19
-0.034907,-0.00013323,0.0087933,0.72305,0.2897,10.206
-0.00039969,0.00053292,0.006928,0.62728,0.26336,10.238
-0.00013323,0.0019985,0.006928,0.77812,0.29449,10.192
-0.037305,0.0011991,0.0037305,0.87867,0.17238,10.159
-0.032642,0.0010658,0.0045299,0.9098,0.18435,10.017
-0.033574,-0.00093262,0.0057289,0.68953,0.23224,10.223
-0.032642,0.0041302,0.0075942,0.83558,0.22984,10.187
-0.032242,0.00066616,0.0058622,0.78769,0.21308,10.139
-0.033708,0.0027979,0.0057289,0.79009,0.28491,10.195
-0.031176,-0.00066616,0.0058622,0.79009,0.15323,10.175
-0.033041,0.0015988,0.0049296,0.62968,0.27773,10.166
-0.038237,0.0029311,0.0063951,0.9098,0.25379,10.183
-0.035972,0.0014655,0.005196,0.62489,0.29688,10.154
-0.031443,0.0046631,0.0050628,0.88585,0.30406,10.175
-0.0014655,0.00039969,0.0047963,0.77093,0.16759,10.228
-0.036905,-0.033574,0.0070613,0.75178,0.22745,10.391
-0.035706,0.00039969,0.0049296,0.89543,0.18196,10.06
-0.00053292,-0.033308,0.0077274,0.82121,0.29928,10.151
-0.037704,0.00026646,0.0061286,0.64404,0.27773,9.9886
-0.068214,-0.0018652,0.0055957,0.77333,0.27773,10.144
-0.03504,-0.0021317,0.0067948,0.89543,0.28252,10.353
-0.032375,0.001732,0.0053292,0.89064,0.23703,10.379
-0.036639,0.0027979,0.0066616,0.79727,0.25379,10.312
-0.032775,0.00013323,0.0077274,0.78051,0.21069,10.199
-0.03464,0.0018652,0.0041302,0.7829,0.24421,10.197
-0.067948,-0.033708,0.00079939,0.75896,0.25139,10.223
-0.035573,0.0037305,0.0053292,0.81882,0.19154,10.221
-0.033175,0.00093262,0.0085268,0.72544,0.32801,10.185
-0.032242,0.0021317,0.0067948,0.76614,0.27773,10.001
-0.033841,0.0021317,0.0074609,0.79009,0.28012,10.166
-0.032775,0.0018652,0.0067948,0.78769,0.26097,10.151
-0.032508,-0.0019985,0.0071945,0.77093,0.2083,10.003
-0.031576,-0.0033308,0.0085268,0.80685,0.30646,10.156
-0.033308,0.0031975,0.0049296,0.80445,0.27533,10.192
-0.03504,0.0047963,0.0054625,0.68235,0.33519,10.173
-0.030643,0.00079939,0.0033308,0.81163,0.28491,10.139
-0.03917,-0.00079939,0.0078606,0.82121,0.27054,10.142
-0.032642,0.0010658,0.0058622,0.82839,0.27054,10.348
-0.032109,-0.0013323,0.0037305,0.77812,0.25139,10.168
-0.033708,0.001732,0.0058622,0.77812,0.23703,10.001
-0.068214,-0.0035972,0.0063951,0.75417,0.25139,10.274
-0.040103,0.0039969,0.0065283,0.79009,0.27294,10.214
-0.034907,0.00079939,0.0077274,0.73741,0.28491,10.24
-0.037838,-0.034107,0.0045299,0.84994,0.27054,10.206
-0.03464,0.0033308,0.0054625,0.79009,0.23942,10.178
-0.038371,0.032642,0.0054625,0.74939,0.29209,10.166
-0.035573,0.0022649,0.0053292,0.73023,0.26576,10.139
-0.038104,0.0038637,0.0054625,0.83318,0.2873,10.168
-0.00013323,-0.00053292,0.0089265,0.80924,0.22984,10.084
-0.035839,0.0038637,0.0075942,0.79966,0.22266,10.07
-0.031576,0.0011991,0.0049296,0.80924,0.26336,10.127
-0.030243,-0.001732,0.0057289,0.73741,0.25379,10.216
-0.032242,0.0018652,0.0090597,0.74939,0.26576,10.23
-0.034773,0.0018652,0.0027979,0.76854,0.28252,10.257
-0.03877,-0.0023982,0.0039969,0.82839,0.30406,10.278
-0.031309,0.0018652,0.0055957,0.7829,0.27773,10.393
-0.031443,0.00013323,0.0063951,0.75417,0.20351,10.254
-0.037305,0.0025314,0.0066616,0.70868,0.29209,10.118
-0.032242,0.0019985,0.0059954,0.77572,0.2466,10.127
-0.00079939,-0.0039969,0.0065283,0.72065,0.30885,10.101
-0.032908,0.0043966,0.0045299,0.79727,0.24421,10.168
-0.037305,0.0035972,0.0058622,0.7853,0.26097,10.171
-0.037305,0.0030643,0.0061286,0.75417,0.21308,10.166
-0.033041,0.0022649,0.0063951,0.76136,0.31843,10.25
-0.032642,0.00079939,0.0042634,0.76136,0.26097,10.151
-0.068081,0.00066616,0.0046631,0.85473,0.25618,10.271
-0.032109,0.0013323,0.0079939,0.75657,0.2083,10.209
-0.068081,0.00079939,0.0046631,0.77812,0.28012,10.259
-0.035706,-0.0029311,0.0063951,0.76614,0.2897,10.175
-0.033175,-0.033841,0.0043966,0.71108,0.27054,10.12
-0.033441,0.0029311,0.0058622,0.81403,0.22984,10.209
-0.035972,0.0062619,0.0073277,0.77093,0.24181,10.202
-0.035972,0.0055957,0.0046631,0.71587,0.23224,10.154
-0.036505,0.0025314,0.0057289,0.74699,0.30646,10.139
-0.036905,0.00093262,0.0087933,0.79966,0.30167,10.116
-0.033175,0,0.0053292,0.75178,0.30167,10.166
-0.030377,-0.0021317,0.0078606,0.80206,0.26815,10.139
-0.033841,-0.033574,0.0041302,0.78769,0.28252,10.247
-0.068081,0.0023982,0.0046631,0.83079,0.23942,10.185
-0.036372,0.0029311,0.0039969,0.73263,0.29209,10.144
-0.033841,0.0053292,0.0082603,0.73023,0.22984,10.108
-0.036639,-0.0013323,0.0065283,0.75657,0.45729,10.094
-0.032908,0.00039969,0.0063951,0.76614,0.21069,10.252
-0.036106,0.032775,0.0046631,0.65601,0.27533,10.242
-0.033708,0.0041302,0.0062619,0.73263,0.15802,10.202
-0.03424,-0.0025314,0.0049296,0.89783,0.22027,10.151
-0.034374,0.033841,0.0065283,0.76136,0.2873,10.274
-0.033041,0.032775,0.0075942,0.62249,0.25857,10.326
-0.034907,0.0011991,0.0065283,0.78051,0.16999,10.209
-0.067948,0.033041,0.0018652,0.77333,0.26815,10.226
-0.035573,0.0015988,0.005196,0.75896,0.26336,10.142
-0.033841,-0.031842,0.003464,0.82361,0.1652,10.218
-0.031576,-0.034107,0.0055957,0.79727,0.28491,9.9982
-0.031576,0.00066616,0.0063951,0.90261,0.16759,10.23
-0.028112,-0.033041,0.0062619,0.75896,0.26097,10.166
-0.03544,-0.0010658,0.0058622,0.90261,0.41899,10.18
-0.031576,-0.00093262,0.009193,0.90501,0.24181,10.185
-0.035173,0.0031975,0.0047963,0.62249,0.28012,10.075
-0.035706,0.00079939,0.0038637,0.62728,0.27294,10.257
-0.033441,0.0039969,0.0079939,0.79009,0.27054,10.245
-0.032908,0.0038637,0.0059954,0.9098,0.24421,10.166
-0.029844,0.0013323,0.0071945,0.63686,0.24181,10.214
-0.068214,0.032775,0.0070613,0.81642,0.26097,10.29
-0.030776,-0.0018652,0.0063951,0.89304,0.25857,10.209
-0.034773,0.0023982,0.0053292,0.77572,0.2873,10.197
-0.036372,0.00079939,0.0059954,0.78051,0.22266,9.9838
-0.00079939,-0.00039969,0.005196,0.80206,0.2466,10.123
-0.033708,0.0013323,0.0075942,0.77093,0.21308,10.202
-0.033708,0.0027979,0.0078606,0.80206,0.28012,10.192
-0.033308,0.0011991,0.0058622,0.74699,0.23703,10.185
-0.033441,0.0013323,0.006928,0.62968,0.28252,10.166
-0.032375,0.0030643,0.0062619,0.78051,0.22027,10.235
-0.031976,-0.0019985,0.0070613,0.70868,0.25139,10.116
-0.067815,-0.033574,0.0047963,0.72544,0.27054,10.142
-0.034107,-0.0018652,0.0067948,0.75178,0.26097,10.197
-0.0021317,-0.0011991,0.0085268,0.75417,0.27773,10.197
-0.033041,0.0015988,0.0037305,0.75896,0.15323,10.192
-0.034907,0.0030643,0.0098591,0.75896,0.28012,10.204
-0.0014655,-0.033441,0.0067948,0.71347,0.27773,10.25
-0.033041,-0.0023982,0.0059954,0.7829,0.27054,10.168
-0.033974,0.00026646,0.0043966,0.72784,0.39744,10.338
-0.031043,0.0029311,0.0070613,0.7829,0.23703,10.24
-0.033175,0.0037305,0.0030643,0.71347,0.27054,10.173
-0.035972,-0.00039969,0.0053292,0.81403,0.24181,10.036
-0.032642,0.00066616,0.0054625,0.72305,0.32082,10.192
-0.031576,0.033441,0.0074609,0.75178,0.2466,10.18
-0.031309,-0.034107,0.005196,0.77572,0.26576,10.168
-0.03051,0.0019985,0.0085268,0.71587,0.2466,10.171
-0.031309,0.00013323,0.0057289,0.75178,0.22984,10.23
-0.03464,0.0013323,0.0037305,0.81882,0.33758,10.168
-0.037038,-0.0027979,0.0043966,0.79248,0.28012,10.19
-0.035706,0.001732,0.0050628,0.73741,0.32082,10.206
-0.035306,0.0022649,0.0049296,0.72784,0.33998,10.197
-0.032375,-0.033574,0.0065283,0.79966,0.25857,10.07
-0.03544,0.0046631,0.0066616,0.78051,0.21548,10.116
-0.038371,0.0025314,0.0071945,0.76854,0.27533,10.218
-0.036505,0.003464,0.0059954,0.77333,0.31843,10.142
-0.036905,0.0010658,0.0057289,0.75657,0.28491,10.125
-0.033441,0.0011991,0.0066616,0.71826,0.29449,10.139
-0.035972,-0.0022649,0.0075942,0.79248,0.29209,10.226
-0.031309,0.033308,0.0083936,0.76136,0.19632,10.278
-0.03504,0.0018652,0.0083936,0.77572,0.28252,10.192
-0.034907,0.033441,0.006928,0.79487,0.25618,10.211
-0.034907,0.00093262,0.0041302,0.81642,0.26576,10.154
-0.03464,0.00093262,0.0053292,0.85712,0.25618,10.266
-0.033308,0.00053292,0.0038637,0.7853,0.28252,10.178
-0.035839,0.00013323,0.0049296,0.79966,0.21069,10.151
-0.034773,0.0026646,0.0022649,0.72544,0.28252,10.178
-0.036905,0.0035972,0.0082603,0.75178,0.25139,10.192
-0.032375,0.0023982,0.0059954,0.826,0.25857,10.309
-0.035706,0.0031975,0.0057289,0.7829,0.25857,10.29
-0.033974,0.00053292,0.0066616,0.80206,0.25857,10.199
-0.03464,0.003464,0.005196,0.80445,0.25857,10.257
-0.038504,0.0025314,0.0058622,0.77812,0.31603,10.125
-0.037305,0.00053292,0.0038637,0.77572,0.2897,10.125
-0.032775,-0.0029311,0.0053292,0.74939,0.26336,10.07
-0.031842,-0.0035972,0.0097259,0.81403,0.27054,10.092
-0.036239,0.001732,0.0062619,0.75896,0.23942,10.269
-0.031842,-0.0010658,0.003464,0.7829,0.2466,10.209
-0.035972,0.033041,0.0053292,0.81163,0.28252,10.321
-0.033175,0.00093262,0.0037305,0.81882,0.28491,10.233
-0.034507,-0.0014655,0.0046631,0.75657,0.2897,10.18
-0.067282,0.0047963,0.0067948,0.80685,0.29449,10.156
-0.034907,-0.0030643,0.0073277,0.78769,0.25379,10.063
-0.032642,-0.0022649,0.0095926,0.78769,0.21548,10.084
-0.067282,-0.0015988,0.0047963,0.7422,0.23942,10.195
-0.032642,0,0.0057289,0.78769,0.2466,10.317
-0.035573,0.0013323,0.0047963,0.73981,0.28012,10.257
-0.03464,-0.0011991,0.0038637,0.78051,0.27773,10.036
-0.034907,-0.0014655,0.00866,0.76375,0.26336,10.163
-0.00013323,0.0015988,0.005196,0.77812,0.22505,10.226
-0.067815,0.0030643,0.0030643,0.75896,0.26815,10.226
-0.033308,0.0010658,0.0058622,0.9098,0.249,10.151
-0.031976,0.0010658,0.0050628,0.7853,0.30646,10.139
-0.068214,-0.0013323,0.0067948,0.6201,0.27294,10.173
-0.035706,-0.033574,0.0055957,0.76136,0.22505,10.3
-0.032642,0.00026646,0.0077274,0.89064,0.27294,10.187
-0.037305,0.00026646,0.0053292,0.80685,0.26576,10.235
-0.032375,0.00079939,0.0061286,0.6177,0.26097,10.159
-0.03424,-0.0030643,0.0063951,0.85473,0.17717,10.221
-0.031709,-0.0022649,0.0049296,0.81403,0.26336,10.202
-0.034374,0.0018652,0.0061286,0.62968,0.29688,10.348
-0.037571,0.0041302,0.0065283,0.79487,0.2897,10.245
-0.036239,0.0027979,0.006928,0.78051,0.22505,10.195
-0.036106,0.0039969,0.0073277,0.73023,0.24181,10.104
-0.033175,0.00066616,0.0053292,0.79009,0.21787,10.247
-0.032642,0.00053292,0.0049296,0.86191,0.17238,10.168
-0.036372,0.005196,0.0047963,0.65122,0.24421,10.175
-0.067548,-0.0011991,0.0062619,0.9098,0.17478,10.137
-0.035706,-0.00026646,0.0065283,0.76614,0.25857,10.242
-0.03504,0.00026646,0.0063951,0.9074,0.25618,10.154
-0.033175,0.0018652,0.0077274,0.80924,0.25139,10.206
-0.035706,0.0014655,0.0075942,0.61531,0.30167,10.216
-0.067681,-0.033841,0.0070613,0.74939,0.2466,10.077
-0.036905,0.0015988,0.0083936,0.80924,0.27773,10.178
-0.036372,-0.00079939,0.0039969,0.89304,0.22745,10.233
-0.036372,0.0010658,0.0038637,0.79248,0.22745,10.218
-0.033841,-0.001732,0.0061286,0.78769,0.22505,10.206
-0.038237,-0.00053292,0.0067948,0.75178,0.29209,10.159
-0.035706,0.0015988,0.0095926,0.90501,0.249,10.23
-0.031709,0.00053292,0.0058622,0.73981,0.27773,10.166
-0.068081,0.00093262,0.0065283,0.77572,0.29928,10.008
-0.035573,-0.0031975,0.0074609,0.91698,0.18675,10.144
-0.035839,0.033841,0.0073277,0.79727,0.19872,10.12
-0.036772,0.0010658,0.0061286,0.77093,0.25139,10.211
-0.033974,0.0043966,0.0042634,0.826,0.25857,10.135
-0.035972,0.00093262,0.00866,0.77093,0.42138,10.209
-0.035839,0.033441,0.0049296,0.79727,0.25618,10.123
-0.036372,0.033441,0.0045299,0.84276,0.26336,10.087
-0.037172,0.033974,0.0087933,0.77093,0.29449,10.096
-0.033574,0.003464,0.0065283,0.73263,0.25139,10.312
-0.00079939,0.00079939,0.0037305,0.80206,0.16759,10.254
-0.035706,0.0029311,0.0045299,0.78051,0.43335,10.264
-0.034507,0.0025314,0.0047963,0.7446,0.24421,10.202
-0.066882,0.00039969,0.0041302,0.75178,0.19632,10.149
-0.035306,0.0043966,0.0062619,0.75896,0.249,10.084
-0.037571,0.0014655,0.0038637,0.83079,0.31603,10.187
-0.032109,-0.0015988,0.0045299,0.76854,0.29449,9.979
-0.00026646,0.0013323,0.0055957,0.79248,0.22745,10.19
-0.031576,-0.033708,0.0050628,0.77812,0.27054,10.226
-0.00093262,0.033974,0.0037305,0.82121,0.26097,10.238
-0.027712,0.0057289,0.0043966,0.7422,0.23703,10.235
-0.032908,-0.0014655,0.0041302,0.78051,0.27533,10.13
-0.033841,0.00093262,0.0055957,0.82361,0.19872,10.168
-0.03464,0.0025314,0.0063951,0.78051,0.33998,10.187
-0.037971,0.0013323,0.0063951,0.73981,0.27294,10.111
-0.027579,-0.033175,0.0071945,0.69192,0.25139,10.259
-0.037704,0.006928,0.0042634,0.77572,0.27533,10.285
-0.037038,0.0025314,0.0041302,0.78051,0.28491,10.333
-0.036239,0.0022649,0.0071945,0.75178,0.23224,10.108
-0.036905,0.0022649,0.0043966,0.7829,0.27773,10.173
-0.033041,0.0043966,0.0082603,0.72065,0.22505,10.082
-0.03051,-0.0038637,0.0054625,0.77572,0.22745,10.187
-0.033974,-0.033841,0.0043966,0.73741,0.35674,10.192
-0.034773,0.0030643,0.006928,0.77572,0.23463,10.142
-0.001732,-0.00013323,0.0050628,0.7829,0.27294,10.209
-0.033574,0.0047963,0.0057289,0.76614,0.22984,10.173
-0.032642,0.0014655,0.0093262,0.75896,0.26097,10.214
-0.034907,-0.00039969,0.0046631,0.74939,0.28252,10.209
-0.031842,-0.033308,0.0057289,0.79009,0.32561,10.116
-0.032508,0.0021317,0.0089265,0.76854,0.25139,10.132
-0.035706,0.0022649,0.0074609,0.826,0.19154,10.142
-0.037571,0.0019985,0.0055957,0.79487,0.2897,10.262
-0.00093262,0.0029311,0.0057289,0.89064,0.23224,10.254
-0.035972,-0.0022649,0.0054625,0.81163,0.31364,10.151
-0.036639,-0.0035972,0.0050628,0.79248,0.22505,10.23
-0.033574,0.001732,0.0071945,0.83318,0.32082,10.111
-0.033841,0.0011991,0.0070613,0.84755,0.21069,10.218
-0.032642,0.0037305,0.0043966,0.82839,0.22984,10.262
-0.033708,0.0010658,0.00866,0.79009,0.31125,10.274
-0.034374,0.0045299,0.0050628,0.79248,0.30167,10.053
-0.066349,0.0041302,0.0065283,0.73023,0.3711,10.139
-0.037838,0.00026646,0.0057289,0.72065,0.34955,10.118
-0.035972,-0.0010658,0.0037305,0.75896,0.28012,10.051
-0.0429,-0.0085268,0.0093262,0.73981,0.30167,9.8545
-0.021717,-0.0079939,0.0085268,0.86431,0.095768,10.199
-0.017054,0.0010658,0.0029311,0.89064,0.23942,10.587
-0.049828,0.0023982,0.006928,0.77572,0.30167,10.597
-0.045032,0.012257,0.0058622,0.81642,0.23463,10.096
-0.03877,0.0078606,0.0035972,0.61292,0.26097,10.034
-0.032508,0.033974,0.0053292,0.75178,0.33998,10.149
-0.031842,0.005196,0.0070613,0.79966,0.28252,10.199
-0.067415,-0.0026646,0.0042634,0.7446,0.21308,10.168
-0.033974,-0.0021317,0.0057289,0.6201,0.249,10.101
-0.033574,-0.0021317,0.0061286,0.65362,0.28491,10.135
-0.031709,-0.0053292,0.0046631,0.90022,0.30406,10.175
-0.034773,-0.0062619,0.0041302,0.87867,0.44053,10.175
-0.03544,-0.0050628,0.0070613,0.89064,0.21069,10.319
-0.031043,-0.0038637,0.0054625,0.79487,0.25139,10.223
-0.029844,-0.0010658,0.0073277,0.76854,0.27054,10.288
-0.03464,-0.00026646,0.010259,0.79009,0.44293,10.195
-0.031309,-0.00066616,0.0081271,0.74939,0.27533,10.247
-0.036106,0.0013323,0.005196,0.62489,0.26336,10.166
-0.00013323,-0.0013323,0.0053292,0.66319,0.2897,10.092
-0.033175,-0.0043966,0.0035972,0.88346,0.2083,10.242
-0.033974,-0.0026646,0.0070613,0.77812,0.23942,10.156
-0.00039969,-0.00066616,0.0027979,0.81882,0.30167,10.185
-0.068081,0.0018652,0.0039969,0.826,0.29688,10.099
-0.068081,0.005196,0.0042634,0.9098,0.15323,10.144
-0.038637,0.0010658,0.0073277,0.82361,0.23703,10.233
-0.034507,-0.033974,0.0057289,0.83079,0.27294,10.221
-0.033175,-0.001732,0.0045299,0.75178,0.28012,10.343
-0.067948,-0.033441,0.0053292,0.77093,0.29928,10.137
-0.030377,0.0019985,0.0030643,0.84515,0.26336,10.341
-0.033841,-0.032908,0.0066616,0.90501,0.30167,10.221
-0.032375,-0.0031975,0.0074609,0.64643,0.21548,10.151
-0.068214,0.0043966,0.0041302,0.79248,0.28012,10.348
-0.033574,-0.033841,0.0070613,0.71108,0.27054,10.254
-0.034107,0.0021317,0.0083936,0.75657,0.27773,10.166
-0.033708,0.0062619,0.0037305,0.89304,0.21787,10.309
-0.00066616,-0.033841,0.010392,0.72305,0.2059,10.159
-0.03544,-0.00053292,0.005196,0.78051,0.22745,10.135
-0.034107,0.00053292,0.0054625,0.9074,0.26336,10.168
-0.03504,-0.0019985,0.0046631,0.79009,0.24421,9.9982
-0.032908,0.0033308,0.0045299,0.79009,0.27773,10.204
-0.035306,0.0010658,0.0075942,0.77093,0.29928,10.127
-0.033175,0.0013323,0.0079939,0.77812,0.23463,10.245
-0.031176,-0.0022649,0.0025314,0.82121,0.20111,10.369
-0.067149,0.0039969,0.009193,0.79009,0.2466,10.238
-0.035706,0.0038637,0.0065283,0.80685,0.26097,10.125
-0.037172,0.0053292,0.0050628,0.75178,0.16041,9.9599
-0.0010658,-0.0038637,0.0039969,0.80445,0.22984,10.242
-0.03091,0.0013323,0.0057289,0.7422,0.28252,10.264
-0.032242,0.00039969,0.0057289,0.80206,0.26576,10.197
-0.031443,-0.0011991,0.0078606,0.69432,0.24421,10.139
-0.035173,0.0049296,0.0053292,0.74939,0.23703,10.151
-0.030643,0.0018652,0.0081271,0.75178,0.42138,10.168
-0.036772,0.0041302,0.0066616,0.7853,0.26576,10.195
-0.03544,0.0042634,0.0063951,0.75657,0.27294,10.264
-0.036905,-0.0025314,0.0041302,0.77333,0.25379,10.214
-0.00026646,0.0010658,0.0053292,0.76136,0.21548,10.005
-0.032775,-0.0021317,0.0079939,0.76854,0.25857,10.252
-0.032775,-0.0019985,0.0090597,0.77812,0.28252,10.362
-0.032642,0.0021317,0.0043966,0.80685,0.28012,10.204
-0.035972,0.0018652,0.0039969,0.81642,0.27773,10.262
-0.036639,0.0010658,0.0054625,0.73502,0.30167,10.171
-0.035839,0.0042634,0.0062619,0.73741,0.29449,10.137
-0.032775,0.0021317,0.0063951,0.77812,0.2466,10.19
-0.034507,0.00053292,0.0047963,0.81882,0.22984,10.216
-0.033441,-0.00079939,0.0049296,0.83079,0.23463,10.156
-0.032508,-0.033708,0.003464,0.76136,0.25379,10.135
-0.067948,0.00013323,0.006928,0.74939,0.25618,10.269
-0.067815,0.0021317,0.0067948,0.77333,0.27054,10.235
-0.038637,0.0031975,0.0049296,0.78051,0.31364,10.23
-0.03424,0.0010658,0.0074609,0.78051,0.25379,10.166
-0.030776,0.00026646,0.005196,0.75896,0.31603,10.142
-0.033041,-0.0010658,0.0063951,0.76854,0.31364,10.288
-0.036639,0.0041302,0.0049296,0.82361,0.25857,10.175
-0.03504,-0.032109,0.0062619,0.74939,0.29209,10.209
-0.067815,0.0018652,0.0071945,0.7853,0.26097,10.23
-0.068081,0.0027979,0.0067948,0.77812,0.24421,10.257
-0.035173,-0.00026646,0.0027979,0.73263,0.23463,10.166
-0.03504,0.0025314,0.0093262,0.78769,0.27294,10.202
-0.033041,-0.00039969,0.0019985,0.75657,0.29928,10.195
-0.068214,-0.033574,0.001732,0.83797,0.25139,10.171
-0.00066616,0.0047963,0.0077274,0.72784,0.2466,10.183
-0.067681,-0.034107,0.0043966,0.75178,0.25139,10.173
-0.034907,0.0050628,0.0045299,0.79727,0.26097,10.233
-0.032775,0.0023982,0.0029311,0.79727,0.31125,10.046
-0.034374,-0.00039969,0.0049296,0.84755,0.27294,10.192
-0.036106,0.0049296,0.0087933,0.80924,0.29928,10.278
-0.037838,0.00026646,0.0057289,0.76375,0.26815,10.206
-0.036106,0.0027979,0.0082603,0.74699,0.29688,10.156
-0.035706,0.0011991,0.0045299,0.77572,0.25618,10.178
-0.036505,0.033441,0.0077274,0.77572,0.27533,10.159
-0.033708,0.003464,0.005196,0.79966,0.26336,10.005
-0.030643,-0.0022649,0.0079939,0.80924,0.249,10.23
-0.035972,0.033841,0.0049296,0.73263,0.24181,10.159
-0.032908,-0.033175,0.0038637,0.72305,0.24421,10.113
-0.033175,-0.00053292,0.0038637,0.7853,0.26815,10.147
-0.031709,-0.0033308,0.0070613,0.79487,0.2466,10.113
-0.032109,-0.00066616,0.0061286,0.75178,0.25379,10.017
-0.037305,0.033841,0.0081271,0.76854,0.22745,10.223
-0.031709,-0.0039969,0.0062619,0.71587,0.23942,10.206
-0.033308,-0.0033308,0.005196,0.77572,0.29449,10.209
-0.067815,0.0025314,0.009193,0.76614,0.23942,10.288
-0.067149,0.0023982,0.0037305,0.826,0.30646,10.309
-0.067015,0.0050628,0.0049296,0.76136,0.2873,10.211
-0.036772,0.0015988,0.0043966,0.78769,0.2897,10.235
-0.036106,0.0025314,0.0066616,0.73502,0.21787,10.163
-0.03544,-0.00013323,0.0046631,0.72784,0.22027,10.108
-0.036905,0.0033308,0.0054625,0.7853,0.23942,10.137
-0.032908,0.0066616,0.0095926,0.63207,0.21069,10.29
-0.031842,0.0019985,0.0035972,0.77093,0.25618,10.202
-0.067948,0.0042634,0.0066616,0.9098,0.2466,10.118
-0.036505,0.00066616,0.0057289,0.79727,0.16759,10.159
-0.031443,-0.0026646,0.0050628,0.88346,0.25618,10.142
-0.036372,0.0014655,0.0089265,0.84755,0.29449,10.206
-0.00026646,0,0.0058622,0.80206,0.27294,10.139
-0.029844,0.001732,0.003464,0.9074,0.2873,10.159
-0.037704,0,0.0058622,0.79009,0.21548,10.221
-0.0015988,0.00013323,0.0065283,0.64643,0.16281,10.185
-0.067415,0,0.0058622,0.81163,0.20111,10.137
-0.066349,-0.00066616,0.0046631,0.7853,0.23942,10.216
-0.035706,-0.032109,0.0089265,0.71587,0.26097,10.218
-0.035306,0.0010658,0.0054625,0.78051,0.28012,10.264
-0.034374,-0.00026646,0.0062619,0.79248,0.24181,10.166
-0.037704,0.032508,0.0071945,0.88107,0.26815,10.197
-0.033708,0.0010658,0.0045299,0.87388,0.25139,10.187
-0.031842,-0.001732,0.0058622,0.74939,0.25618,10.183
-0.033441,0.00026646,0.0035972,0.80924,0.29209,10.262
-0.030776,0.033308,0.0053292,0.91459,0.23942,10.221
-0.031976,0.033308,0.0099923,0.64883,0.19872,10.173
-0.033974,0.0013323,0.0045299,0.83318,0.2873,9.9742
-0.033308,0.0027979,0.0055957,0.74699,0.25139,10.245
-0.036372,-0.0014655,0.0038637,0.7853,0.31843,10.223
-0.033041,0.0013323,0.0063951,0.9074,0.27773,10.075
-0.03464,-0.0011991,0.0061286,0.61531,0.249,10.183
-0.035839,0.0011991,0.005196,0.83558,0.27773,10.202
-0.036239,0.0027979,0.0093262,0.91698,0.23224,10.192
-0.033441,-0.00039969,0.0037305,0.6608,0.26576,10.199
-0.068081,0.0010658,0.0081271,0.62728,0.27533,10.218
-0.034107,0.0021317,0.0089265,0.73981,0.16999,10.25
-0.00013323,-0.0014655,0.006928,0.77572,0.23942,10.147
-0.032775,0.00093262,0.0047963,0.7446,0.28491,10.116
-0.034773,0.00066616,0.0057289,0.77812,0.27294,10.254
-0.03877,-0.0015988,0.0047963,0.77812,0.25379,10.065
-0.033841,0.0035972,0.0074609,0.63925,0.25618,10.343
-0.036239,-0.00026646,0.0061286,0.89543,0.43574,10.175
-0.033175,0.00093262,0.0075942,0.81163,0.24181,10.254
-0.036239,0.0010658,0.0055957,0.75417,0.27054,10.144
-0.035573,-0.0011991,0.0053292,0.73981,0.22745,10.113
-0.037571,-0.00039969,0.0053292,0.75896,0.4142,10.166
-0.033175,-0.0018652,0.0053292,0.73502,0.2466,10.156
-0.03464,0.00013323,0.0078606,0.75896,0.28012,10.173
-0.033441,-0.001732,0.0046631,0.7853,0.30167,10.154
-0.033841,0.0018652,0.011191,0.82361,0.3711,10.269
-0.034107,0.0025314,0.0055957,0.80445,0.249,10.13
-0.034374,0.00013323,0.0043966,0.76614,0.26336,10.214
-0.00039969,0.0035972,0.0067948,0.84276,0.27773,10.183
-0.036372,-0.033441,0.0057289,0.78051,0.27054,10.003
-0.067815,0.0013323,0.005196,0.80445,0.17238,10.23
-0.068081,-0.033974,0.0058622,0.82121,0.26097,10.197
-0.033574,0.0018652,0.0078606,0.80924,0.2873,10.24
-0.035173,-0.032242,0.003464,0.76854,0.18675,10.135
-0.033708,-0.00093262,0.0029311,0.77572,0.25618,9.9695
-0.035173,0.032775,0.0066616,0.80685,0.21787,10.127
-0.034374,-0.00066616,0.0067948,0.79727,0.27773,10.202
-0.037172,0.0014655,0.0054625,0.73023,0.249,10.36
-0.035173,0.033841,0.0067948,0.71587,0.30885,10.202
-0.037571,-0.003464,0.0050628,0.79487,0.28491,10.252
-0.033175,0.00026646,0.0039969,0.72305,0.27054,10.159
-0.033308,0.0029311,0.0053292,0.79248,0.22745,10.3
-0.033841,0.0049296,0.0075942,0.76136,0.26576,10.163
-0.035173,-0.0011991,0.0057289,0.79727,0.29209,10.156
-0.068214,-0.0015988,0.0045299,0.76136,0.23942,10.262
-0.032242,0.003464,0.0041302,0.75896,0.27054,10.25
-0.034507,0.0023982,0.0065283,0.77572,0.2873,10.202
-0.036505,0.0023982,0.0066616,0.73981,0.25379,10.266
-0.033308,-0.0033308,0.0082603,0.79009,0.25857,10.233
-0.035839,0.0019985,0.0011991,0.7853,0.21787,10.163
-0.03544,0.0018652,0.0070613,0.79009,0.2873,10.127
-0.034773,-0.0010658,0.0053292,0.76375,0.27054,10.18
-0.035173,0.0029311,0.0046631,0.81642,0.2059,10.218
-0.033574,0.00013323,0.0067948,0.77812,0.27054,10.151
-0.00039969,0.0019985,0.0082603,0.80206,0.29688,10.266
-0.00093262,0.0065283,0.0047963,0.76854,0.27533,10.151
-0.036905,-0.0027979,0.0078606,0.75417,0.25618,10.197
-0.035839,0.00039969,0.0077274,0.77812,0.25857,10.235
-0.0011991,0.0019985,0.0074609,0.71587,0.22984,10.206
-0.068214,-0.032775,0.0079939,0.79009,0.21069,10.204
-0.03424,-0.0021317,0.0041302,0.75178,0.27773,10.142
-0.03544,0.0019985,0.0037305,0.7446,0.2466,10.218
-0.037971,0.0026646,0.0035972,0.76136,0.27054,10.149
-0.027579,0.0018652,0.0067948,0.79009,0.28252,10.173
-0.036106,0.0023982,0.0083936,0.81882,0.30646,10.266
-0.031842,0.0013323,0.0061286,0.76614,0.22027,10.135
-0.03091,0.00013323,0.011058,0.83079,0.22984,10.197
-0.00013323,0.0014655,0.0039969,0.80685,0.27533,10.151
-0.035573,0.0038637,0.0047963,0.80445,0.249,10.202
-0.034907,0.0030643,0.0029311,0.80685,0.25618,10.127
-0.03504,0.0011991,0.006928,0.72784,0.25618,10.187
-0.031576,0.0011991,0.0094594,0.75896,0.23703,10.147
-0.035573,0.0018652,0.006928,0.77812,0.22745,10.118
-0.033841,-0.0019985,0.0078606,0.89064,0.26576,10.199
-0.068214,0.033308,0.0073277,0.80445,0.21548,10.163
-0.030643,0.001732,0.0085268,0.75896,0.30406,10.118
-0.00053292,0.0013323,0.0041302,0.79487,0.23224,10.12
-0.031976,0.0014655,0.0031975,0.7853,0.2466,10.285
-0.035972,0.00079939,0.0050628,0.80685,0.21787,10.192
-0.031043,-0.034107,0.0062619,0.89783,0.2873,10.18
-0.034773,0.0023982,0.0094594,0.80685,0.27054,10.175
-0.067548,0.0025314,0.0039969,0.7829,0.26576,10.221
-0.00013323,0.00039969,0.003464,0.91459,0.27533,10.178
-0.038504,-0.00053292,0.0054625,0.77812,0.17238,10.218
-0.032242,0,0.0059954,0.73023,0.28012,10.175
-0.036772,0.0029311,0.0070613,0.79487,0.26815,10.228
-0.033041,0.0015988,0.0057289,0.89783,0.27533,10.154
-0.035306,0.0021317,0.0050628,0.73502,0.26815,10.135
-0.033574,-0.0031975,0.0046631,0.78051,0.26097,10.202
-0.033041,0.003464,0.0055957,0.67038,0.24181,10.149
-0.00013323,0.033441,0.0075942,0.79727,0.4142,10.228
-0.031976,0.0019985,0.0059954,0.83079,0.27054,10.218
-0.035306,-0.033708,0.0055957,0.63446,0.15562,10.221
-0.037172,0.0042634,0.0053292,0.80445,0.23224,10.293
-0.033041,0.001732,0.0065283,0.79487,0.22266,10.173
-0.034907,0.0021317,0.003464,0.91459,0.26336,10.223
-0.034907,0.0015988,0.0043966,0.78769,0.25618,10.183
-0.032109,-0.0013323,0.0035972,0.79487,0.30406,10.123
-0.031976,0.0045299,0.0037305,0.79727,0.27533,9.9886
-0.00039969,0.0010658,0.0095926,0.78769,0.28252,10.159
-0.035839,0.00066616,0.0035972,0.67516,0.25139,10.4
-0.036639,-0.00079939,0.0057289,0.78051,0.29209,10.187
-0.031576,0.0046631,0.0058622,0.7853,0.28252,10.202
-0.037438,0.0025314,0.006928,0.79248,0.249,10.209
-0.034107,0.033175,0.0070613,0.7853,0.16041,10.163
-0.033175,0.0015988,0.0066616,0.6177,0.26336,10.183
-0.035306,0.001732,0.005196,0.7829,0.23942,10.223
-0.029311,0.00053292,0.0050628,0.91219,0.15802,10.221
-0.031709,0.0011991,0.0073277,0.64404,0.25139,10.077
-0.033708,0.0023982,0.0066616,0.77333,0.25379,10.195
-0.039303,0.00093262,0.0050628,0.81163,0.24181,10.252
-0.036106,0.0023982,0.006928,0.79487,0.26576,10.216
-0.03424,-0.0037305,0.0046631,0.65841,0.24421,10.262
-0.033974,0.0011991,0.0050628,0.79248,0.2083,10.163
-0.03011,0.033441,0.0078606,0.77572,0.42138,10.226
-0.033708,-0.00066616,0.0045299,0.61531,0.17957,10.147
-0.066349,-0.034107,0.0065283,0.75178,0.24421,10.214
-0.035706,0.0043966,0.00866,0.75178,0.30406,10.156
-0.033041,0.0031975,0.003464,0.7829,0.23224,10.161
-0.00026646,-0.0019985,0.0050628,0.75896,0.25857,10.329
-0.032508,0.00026646,0.0059954,0.79487,0.26336,10.161
-0.033041,-0.00013323,0.0055957,0.77572,0.22027,10.163
-0.033175,-0.033974,0.0066616,0.77572,0.29449,10.254
-0.033441,0.00013323,0.0039969,0.81403,0.23703,10.242
-0.033175,-0.0010658,0.0073277,0.77572,0.25857,10.187
-0.031709,0.0043966,0.0070613,0.73981,0.29209,10.01
-0.035706,-0.001732,0.0038637,0.76614,0.25618,10.034
-0.035839,-0.033308,0.0057289,0.76614,0.29688,10.211
-0.03424,-0.033175,0.0062619,0.79727,0.22266,10.166
-0.032775,0.00039969,0.0059954,0.77333,0.28012,10.218
-0.030776,0.00026646,0.0039969,0.76375,0.29688,9.9599
-0.068214,0.0011991,0.0058622,0.79248,0.21308,10.214
-0.033574,0.0030643,0.0075942,0.77812,0.2897,10.233
-0.031576,0.0033308,0.0065283,0.75178,0.23463,10.259
-0.036239,0.032908,0.0071945,0.79966,0.30646,10.161
-0.033574,0.0021317,0.0074609,0.79487,0.28012,10.175
-0.00039969,0.0042634,0.00866,0.75657,0.27773,10.211
-0.035573,-0.00093262,0.0083936,0.7829,0.2466,10.175
-0.037438,0.0019985,0.00866,0.82361,0.25379,10.142
-0.033308,-0.0039969,0.0054625,0.77812,0.26576,10.214
-0.033841,-0.00026646,0.003464,0.81403,0.23942,10.192
-0.035173,0.0018652,0.0062619,0.72065,0.25857,10.195
-0.0013323,-0.0011991,0.0083936,0.80206,0.33279,10.245
-0.032375,-0.003464,0.0070613,0.82121,0.25618,10.099
-0.030776,0.0014655,0.0067948,0.7829,0.28491,10.139
-0.035306,0.00026646,0.0031975,0.79727,0.27773,10.214
-0.038371,0.00093262,0.0057289,0.79966,0.22745,10.211
-0.033441,0.0018652,0.0046631,0.83558,0.24421,10.18
-0.032908,0.00026646,0.0079939,0.85234,0.2466,10.147
-0.029977,0.0019985,0.0067948,0.7829,0.24421,10.233
-0.033441,0.0014655,0.0054625,0.79009,0.27773,10.142
-0.037038,-0.0027979,0.0059954,0.77812,0.25857,10.183
-0.033308,-0.0014655,0.0050628,0.74939,0.27054,10.137
-0.032109,0.0013323,0.0061286,0.76375,0.23703,10.211
-0.03464,0.0018652,0.0039969,0.75417,0.30646,10.171
-0.034773,-0.034107,0.0081271,0.76375,0.26815,10.223
-0.0013323,-0.033708,0.0050628,0.77093,0.2466,10.168
-0.03424,0.0029311,0.0049296,0.77333,0.25857,10.226
-0.03504,-0.0010658,0.0063951,0.80206,0.27533,10.228
-0.035573,0.0029311,0.0059954,0.7422,0.18435,10.202
-0.035306,0.0037305,0.0057289,0.79727,0.249,10.214
-0.037838,0.0010658,0.0063951,0.79966,0.29928,10.223
-0.068081,0.0013323,0.003464,0.76375,0.28012,10.223
-0.03504,0.0018652,0.0043966,0.76136,0.24421,10.147
-0.032242,0.00079939,0.0066616,0.74939,0.249,10.204
-0.036905,0.0014655,0.0063951,0.81642,0.26815,10.142
-0.033574,-0.0014655,0.0077274,0.75417,0.23703,10.116
-0.031443,0.00093262,0.0047963,0.7853,0.25618,10.132
-0.068081,-0.0018652,0.0059954,0.74939,0.2873,10.173
-0.034773,-0.00053292,0.0058622,0.77572,0.22984,10.206
-0.031043,0.0015988,0.0030643,0.79009,0.23703,10.209
-0.036505,0.0022649,0.0045299,0.75896,0.30406,10.293
-0.036905,-0.00079939,0.0077274,0.80685,0.25139,10.178
-0.067415,0.0041302,0.0070613,0.74699,0.26097,10.175
-0.032109,0.00039969,0.0075942,0.80685,0.21548,10.087
-0.031842,-0.00093262,0.0038637,0.73263,0.2873,10.139
-0.032375,-0.0033308,0.0085268,0.75896,0.2897,10.008
-0.067415,0.0018652,0.0046631,0.62968,0.2897,10.233
-0.036106,0.0021317,0.0066616,0.6201,0.22027,10.24
-0.03877,0.0010658,0.0050628,0.64883,0.26576,10.173
-0.033175,0.0013323,0.00866,0.79009,0.23942,10.214
-0.031443,0.032642,0.0063951,0.64404,0.249,10.274
-0.035972,0.0010658,0.0031975,0.83079,0.26336,10.19
-0.031576,0.0019985,0.0031975,0.79727,0.249,10.216
-0.035706,0.0021317,0.0050628,0.7829,0.31364,10.195
-0.036772,0.001732,0.0042634,0.78051,0.23463,10.254
-0.034374,0.005196,0.0054625,0.81163,0.28012,10.127
-0.00066616,0.00013323,0.005196,0.62489,0.28491,10.159
-0.033841,0.0025314,0.0085268,0.90022,0.22745,10.226
-0.034907,0.003464,0.0082603,0.77572,0.2897,10.147
-0.067948,0.0037305,0.0062619,0.62728,0.22505,10.144
-0.00039969,-0.032908,0.0055957,0.82361,0.27533,10.348
-0.038104,0.0039969,0.0077274,0.88107,0.27773,10.3
-0.036772,0.0026646,0.005196,0.77333,0.44532,10.206
-0.035839,0.0043966,0.006928,0.84036,0.24181,10.032
-0.00066616,0.0014655,0.0055957,0.79487,0.25139,10.041
-0.067948,-0.00079939,0.0033308,0.77812,0.22745,10.082
-0.00093262,0.0010658,0.0061286,0.65122,0.25857,10.266
-0.032109,-0.0046631,0.003464,0.83079,0.26815,10.195
-0.032908,0.001732,0.0065283,0.77572,0.29209,10.257
-0.035306,0.0010658,0.0049296,0.89783,0.19872,10.329
-0.036772,0.0026646,0.0063951,0.75896,0.27773,10.127
-0.035839,-0.00013323,0.0066616,0.7829,0.17717,10.202
-0.033841,0.0010658,0.0047963,0.78051,0.27773,10.166
-0.067948,-0.00079939,0.0045299,0.9098,0.24421,10.245
-0.03504,0.00079939,0.0083936,0.77333,0.15562,10.171
-0.03544,-0.0021317,0.0037305,0.88585,0.26097,10.384
-0.036106,0.0015988,0.00866,0.62489,0.15562,10.199
-0.031576,0.0010658,0.0035972,0.826,0.21069,10.252
-0.03464,0.0011991,0.0042634,0.89783,0.27773,10.154
-0.032242,0.0037305,0.0061286,0.9098,0.23703,10.123
-0.032242,-0.0037305,0.0066616,0.80445,0.29209,10.159
-0.00079939,0.00093262,0.0047963,0.77572,0.19393,10.147
-0.036239,-0.0015988,0.0074609,0.91698,0.21548,10.295
-0.035839,0,0.0053292,0.76614,0.26576,10.204
-0.035839,0.00066616,0.0062619,0.83558,0.29449,10.25
-0.031976,-0.033974,0.0070613,0.62249,0.25139,10.264
-0.03504,-0.00053292,0.0073277,0.9098,0.26336,10.113
-0.032908,0.0033308,0.0058622,0.89543,0.27773,10.161
-0.032375,0.033441,0.0037305,0.73981,0.2897,10.252
-0.03424,-0.0030643,0.0054625,0.9098,0.2466,10.144
-0.037571,0.0015988,0.0062619,0.63207,0.27294,10.233
-0.035706,-0.0014655,0.0031975,0.84515,0.27533,10.173
-0.035972,0.0031975,0.0033308,0.76854,0.15323,10.161
-0.033441,0.0026646,0.0061286,0.79248,0.24421,10.13
-0.036505,0.003464,0.0049296,0.7829,0.29209,10.214
-0.033574,0,0.005196,0.79966,0.20111,10.168
-0.032908,-0.00026646,0.0075942,0.81642,0.2083,10.214
-0.00013323,0.003464,0.0061286,0.71826,0.24181,10.175
-0.033841,0.0022649,0.0089265,0.81642,0.23942,10.29
-0.035306,0.0026646,0.005196,0.77333,0.26576,10.19
-0.034107,0.0039969,0.0078606,0.75896,0.2897,10.005
-0.031043,-0.0014655,0.0059954,0.75178,0.26097,10.183
-0.067815,0.0030643,0.0055957,0.75178,0.26336,10.223
-0.033308,0.0026646,0.0070613,0.7422,0.22984,10.183
-0.032375,-0.033175,0.0089265,0.74939,0.26576,10.154
-0.034773,-0.00026646,0.006928,0.73502,0.28252,10.183
-0.03504,0.033841,0.0053292,0.72065,0.25857,10.12
-0.067815,-0.0025314,0.0066616,0.76136,0.249,10.204
-0.033308,-0.032242,0.0043966,0.7829,0.29928,10.151
-0.034773,-0.0011991,0.0038637,0.73741,0.24421,10.221
-0.036239,0.0029311,0.006928,0.73263,0.2466,10.147
-0.032109,-0.00039969,0.0053292,0.82361,0.22745,10.139
-0.036772,-0.00053292,0.0073277,0.76854,0.25379,10.252
-0.031576,0.00013323,0.0065283,0.7853,0.27294,10.175
-0.036905,-0.0010658,0.005196,0.7853,0.28491,10.211
-0.00026646,0.0023982,0.0073277,0.77093,0.23942,10.139
-0.03544,-0.0011991,0.0061286,0.78769,0.249,10.216
-0.068214,0.0046631,0.010525,0.71347,0.27773,10.127
-0.034907,-0.032508,0.0059954,0.80685,0.31364,10.192
-0.035839,-0.0010658,0.0062619,0.77093,0.2873,10.096
-0.032109,0.0033308,0.0037305,0.78051,0.27054,10.171
-0.036905,-0.031976,0.0062619,0.7829,0.20351,10.202
-0.033841,0.003464,0.0071945,0.75178,0.28491,10.202
-0.029711,-0.0026646,0.0070613,0.73741,0.21787,10.23
-0.031709,-0.0015988,0.010392,0.73023,0.23224,10.218
-0.032508,-0.0026646,0.0075942,0.79248,0.29928,10.226
-0.030377,-0.00066616,0.0043966,0.80206,0.27054,10.142
-0.00013323,0.0029311,0.0043966,0.77572,0.31843,10.173
-0.034907,0.005196,0.0035972,0.76854,0.27054,10.211
-0.033574,-0.0010658,0.0045299,0.77333,0.33279,10.113
-0.035306,0.00039969,0.0033308,0.80206,0.26097,10.242
-0.033574,0.0015988,0.0066616,0.77812,0.27294,10.116
-0.032109,0.0033308,0.0041302,0.81882,0.25618,10.197
-0.067282,0.0018652,0.0074609,0.79727,0.31843,10.245
-0.032775,-0.00093262,0.0073277,0.7446,0.25139,10.159
-0.035839,-0.00013323,0.0065283,0.77093,0.26576,10.19
-0.031976,-0.0014655,0.0053292,0.81403,0.26815,10.118
-0.036772,-0.0029311,0.0067948,0.77812,0.29449,10.171
-0.036239,0.0019985,0.0047963,0.80685,0.30406,10.221
-0.035573,0.00079939,0.006928,0.73502,0.25618,10.197
-0.032642,-0.0010658,0.0054625,0.75657,0.19872,10.175
-0.032375,-0.0010658,0.0059954,0.7853,0.19393,10.175
-0.033574,0.00013323,0.0081271,0.76614,0.29928,10.211
-0.032642,-0.033708,0.0067948,0.7422,0.19632,10.226
-0.032508,-0.033574,0.0081271,0.78051,0.26336,10.262
-0.034907,-0.033841,0.0050628,0.76614,0.2466,10.142
-0.037971,-0.00093262,0.0081271,0.72305,0.31843,10.104
-0.036772,0.0025314,0.0062619,0.77572,0.2466,10.089
-0.00053292,-0.0025314,0.0053292,0.71587,0.29928,10.139
-0.00039969,0.033175,0.0087933,0.79248,0.32322,10.211
-0.034107,0.0039969,0.0078606,0.84036,0.33758,10.309
-0.034907,-0.00066616,0.0077274,0.81642,0.249,10.264
-0.033974,0.00039969,0.0067948,0.80206,0.26097,10.247
-0.036505,0.001732,0.0041302,0.81642,0.28252,10.195
-0.037704,0.0042634,0.0063951,0.7829,0.23703,10.228
-0.035573,0.0014655,0.0081271,0.76375,0.28252,10.24
-0.030643,0.0047963,0.0074609,0.76375,0.28491,10.171
-0.036772,-0.0022649,0.0045299,0.73502,0.27533,10.168
-0.031976,0.0025314,0.0063951,0.9098,0.27294,10.199
-0.034907,0.0013323,0.0029311,0.91219,0.23463,10.149
-0.031443,0.00066616,0.0054625,0.76614,0.24421,10.084
-0.031576,-0.0035972,0.0039969,0.63207,0.26336,10.123
-0.038504,0.0025314,0.0058622,0.91459,0.25139,10.187
-0.03544,-0.0014655,0.0062619,0.62489,0.23463,10.101
-0.036505,0.001732,0.0066616,0.77572,0.26336,10.221
-0.031976,-0.032375,0.0050628,0.7853,0.22745,10.099
-0.033574,0.032508,0.0042634,0.79248,0.26815,10.25
-0.037305,-0.033441,0.0067948,0.64165,0.28012,10.195
-0.037172,0.00013323,0.0067948,0.75417,0.25857,10.175
-0.034507,0.00039969,0.0066616,0.70868,0.23703,10.147
-0.067815,-0.00053292,0.0059954,0.89064,0.27533,10.137
-0.033308,-0.00093262,0.0043966,0.63686,0.22027,10.08
-0.00053292,-0.003464,0.0057289,0.62728,0.33279,10.336
-0.032775,0.0021317,0.0070613,0.9098,0.30406,10.317
-0.032508,0.0029311,0.0038637,0.90501,0.22984,10.202
-0.035573,0.0013323,0.0050628,0.7829,0.23463,10.151
-0.03424,0.0014655,0.0063951,0.81642,0.21308,10.245
-0.031709,0.0059954,0.003464,0.67756,0.26815,10.242
-0.068214,0.0031975,0.0047963,0.79487,0.23224,10.154
-0.0011991,0.00093262,0.0041302,0.61531,0.249,10.206
-0.067548,0.0010658,0.0074609,0.81882,0.15802,10.137
-0.03957,-0.001732,0.0050628,0.75417,0.27054,10.221
-0.037704,0.033974,0.0055957,0.75178,0.20351,10.156
-0.035972,0.0015988,0.0067948,0.79248,0.25857,10.245
-0.033708,0.0019985,0.0075942,0.90261,0.23942,10.257
-0.035573,0.0025314,0.00866,0.9074,0.24181,10.168
-0.035306,0.0043966,0.00866,0.76614,0.15562,10.259
-0.033308,0.0011991,0.0083936,0.7853,0.22984,10.206
-0.068081,0.00013323,0.0039969,0.66798,0.25139,10.23
-0.034107,0.0011991,0.0059954,0.79009,0.2083,10.233
-0.030377,0.00039969,0.0065283,0.81882,0.20351,10.171
-0.067815,-0.001732,0.0070613,0.88346,0.43335,10.199
-0.00013323,0.033574,0.00866,0.76136,0.27054,10.324
-0.033974,-0.00013323,0.0089265,0.7829,0.26097,10.204
-0.067948,0.0010658,0.0073277,0.80445,0.24181,10.187
-0.033974,0.0046631,0.0038637,0.88346,0.23703,10.209
-0.036639,0.0014655,0.006928,0.7853,0.26815,10.199
-0.03464,0.00093262,0.0081271,0.77093,0.41899,10.022
-0.067948,0.0011991,0.0073277,0.79727,0.27054,10.077
-0.00026646,0.00093262,0.0058622,0.62249,0.23224,10.185
-0.032109,0.0026646,0.0055957,0.85712,0.25857,10.185
-0.031043,0.0033308,0.0037305,0.78051,0.43096,10.221
-0.030643,0.0037305,0.0022649,0.73741,0.28252,10.295
-0.033041,0.0055957,0.0047963,0.7446,0.2466,9.9862
-0.067415,-0.0010658,0.009193,0.82839,0.2873,10.214
-0.036505,-0.0023982,0.005196,0.7422,0.23942,10.214
-0.032375,0.0015988,0.0059954,0.75178,0.25379,10.199
-0.031443,0.033708,0.0047963,0.83318,0.39504,10.113
-0.032375,0.00013323,0.0053292,0.77093,0.29209,10.381
-0.034773,0.00053292,0.0074609,0.76375,0.22745,10.206
-0.032109,0.0025314,0.005196,0.76854,0.24421,10.379
-0.067149,0.0010658,0.0022649,0.75657,0.23224,10.185
-0.00013323,0.00026646,0.0053292,0.80924,0.27773,10.12
-0.033708,-0.033841,0.0027979,0.77812,0.26815,10.161
-0.033175,-0.00093262,0.0081271,0.80445,0.30646,10.178
-0.035839,-0.001732,0.0067948,0.76375,0.29928,10.125
-0.0010658,-0.033574,0.0075942,0.73741,0.23224,10.192
-0.034107,0.0019985,0.0053292,0.75657,0.31603,10.087
-0.03464,-0.0035972,0.0081271,0.82361,0.25379,10.197
-0.031576,0.033974,0.0041302,0.76854,0.26815,10.113
-0.034374,0.0019985,0.0037305,0.79966,0.26815,10.187
-0.031576,0.0018652,0.0059954,0.80924,0.26576,10.108
-0.036639,0.0011991,0.0071945,0.81163,0.26815,10.197
-0.031043,0.0022649,0.0057289,0.79009,0.25139,10.257
-0.037838,0.0030643,0.0033308,0.7829,0.27054,10.257
-0.033041,0.0019985,0.0062619,0.7853,0.27054,10.104
-0.033308,0.0011991,0.0075942,0.73263,0.23224,10.178
-0.035306,0.00079939,0.0066616,0.7853,0.23224,10.18
-0.067282,0.00039969,0.0062619,0.78769,0.26815,10.187
-0.036106,0.033175,0.0093262,0.7853,0.24421,10.142
-0.034374,-0.0018652,0.0065283,0.80206,0.23942,10.154
-0.038371,0.0013323,0.0075942,0.78769,0.34716,10.135
-0.033308,0.0027979,0.0045299,0.79009,0.29928,10.185
-0.067548,0.0013323,0.0087933,0.79248,0.28012,10.171
-0.068081,-0.0023982,0.0049296,0.79966,0.27054,10.223
-0.032109,-0.0030643,0.0063951,0.72784,0.30406,10.13
-0.032109,-0.032642,0.0081271,0.79248,0.28012,10.151
-0.036505,0.032375,0.0063951,0.75417,0.2873,10.192
-0.00079939,0.0019985,0.0037305,0.74939,0.22984,10.221
-0.03424,0.0021317,0.0049296,0.82361,0.27054,10.163
-0.037971,0.0021317,0.0061286,0.73023,0.24421,10.173
-0.068214,0,0.0037305,0.7446,0.22027,10.151
-0.029444,0.033441,0.0087933,0.81642,0.26576,10.218
-0.035306,0.0013323,0.0090597,0.77333,0.26576,10.29
-0.035972,-0.034107,0.0029311,0.81163,0.28491,10.123
-0.03424,0.0015988,0.0070613,0.75657,0.30406,10.163
-0.00039969,-0.0022649,0.0073277,0.77093,0.28012,10.206
-0.036639,0.00026646,0.0038637,0.75417,0.27054,10.13
-0.035306,0.0015988,0.0049296,0.71108,0.27533,10.075
-0.00013323,0.0010658,0.0065283,0.79009,0.24421,10.132
-0.034773,0.0027979,0.0054625,0.79009,0.29449,10.187
-0.035706,0.0023982,0.0042634,0.77093,0.22505,10.195
-0.03424,0.0046631,0.0038637,0.79487,0.23942,10.175
-0.0011991,0.033308,0.0038637,0.79966,0.27533,10.127
-0.034907,0.0025314,0.0073277,0.80685,0.249,10.214
-0.035839,0,0.0081271,0.78051,0.30167,10.135
-0.031709,0.0013323,0.0074609,0.80206,0.25618,10.24
-0.032109,0.0018652,0.0073277,0.87388,0.25618,10.149
-0.033308,-0.00053292,0.0071945,0.72784,0.27773,10.202
-0.036772,-0.00066616,0.0045299,0.77572,0.25618,10.116
-0.035173,-0.0030643,0.0050628,0.79248,0.26097,10.187
-0.067015,-0.0026646,0.006928,0.9074,0.16759,10.192
-0.035706,0.0033308,0.0055957,0.69432,0.21548,10.221
-0.034773,0.0014655,0.0055957,0.63207,0.27773,10.171
-0.033974,0.033841,0.00866,0.76136,0.25139,10.135
-0.032908,0.0013323,0.0085268,0.62489,0.29449,10.19
-0.031309,0.0046631,0.0059954,0.71347,0.24181,10.161
-0.031576,0.033708,0.0042634,0.73741,0.24181,10.199
-0.032642,-0.00039969,0.0047963,0.79248,0.30646,10.218
-0.067815,0.00053292,0.006928,0.76614,0.22505,10.173
-0.03544,0.0030643,0.0070613,0.76614,0.29449,10.199
-0.032508,0.00026646,0.0039969,0.90501,0.22745,10.233
-0.035972,0.00039969,0.0050628,0.90501,0.30406,10.214
-0.03424,-0.0011991,0.0066616,0.71587,0.27773,10.178
-0.038504,0.001732,0.005196,0.79248,0.22984,10.183
-0.03424,0.0046631,0.0057289,0.77333,0.25618,10.147
-0.031976,-0.0015988,0.0059954,0.71826,0.26097,10.187
-0.035573,0.0031975,0.0042634,0.76375,0.42377,10.187
-0.03464,0.0042634,0.010392,0.77093,0.21069,10.211
-0.068214,-0.033708,0.0039969,0.7422,0.15562,10.228
-0.00053292,-0.0021317,0.0047963,0.9074,0.41659,10.192
-0.03424,-0.033841,0.0046631,0.78051,0.29928,10.216
-0.0015988,0.00039969,0.0047963,0.80206,0.26576,10.163
-0.033574,-0.00066616,0.0058622,0.62249,0.27294,10.216
-0.034773,-0.033974,0.0043966,0.78769,0.22745,10.209
-0.031976,0.00039969,0.0081271,0.7829,0.43574,10.163
-0.035839,0.00079939,0.0054625,0.84994,0.39983,10.245
-0.068214,0.0018652,0.0031975,0.78051,0.26576,10.173
-0.035573,0.0023982,0.0055957,0.88585,0.26815,10.214
-0.034773,0.0011991,0.0075942,0.81642,0.24421,10.142
-0.034507,0.001732,0.0094594,0.73502,0.27054,10.238
-0.032775,0.0015988,0.0055957,0.77093,0.23703,10.185
