-0.047031,-0.054625,-0.02225,0.83797,0.13886,10.266
-0.0441,-0.056757,-0.006928,0.80445,-0.014365,10.113
-0.044499,-0.062752,0.0063951,0.81882,0.12689,10.183
-0.046764,-0.059554,0.011191,0.82361,0.014365,10.266
-0.047697,-0.059421,0.015322,0.93613,0.038307,10.247
-0.053026,-0.067815,0.023715,0.91937,0,10.238
-0.058755,-0.074077,0.024648,1.0439,-0.011971,10.163
-0.072478,-0.068614,0.031842,0.90022,-0.081403,10.195
-0.078207,-0.064217,0.026913,0.91459,0.14605,10.35
-0.092862,-0.03464,0.017054,0.91219,-0.023942,10.3
-0.46258,-0.40382,-0.084202,0.87149,0.1221,9.2536
-0.66815,-0.32482,0.0033308,-0.64883,0.014365,10.52
0.046231,0.062485,0.011724,1.3001,-2.0877,10.616
-0.096992,-0.047963,0.01359,0.93613,0.047884,10.187
-0.072211,-0.011591,0.0085268,1.0942,-0.15083,10.283
-0.067815,-0.023449,0.013723,0.92895,-0.1245,10.388
-0.059421,-0.011858,0.0065283,0.99359,-0.033519,10.118
-0.045165,-0.0083936,0.0098591,1.0032,-0.11013,10.326
-0.031842,0.0011991,0.0082603,0.97205,-0.13647,10.204
-0.0022649,-0.0033308,0.0083936,1.0367,-0.27773,10.123
-0.036772,-0.0085268,0.011991,0.96726,-0.10774,10.283
-0.036239,-0.0053292,0.010658,1.0104,-0.064643,10.281
-0.037838,-0.0079939,0.0097259,0.98641,-0.13168,10.226
-0.038237,-0.0075942,0.010126,1.0223,-0.15562,10.266
-0.042101,-0.0074609,0.011058,1.0056,-0.18914,10.18
-0.039836,-0.0038637,0.010392,0.98162,-0.10056,10.36
-0.033441,-0.0030643,0.0089265,1.1468,-0.15802,10.331
-0.035173,-0.0033308,0.0098591,1.0463,-0.28252,10.139
-0.045432,-0.006928,0.0073277,0.98641,-0.0023942,10.168
-0.051161,-0.012657,0.0097259,0.93613,-0.1221,10.245
-0.057822,-0.017054,0.009193,1.0175,-0.0023942,10.214
-0.046098,-0.00866,0.010126,0.9912,-0.11971,10.118
-0.033841,-0.0039969,0.0093262,1.0319,-0.014365,10.199
-0.031709,-0.034107,0.0094594,1.0343,-0.031125,10.264
-0.0011991,-0.033441,0.010792,1.0487,-0.25379,10.23
-0.029711,0.033974,0.0095926,1.0271,-0.0071826,10.314
-0.028511,0.00093262,0.010925,0.99838,-0.13168,10.381
-0.031443,0.00026646,0.012124,1.0319,-0.26815,10.142
-0.029577,-0.00013323,0.0090597,1.0271,-0.10056,10.209
-0.033574,-0.0010658,0.012257,1.0223,-0.13408,10.221
-0.037438,-0.0030643,0.00866,1.0463,-0.2897,10.285
-0.031976,-0.0030643,0.010792,0.99359,-0.15323,10.163
-0.036505,-0.00053292,0.0089265,0.98641,-0.079009,10.25
-0.035839,-0.003464,0.013057,1.0534,-0.13647,10.113
-0.040103,-0.0059954,0.011325,1.0127,-0.15323,10.333
-0.03504,-0.0047963,0.0095926,1.0511,-0.15562,10.302
-0.036905,-0.0031975,0.011191,1.0223,-0.15802,10.235
-0.067548,0.00066616,0.00866,1.0391,-0.14126,10.276
-0.067548,-0.033708,0.0079939,1.0319,-0.13168,10.173
-0.028112,0.0063951,0.0094594,1.0487,-0.10534,10.127
-0.026247,0.0042634,0.011058,0.98881,-0.17717,10.4
-0.026646,0.0043966,0.0099923,0.98881,-0.30167,10.331
-0.028112,0.0078606,0.0071945,1.0056,-0.14605,10.274
-0.032775,0.00093262,0.010525,1.0008,-0.0023942,10.336
-0.031576,0.0013323,0.012524,1.0175,-0.27533,10.295
-0.037305,0.0038637,0.010126,1.0295,-0.11732,10.202
-0.042767,-0.0087933,0.015188,0.98881,-0.055067,10.226
-0.057956,-0.010259,0.014922,1.008,-0.055067,10.23
-0.023182,0.0079939,0.0099923,1.0032,-0.29449,10.276
-0.019851,0.015055,0.011058,1.0511,-0.11253,10.218
-0.031576,0.0043966,0.0063951,1.0056,-0.30167,10.293
-0.029844,0.0023982,0.010392,1.0175,-0.13168,10.123
-0.032908,-0.0011991,0.012524,1.0678,-0.081403,10.403
-0.032642,0.005196,0.0095926,1.0104,-0.29209,10.238
-0.032508,0.0025314,0.010792,1.0558,-0.15083,10.204
-0.034773,0.0021317,0.01359,0.99599,-0.19393,10.12
-0.03051,0.00866,0.010658,1.0439,-0.1652,10.336
-0.00053292,0.0050628,0.010126,1.0175,-0.093374,10.19
-0.038371,0.0045299,0.010126,1.0104,-0.10534,10.305
-0.037438,0.0037305,0.0079939,0.99599,-0.1245,10.333
-0.036372,0.0078606,0.0099923,1.0295,-0.09098,10.199
-0.038237,0.0066616,0.0093262,1.0319,-0.0095768,10.19
-0.047297,-0.0013323,0.0095926,1.0271,-0.13408,10.312
-0.056357,-0.0026646,0.0055957,0.87628,-0.25379,10.41
0.028112,0.11151,-0.21703,1.5131,-0.40701,10.403
0.0098591,0.087799,-0.16281,1.3815,0.014365,10.293
-0.0035972,0.088865,0.020251,1.3431,-0.18435,10.214
-0.050361,0.12537,0.11618,1.0534,-0.12929,10.127
-0.031176,0.081138,-0.02225,0.94332,-0.10534,10.4
-0.024914,-0.023182,0.0095926,0.31603,-0.067038,10.324
-0.053426,0.10805,0.042767,1.1732,-0.11732,10.202
-0.068214,0.22676,0.034107,1.0415,-0.050278,10.171
-0.094861,0.3003,0.098325,0.81642,-0.15323,10.089
-0.098191,0.49482,0.20558,0.43096,-0.050278,10.367
-0.16814,0.93289,0.60087,0.49321,-0.33279,10.317
-0.29711,1.2013,0.51347,0.43335,-0.29449,10.376
-0.29191,1.5015,0.28165,0.78769,0.34716,10.568
-0.19758,1.0319,0.53279,-0.42617,-1.1277,12.407
-0.13243,0.63072,0.49362,-0.14605,-0.98402,12.486
-1.0568,1.0289,0.4378,-0.56024,-0.40223,10.096
-1.0906,1.1659,0.44299,-0.60094,-0.069432,10.795
-0.96566,1.0329,0.57769,-0.59616,-0.055067,11.138
-0.94914,0.94741,0.62272,-0.89064,-0.48123,11.167
-0.45339,0.89092,-0.098858,-1.4437,-0.92656,9.7013
-0.38784,1.359,-0.17014,-1.5874,-1.2761,9.4236
-0.3853,1.4067,-0.22982,-1.8962,-1.2306,9.4044
-0.46484,1.1866,-0.15481,-2.1332,-0.25139,10.235
-0.35106,1.18,0.022649,-1.2474,-0.61531,10.087
-0.16094,1.1028,0.12804,-1.2737,-1.0247,9.4451
-0.14162,0.10312,0.18599,-2.7031,-1.4246,9.9838
-0.16081,0.44606,0.13323,-2.059,-0.016759,9.6295
0.10898,0.7357,0.2209,-2.4181,-1.0989,8.7197
0.23755,1.0034,0.16814,-2.1308,-1.0511,8.8969
0.19811,1.3263,-0.01772,-2.1548,-0.27773,9.0716
0.53652,0.60913,-0.29044,-3.5171,-0.40223,10.276
0.41089,0.49722,-0.27832,-3.4836,-0.55545,10.288
0.18666,0.53026,-0.36732,-4.3215,-1.6472,9.7827
-0.090464,1.002,0.19572,-4.4843,-0.79966,9.2033
0.031176,0.8704,0.31936,-4.1444,-0.79727,9.4786
0.016254,0.63325,0.29657,-3.7397,-0.38068,9.4739
0.346,0.56104,0.076475,-4.5059,-1.9513,8.1858
0.51028,0.75862,-0.017187,-3.7637,-2.8994,7.6088
0.44126,1.4306,-0.10778,-4.1539,-1.7717,7.4915
0.28805,0.72331,0.49589,-5.2553,-0.6608,8.9232
0.43313,0.40009,0.53799,-5.612,-1.0798,9.4571
0.78993,-0.17467,0.68108,-5.5641,-0.038307,8.9639
0.97299,-0.19612,0.67175,-5.1595,0.040701,7.7548
0.99111,0.18532,0.66869,-4.7309,0.22745,7.0701
0.85521,0.48749,0.78074,-4.707,0.56024,7.6998
0.74689,0.36172,1.1398,-5.035,-0.14365,9.1506
0.74023,0.063418,1.1226,-5.6671,-0.43335,10.254
0.22862,0.36732,0.6992,-3.2848,1.0918,4.7501
0.075809,0.84735,0.31149,-3.6679,-0.78769,5.7772
-0.41542,1.313,0.18413,-4.3574,0.46448,7.865
-0.49682,1.0186,0.32668,-4.5993,1.6257,9.4355
-0.28671,0.60034,0.33987,-5.77,1.1396,9.4236
-0.097392,0.98884,0.59128,-6.5457,1.0319,8.4204
-0.03504,0.92995,0.61566,-7.0006,-0.18196,9.6774
-0.075009,0.59674,0.61793,-7.8099,0.14844,9.6414
-0.10965,-0.0059954,0.48962,-7.9368,0.95768,10.132
-0.48123,0.067681,0.12657,-7.331,0.42138,7.3167
-0.50721,-0.27086,0.11072,-5.2888,0.52672,7.8003
-0.22343,0.0027979,0.41128,-4.695,1.5323,6.1699
-0.14056,0.15082,0.35666,-4.6878,0.46926,8.5329
-0.46444,0.18626,0.18,-5.1164,0.083797,7.7452
-0.44566,0.42994,0.10112,-5.0829,-0.22745,7.003
-0.30763,0.74223,-0.039436,-5.2457,0.42138,6.9887
-0.17706,1,-0.085534,-5.5138,1.0415,7.7117
0.066749,1.0789,-0.0042634,-6.0956,0.97923,8.1547
0.4326,1.3364,0.38331,-6.3973,1.6496,8.2241
0.36798,1.2275,0.32948,-6.1196,1.1468,8.4036
0.13616,1.0047,0.23795,-6.0023,0.33998,8.2337
-0.035706,1.2207,-0.096593,-5.6336,0.2059,6.2225
-0.26553,1.5112,-0.16081,-5.7557,0.20351,6.1316
-0.4398,1.5107,-0.15481,-6.1124,1.6496,7.4388
0.09153,1.3908,0.45059,-7.0677,2.8299,7.695
0.3091,1.2217,0.65523,-7.5753,2.3583,8.0445
0.46538,1.0075,0.74316,-7.2712,1.4269,8.0349
0.52746,0.98671,0.7814,-6.6942,0.29209,6.2034
0.3504,1.0953,0.52413,-6.7708,0.24421,6.2584
-0.15988,0.68348,0.11591,-7.5753,0.21308,7.9176
-0.26633,0.61953,-0.010658,-6.1244,0.97923,4.9321
-0.29111,0.91397,-0.13163,-5.5713,0.80924,4.3551
-0.27352,1.0904,-0.3051,-5.7269,0.4118,5.1044
-0.60753,1.0824,-0.36785,-7.4005,0.69671,7.2472
-0.67415,0.93115,-0.32428,-7.4891,1.336,6.6679
-0.5645,0.87373,-0.18119,-7.7021,2.2338,6.5745
-0.29044,0.69826,-0.021983,-8.1092,2.1668,6.79
-0.019052,0.52187,0.090198,-7.8123,1.4054,6.0597
0.16747,0.67282,0.19438,-7.3526,0.97205,4.7405
0.17493,0.69773,0.1359,-7.3215,0.88585,5.6575
0.042501,0.58502,-0.16854,-7.6806,0.2083,5.9975
-0.15108,0.45725,-0.44886,-7.9727,-0.4142,6.3925
-0.4763,0.27792,-0.72425,-8.2839,0.18196,6.1339
-0.60434,0.24901,-0.77234,-7.8769,0.63925,5.6479
-0.65576,0.24928,-0.71718,-7.999,0.67277,6.11
-0.63045,0.23289,-0.47111,-8.3222,0.92416,6.5481
-0.49962,0.093528,-0.17666,-8.7532,1.1516,7.0126
-0.23409,-0.0031975,0.048896,-8.5353,1.3288,6.177
0.058222,0.033841,0.25221,-8.1642,1.1013,5.545
0.17027,-0.025314,0.23342,-8.078,0.031125,6.0621
0.10898,-0.09193,0.19185,-8.0278,0.047884,6.0501
0.07008,-0.085668,0.15162,-7.8434,0.80445,5.9256
-0.0023982,-0.13363,0.064084,-7.671,0.79966,6.0789
-0.18759,-0.11098,-0.12217,-7.2856,0.56503,5.5833
-0.32468,-0.011191,-0.23649,-7.1467,0.20111,5.2529
-0.40449,-0.017986,-0.30856,-7.2305,0.02873,5.5522
-0.41009,0.0046631,-0.42594,-7.0868,0.10774,5.1404
-0.35533,0.12177,-0.44912,-7.082,0.24181,5.2505
-0.24488,0.16641,-0.42181,-7.3981,0.44532,6.0334
-0.020118,-0.086067,-0.036239,-8.0206,1.0511,6.9743
0.14376,-0.076874,0.084469,-7.7668,0.69671,6.3039
0.22636,-0.078873,0.12084,-7.7452,0.40941,6.3207
0.12724,-0.062619,0.0866,-7.4244,0.13886,6.1699
0.069014,-0.080871,0.10512,-7.2592,0.23463,6.256
0.11032,-0.10112,0.082337,-7.185,0.15562,5.9424
-0.05276,-0.023582,-0.08287,-6.7828,-0.14605,5.5665
-0.12217,0.039969,-0.19532,-6.7014,0.1245,5.3079
-0.045432,0.16561,-0.0083936,-7.6351,0.46448,6.3662
0.090597,0.021317,0.057289,-7.8147,0.24181,6.608
0.041302,-0.06062,0.012923,-7.8338,0.067038,6.6032
-0.0041302,-0.079806,0.0047963,-7.8003,-0.13886,6.2082
-0.051294,0.0055957,-0.026913,-7.4172,0.2083,5.7485
-0.089265,0.02558,-0.026113,-7.5178,0.3711,5.861
-0.073943,0.021051,-0.056623,-7.7692,0.32082,6.0621
-0.12737,0.033041,-0.063951,-7.7764,0.45729,6.1818
-0.14429,-0.045565,-0.050095,-7.7931,0.58179,6.1962
-0.10485,-0.051694,0.0053292,-7.8243,0.65122,6.0478
0.014522,-0.073144,0.14802,-7.9583,0.43335,6.1148
0.070746,-0.073544,0.22436,-8.1594,0.2897,6.2297
0.099923,-0.10592,0.21197,-8.193,0.083797,6.4667
0.03957,-0.2185,0.1712,-8.181,0.069432,6.3351
0.024115,-0.18599,0.16867,-7.7357,0.27773,5.8107
-0.10965,-0.048629,0.065949,-7.2903,0.34237,5.6336
-0.11498,-0.0094594,0.12444,-7.4819,0.85473,5.873
-0.090997,0.014789,0.12351,-7.446,0.58658,5.9568
-0.061286,0.0049296,0.087266,-7.616,0.081403,5.9544
-0.071012,0.04783,0.02225,-7.7213,0.0047884,5.8419
-0.19438,-0.017187,-0.0090597,-7.7883,0.29688,6.3662
-0.15775,-0.058888,0.020917,-7.9224,0.36871,6.2441
-0.060753,-0.010792,0.063152,-7.8889,0.25379,5.94
-0.088599,-0.05689,-0.024381,-7.8458,-0.09098,6.1435
-0.19319,-0.10579,-0.073144,-7.7261,0.076614,6.2082
-0.18852,-0.065017,0.01279,-7.6088,0.66559,5.9711
-0.0874,-0.053426,0.16094,-7.4077,1.0558,5.8323
-0.11218,0.0066616,0.058355,-7.5202,0.13168,5.5258
-0.18932,0.038237,-0.096726,-7.58,-0.48123,5.7724
-0.28671,0.040502,-0.20304,-7.7189,-0.49081,5.6862
-0.26233,0.046631,-0.13816,-7.6902,-0.0047884,5.94
-0.20145,0.039303,-0.020118,-7.9248,0.66559,6.1028
-0.0085268,-0.037038,0.23715,-8.2504,0.9505,6.5841
0.0025314,-0.097126,0.257,-8.0206,0.577,6.0118
-0.030243,-0.097525,0.23689,-7.7309,0.29928,5.7628
-0.063285,-0.06102,0.13883,-7.6351,0.19872,5.5282
-0.10738,-0.016521,0.038237,-7.4053,0.2059,5.5474
-0.15415,0.015855,-0.15002,-7.5226,-0.24181,5.5952
-0.17054,0.0081271,-0.19665,-7.7117,-0.09098,5.8658
-0.18146,-0.018786,-0.13883,-7.7021,0.4118,5.9855
-0.1311,-0.032508,-0.012923,-7.7165,0.89783,6.0861
-0.038371,-0.0078606,0.1764,-7.5753,0.68714,5.7509
-0.055158,-0.011325,0.21104,-7.3813,0.63686,5.7557
-0.081937,-0.028245,0.20704,-7.3909,0.69911,6.0813
-0.13416,-0.035839,0.19039,-7.5729,0.18196,6.0166
-0.12804,-0.060887,0.11604,-7.5441,0.064643,5.7197
-0.18519,-0.088332,-0.016521,-7.446,-0.10534,5.9233
-0.24048,-0.085668,-0.11884,-7.3215,-0.22745,5.7317
-0.30283,-0.052493,-0.21224,-7.2927,-0.54588,5.43
-0.31696,-0.0061286,-0.20771,-7.4124,-0.47884,5.5905
-0.28418,-0.0054625,-0.10592,-7.6758,-0.14365,6.0406
-0.22862,-0.064884,-0.0033308,-7.8123,0.38786,6.3063
-0.16334,-0.10059,0.079406,-7.6638,0.88107,6.0837
-0.086734,-0.032908,0.14922,-7.6375,0.79966,5.9185
-0.077807,-0.024248,0.15082,-7.762,0.68714,5.9185
-0.10126,-0.011991,0.075675,-8.0493,0.0023942,6.1483
-0.08327,-0.068081,0.071812,-8.2097,0.088585,6.268
-0.052626,-0.099257,0.061553,-7.9799,0.22505,6.0358
-0.052227,-0.071412,0.035573,-7.7835,0.16759,5.5234
-0.11205,-0.066083,-0.0038637,-7.6854,0.19393,5.4995
-0.095394,0.012524,0.0030643,-7.7189,0.4549,5.4348
-0.056224,-0.0071945,0.072744,-7.865,0.59137,5.6982
0.024648,-0.014522,0.19918,-7.7955,0.76375,5.5378
0.023848,-0.045165,0.22143,-7.7644,0.59616,5.7245
-0.0035972,-0.081271,0.20797,-7.6734,0.25379,5.7796
-0.0437,-0.066482,0.13923,-7.5633,-0.081403,5.3103
-0.037305,0.029178,0.067282,-7.4675,0.17717,5.1882
-0.0043966,0.071545,0.011858,-7.6375,0.10056,5.2816
-0.13217,0.071545,-0.16108,-7.8721,-0.079009,5.6647
-0.19838,0.029977,-0.18373,-7.9033,0.10774,5.8371
-0.17853,0.00079939,-0.12404,-8.0206,0.14605,5.9664
-0.10978,0.016787,-0.048496,-8.0062,0.031125,5.7054
-0.070213,-0.019319,-0.029178,-7.9272,0.071826,5.8395
-0.016787,-0.033708,0.077407,-7.9511,0.17717,5.5234
0.028245,-0.041835,0.10459,-7.9009,0.47405,5.7461
0.049562,-0.02558,0.091663,-7.8099,0.42377,5.8203
0.05196,-0.012124,0.11085,-7.8578,0.6608,5.7126
0.0085268,-0.056357,0.086867,-8.0469,0.69432,6.1028
-0.041968,-0.041035,0.029844,-8.1163,0.60334,5.5809
-0.13843,0.01279,-0.074077,-7.9966,0.17238,5.6264
-0.14149,0.039436,-0.068348,-8.0493,0.34955,5.6407
-0.063418,0.067415,-0.065683,-8.2361,0.30167,5.7868
-0.026913,0.0079939,0.013723,-8.0613,0.91219,5.6767
0.016387,-0.012657,0.001732,-8.351,0.18914,5.5498
-0.0077274,-0.034773,-0.064884,-8.2648,-0.098162,5.6503
0.0038637,-0.03917,-0.069547,-8.0014,0.16041,5.3463
-0.0043966,-0.014256,-0.10192,-7.8865,0.31603,5.6551
0.045565,-0.020917,0.0099923,-8.0062,0.50278,5.7748
0.12097,-0.010259,0.076342,-7.8266,0.46448,5.4636
0.11671,-0.024248,0.049162,-7.8913,0.30885,5.5881
0.074876,-0.063285,0.026779,-7.8626,0.19632,5.6982
0.093795,-0.061819,0.040769,-7.7405,0.2897,5.466
0.071279,-0.003464,-0.021583,-7.4651,0.30646,5.3199
0.032508,0.0081271,-0.089265,-7.4292,0.13886,5.5043
-0.050095,0.016254,-0.15455,-7.6088,0.02873,5.5138
-0.078606,0.052227,-0.22316,-7.695,-0.079009,5.4947
-0.15521,0.00026646,-0.33588,-7.9272,0.033519,5.8227
-0.10565,-0.0043966,-0.26007,-7.7955,0.050278,5.9233
0.01692,0.012391,-0.17174,-7.7357,0.18435,5.8586
0.074476,0.01359,-0.12311,-7.8219,0.27533,5.7509
0.068614,-0.028378,-0.10126,-7.8769,0.12929,6.0334
0.13363,-0.020917,-0.11111,-7.7428,0.29209,5.7868
0.068481,0.011325,-0.087933,-7.6447,0.30167,5.6838
0.073943,0.028378,-0.069946,-7.695,0.031125,5.8347
0.063951,0.032242,-0.075009,-7.7692,0.249,5.9544
0.024115,0.0013323,-0.099124,-7.8506,0.18196,6.031
0.0059954,-0.022916,-0.12364,-7.8482,0.040701,6.1052
-0.0033308,0.016387,-0.13856,-7.6926,0.14365,5.7581
0.11964,0.055824,0.050894,-7.7907,0.38547,6.0238
0.16507,0.041302,0.068747,-7.7093,0.057461,6.0789
0.11058,0.0035972,0.022783,-7.8027,0.083797,6.3327
0.10259,-0.0087933,0.03917,-7.8362,0.29928,6.0238
0.20304,-0.011191,-0.0078606,-7.8195,0.14605,5.8586
0.079273,-0.0062619,-0.19065,-7.5753,-0.29928,5.5186
0.02558,0.049695,-0.24221,-7.4292,-0.12929,5.3223
0.018253,0.046498,-0.23169,-7.4364,0.13647,5.9089
0.10858,0.057822,-0.13123,-7.7357,0.61052,5.9855
0.16947,0.036106,-0.055424,-7.7596,0.69192,6.1866
0.17573,0.0021317,-0.0030643,-7.6926,0.72544,6.2321
0.15841,-0.0078606,-0.013989,-7.5393,0.40462,5.9256
0.1283,0.047297,-0.035173,-7.3263,0.33519,5.4636
0.068881,0.09113,-0.1279,-7.2233,0.17478,5.6383
0.023848,0.10632,-0.16028,-7.367,0.11492,5.8778
-0.0099923,0.063285,-0.18319,-7.5298,0.079009,6.292
0.036772,0.12684,-0.13909,-7.4986,-0.038307,5.5641
0.044632,0.092462,-0.14216,-7.5824,-0.19872,5.8442
0.059554,0.094328,-0.10912,-7.7788,0.038307,5.8921
0.12497,0.087533,-0.020917,-7.5872,0.13168,5.9855
0.11511,0.090331,-0.037571,-7.4986,-0.016759,5.9831
0.054891,0.01732,-0.054758,-7.7045,0.28491,6.4021
0.046098,0.036106,-0.056757,-7.3454,0.067038,5.6671
0.029178,0.073011,-0.072877,-7.1299,-0.30406,5.5306
0.050628,0.13416,-0.18346,-7.2425,-0.51475,5.9664
0.071545,0.087,-0.19638,-7.5824,-0.49799,6.4236
0.075009,0.0049296,-0.19931,-7.6543,-0.22505,6.6248
0.097659,-0.020251,-0.13923,-7.4651,0.10056,6.5434
0.18492,-0.0061286,-0.10059,-7.2113,0.44053,6.189
0.18306,0.011458,-0.0037305,-7.3191,0.49799,6.347
0.15815,-0.032109,0.022116,-7.2065,0.4549,6.529
0.13856,-0.041435,-0.003464,-7.3071,0.18435,6.1986
0.06968,0.041568,-0.050628,-7.2065,0.20351,5.8035
0.015855,0.047963,-0.09979,-7.0629,0.055067,6.0382
0.048363,0.11698,-0.027046,-7.3765,0.40701,6.122
0.057822,0.074876,0.0043966,-7.6375,0.4142,6.3853
0.054358,0.031576,0.0031975,-7.7764,0.1245,6.2968
0.03544,0.020917,-0.020518,-7.6974,-0.098162,6.2513
-0.0066616,0.0073277,-0.044632,-7.7931,0.021548,6.2896
-0.011458,0.0015988,-0.018519,-7.5633,0.38786,6.0214
0.030243,-0.010525,0.042368,-7.5322,0.61531,6.1938
0.072611,0.014655,0.083669,-7.5346,0.68714,5.8227
0.046098,0.021983,0.023049,-7.5489,0.021548,5.9424
-0.024381,0.020651,-0.053426,-7.6112,-0.29688,5.9568
-0.0441,0.024781,-0.019052,-7.6614,0.095768,5.9927
-0.017587,0.0027979,0.011058,-7.7285,0.29449,6.1028
-0.028245,0.0093262,-0.0095926,-7.5513,0.1245,5.8299
0.017453,0.042501,-0.029977,-7.7165,-0.15802,5.6048
0.011058,0.042634,-0.016254,-7.7764,0.29449,6.0525
0.014922,0.020917,0.01732,-7.865,0.29209,6.1962
0.050228,0.0058622,0.034507,-7.8913,0.23463,6.031
0.046498,0.032642,0.019718,-7.7692,-0.10056,5.8562
0.0053292,0.069413,-0.029577,-7.7452,0.22505,5.7317
0.021317,0.019452,0.018519,-7.8171,0.45969,6.1579
0.019052,0.018386,0.0082603,-7.6926,0.17238,5.8395
-0.016387,0.022916,-0.032908,-7.6686,-0.050278,5.8921
-0.06968,0.097792,-0.1271,-7.4316,0,5.5354
-0.088865,0.10952,-0.078074,-7.501,0.33519,5.7126
-0.065949,0.096326,-0.03877,-7.6184,0.4549,6.0501
-0.072211,0.077541,-0.066216,-7.6614,0.095768,5.9759
-0.065683,0.076741,-0.071412,-7.592,-0.17957,5.9496
-0.064884,0.043433,-0.092196,-7.6974,-0.26336,6.0645
-0.032508,0.0429,-0.079672,-7.671,0.038307,5.9185
-0.014522,0.032242,-0.048896,-7.4771,0.40941,5.952
0.10752,0.075276,0.040369,-7.4867,0.1245,6.0525
0.053825,0.080072,0.030377,-7.3861,0.20351,6.2513
-0.046098,0.056357,-0.038904,-7.6974,0.19393,6.1675
-0.057689,0.048363,-0.011458,-7.7883,0.17957,6.2177
-0.067948,0.015988,0.027179,-7.8386,0.22745,6.1842
0.033841,0.02145,0.076608,-7.8793,0.17238,6.043
0.040502,0.034907,0.045032,-7.9104,-0.016759,6.1028
0.015988,-0.026913,0.057556,-7.9487,0.1245,6.1316
0.040769,-0.055957,0.081005,-8.0062,0.2466,6.2201
0.03091,-0.084868,0.070479,-7.8697,0.093374,6.2441
0.0022649,-0.071678,0.088066,-7.683,-0.13168,5.8969
0.025181,-0.029977,0.03504,-7.4627,-0.069432,5.9209
-0.01692,-0.033841,-0.0038637,-7.4053,0.059855,6.2345
-0.12644,-0.063818,-0.036372,-7.3813,0.32801,6.2513
-0.087,-0.04823,-0.0061286,-7.4388,0.17957,6.5697
-0.092462,-0.080205,-0.047297,-7.4316,0.083797,6.2896
-0.087933,-0.094994,0.030643,-7.3119,0.4956,6.5697
-0.048096,-0.09566,0.10499,-7.2568,0.58179,6.4931
-0.073144,-0.10126,0.1287,-7.2401,0.34955,6.7828
-0.10778,-0.12644,0.11977,-7.2496,0.11253,6.5505
-0.091263,-0.10499,0.1283,-7.3023,0.18914,6.4356
-0.088066,-0.10832,0.12564,-7.2616,0.25857,6.6702
-0.073277,-0.18119,0.10325,-7.2544,-0.21308,6.6511
-0.06475,-0.14882,0.058888,-7.0509,-0.28252,6.213
-0.094727,-0.14016,-0.0065283,-7.1323,-0.35434,6.3686
-0.12164,-0.11844,-0.024248,-7.1491,-0.22027,6.426
-0.13563,-0.11951,-0.023449,-7.1754,0.083797,6.4572
-0.13683,-0.10592,-0.005196,-7.0102,0.17957,6.4931
-0.19012,-0.096593,0.058355,-7.1395,0.3711,6.5721
-0.19598,-0.11298,0.090198,-7.2712,0.31125,6.6224
-0.18799,-0.089931,0.10792,-7.2329,0.29688,6.3135
-0.2133,-0.080072,0.089798,-7.252,-0.043096,6.4643
-0.25127,-0.074609,0.031043,-7.3622,-0.20351,6.4093
-0.18812,-0.066482,0.046364,-7.4747,-0.11253,6.3327
-0.1319,-0.037971,0.050228,-7.5489,-0.23224,6.2345
-0.16214,-0.060354,-0.0053292,-7.4531,-0.076614,6.201
-0.21637,-0.018519,0.08327,-7.3023,0.79009,6.0023
-0.20371,0.015055,0.10499,-7.2832,0.72544,5.8323
-0.2173,0.033308,0.12923,-7.264,0.45011,5.7676
-0.263,0.03917,0.10046,-7.3717,0.13408,5.6695
-0.34067,0.044632,-0.0041302,-7.3933,-0.19872,5.9424
-0.40436,0.022516,-0.10485,-7.75,0.026336,5.8682
-0.35479,0.033974,-0.071145,-7.865,-0.0095768,5.8227
-0.36052,0.013856,-0.034907,-7.9631,0.21069,6.0478
-0.29417,-0.0023982,0.030377,-8.023,0.14365,5.9089
-0.23529,0.024648,0.04743,-7.9057,0.031125,5.6599
-0.29644,0.03051,0.0022649,-7.8386,-0.13408,5.6264
-0.21823,0.042501,0.076475,-8.0565,0.15562,5.8538
-0.14402,-0.077008,0.1676,-8.43,0.28012,6.3039
-0.15788,-0.087933,0.13017,-8.0182,-0.069432,5.5402
-0.14189,-0.028378,0.046098,-8.011,-0.51715,5.6168
-0.13536,-0.045032,0.041701,-8.0062,-0.086191,5.8371
-0.1323,-0.050761,0.063818,-8.1211,0.10534,5.8251
-0.092063,-0.010792,0.073277,-8.0014,-0.031125,5.5617
-0.12297,-0.049429,0.14775,-7.829,0.54348,5.9759
-0.099257,-0.035706,0.20238,-7.7045,0.58179,5.7916
-0.07341,0.02145,0.29084,-7.525,0.54348,5.5545
-0.10912,0.039703,0.20797,-7.4077,0.16281,5.4085
-0.20304,0.075009,0.083536,-7.4771,-0.17957,5.4612
-0.27366,0.092063,0.030243,-7.6112,0.21308,5.8347
-0.31483,0.064484,-0.033574,-7.8243,0.25139,5.849
-0.22716,0.0046631,0.012657,-8.0493,-0.033519,5.8945
-0.16574,-0.05236,0.045965,-7.9966,0.086191,6.0358
-0.072078,-0.10419,0.14136,-7.6375,0.249,5.5402
-0.065949,-0.03544,0.15521,-7.3765,-0.088585,5.1499
-0.053559,-0.032642,0.12537,-7.3358,-0.31843,5.351
-0.15881,0.099391,0.079806,-7.4172,-0.16759,5.351
-0.2113,0.074609,0.026513,-7.6926,-0.27054,5.7485
-0.22996,0.061286,0.0433,-7.8889,0.10295,5.8155
-0.20411,0.069413,0.06102,-7.7764,0.19393,5.5354
-0.17786,0.012257,0.094861,-7.8602,0.1652,5.8131
-0.1303,0.022383,0.13616,-7.865,0.11253,5.3702
-0.06142,0.059021,0.14362,-7.7357,-0.11732,5.2601
-0.044233,0.061286,0.11977,-7.8003,-0.36392,5.3726
-0.041435,0.081671,0.10499,-7.841,-0.3304,5.5019
-0.025314,0.040636,0.11191,-8.1211,-0.19632,5.8897
-0.060887,0.03464,0.10046,-8.0685,-0.055067,5.5234
-0.13403,0.022649,0.077274,-8.0325,0.28491,5.7509
-0.17706,0.034374,0.20598,-8.2791,0.32082,5.9783
-0.14349,0.0030643,0.30243,-8.3749,0.50757,5.9783
0.029577,-0.038637,0.2618,-8.157,-0.019154,5.4396
-0.12284,-0.032242,-0.0050628,-7.7141,-0.33998,5.1116
-0.17347,0.033974,-0.16561,-7.8099,-0.047884,5.1164
-0.261,0.028112,-0.22703,-7.7716,0.18675,5.4684
-0.29924,0.054625,-0.24035,-7.6734,0.44293,5.2888
-0.29218,0.054891,-0.17706,-7.9248,0.34716,5.4875
-0.20837,0.060487,-0.067548,-8.0206,0.28012,5.5138
-0.11844,0.029444,-0.0061286,-8.1044,-0.038307,5.363
-0.11485,0.055957,0.01279,-8.0397,-0.10534,5.4061
-0.023848,0.051294,0.063818,-8.078,-0.057461,5.3415
0.0013323,0.04743,0.056357,-8.2313,-0.29928,5.2218
-0.027845,0.026913,0.027446,-8.1475,-0.30646,5.4109
-0.031309,0.042767,0.0054625,-8.2744,-0.26097,5.272
-0.036372,0.0035972,-0.038104,-8.181,-0.25139,5.6216
0.029311,0.0029311,-0.034773,-8.2193,-0.16041,5.5474
0.045965,-0.067548,-0.0433,-8.0709,-0.095768,5.4564
0.077008,0.015188,-0.027179,-7.9344,0.026336,5.3367
0.047297,-0.019585,-0.024381,-7.9487,-0.079009,5.6695
0.035306,-0.03464,-0.00866,-8.0206,-0.26336,5.6527
0.034107,0.0089265,-0.02145,-8.0996,-0.29928,5.5354
0.057822,-0.0061286,-0.0063951,-8.102,0.13886,5.6814
0.090198,-0.049695,-0.015588,-7.9344,0.050278,5.5474
0.072877,-0.05609,-0.06555,-7.9416,-0.22745,5.3846
0.040636,-0.086867,-0.10698,-7.9272,-0.1245,5.7461
0.036239,-0.087,-0.10099,-7.9344,0.15323,5.5952
0.045965,-0.072078,-0.087666,-7.762,0.35434,5.5617
-0.0014655,-0.051827,-0.099124,-7.8697,0.4549,5.5737
0.045965,-0.05649,-0.0065283,-8.0661,0.19872,5.6958
0.035306,-0.083536,-0.023049,-8.1762,0.249,5.8873
0.050228,-0.11924,0.026779,-7.8697,0.53391,5.8299
0.083536,-0.12191,0.038637,-7.7764,0.249,5.7628
0.092862,-0.081804,0.0094594,-7.4747,-0.2873,5.5881
0.10672,-0.059021,0.026513,-7.4268,-0.07422,5.6192
0.059688,0.0045299,-0.02638,-7.4436,-0.19872,5.4947
0.023982,0.020784,-0.088599,-7.5154,-0.18914,5.6024
-0.0018652,0.017587,-0.12324,-7.6088,-0.29688,5.77
-0.037971,0.026247,-0.12337,-7.7093,-0.10295,5.8179
-0.037438,0.0053292,-0.10539,-7.8362,-0.016759,6.0861
-0.029577,-0.025181,-0.038371,-7.92,0.10534,6.0885
0.10592,-0.00039969,-0.0029311,-7.9057,-0.1652,5.9376
0.086867,-0.033708,-0.035306,-7.9057,-0.52433,5.8897
0.052093,-0.00866,-0.11578,-7.7931,-0.36392,5.5881
0.029178,0.0078606,-0.12564,-7.7692,-0.27294,5.6838
0.0075942,0.0066616,-0.10272,-7.944,-0.09098,5.7461
0.010658,0.022383,-0.14043,-7.6854,-0.059855,5.6982
0.00093262,0.0027979,-0.15255,-7.9703,-0.24421,5.9496
0.0031975,-0.032775,-0.1291,-8.0972,-0.21069,6.0597
0.074077,-0.058355,-0.061153,-7.9679,-0.11253,5.6407
0.11218,-0.042234,-0.0433,-7.7764,-0.050278,5.5929
0.13296,-0.022116,-0.02185,-7.6926,-0.15083,5.5138
0.14802,-0.012391,-0.016387,-7.683,0.047884,5.5641
0.080072,-0.029311,-0.048896,-7.525,0.25857,5.7676
0.090464,-0.009193,-0.026646,-7.5489,0.23942,5.8873
0.057556,-0.038904,-0.057156,-7.5729,0.17478,5.9927
0.070479,-0.029311,-0.070346,-7.4029,0.093374,5.5545
0.082337,0.013989,-0.077008,-7.3287,-0.16281,5.5761
0.066083,0.0050628,-0.10818,-7.3143,-0.25857,5.7868
0.070479,0.027179,-0.058755,-7.5298,-0.22266,5.77
0.1275,0.021184,-0.043833,-7.5513,-0.23942,5.94
0.12191,0.00026646,-0.04743,-7.6686,-0.18914,6.1555
0.13829,-0.010792,-0.042634,-7.5537,-0.031125,6.0501
0.11485,-0.029844,-0.047697,-7.4627,-0.0095768,5.9831
0.092063,-0.026513,-0.063551,-7.4891,-0.047884,5.9735
0.087266,-0.0014655,-0.068747,-7.4436,-0.079009,5.8442
0.018119,0.034907,-0.12137,-7.525,-0.2873,5.8347
0.0099923,0.048763,-0.14349,-7.5274,-0.14126,5.873
0.033574,0.046231,-0.10072,-7.513,-0.067038,5.9472
0.07381,0.056224,-0.093528,-7.8362,-0.3304,5.8323
0.058222,0.038371,-0.11884,-7.9535,-0.56982,5.8251
0.03424,0.021051,-0.13603,-7.944,-0.46448,5.952
0.11245,0.026779,-0.082737,-7.9607,-0.26815,5.6671
0.15308,0.040502,-0.033175,-7.8314,-0.055067,5.5162
0.085534,0.020784,-0.13137,-7.6878,-0.27533,5.4779
0.041968,0.0011991,-0.15894,-7.5513,-0.21308,5.7988
0.044766,-0.018386,-0.12684,-7.5776,-0.0095768,5.9256
0.093528,-0.068214,-0.088066,-7.4986,0.033519,5.9256
0.13137,-0.044499,-0.10232,-7.2664,0.11971,5.7197
0.14922,-0.043433,-0.066616,-7.2496,-0.019154,5.7748
0.15948,-0.019718,-0.096193,-7.2377,-0.16281,5.5857
0.15655,0.0038637,-0.083669,-7.1323,-0.076614,5.7174
0.14869,0.027046,-0.070346,-7.3502,0.081403,6.2345
0.16734,0.013323,-0.066882,-7.3861,0.10056,6.2776
0.13923,-0.019985,-0.063951,-7.5298,0.026336,6.5864
0.14975,-0.045965,-0.039703,-7.5465,0.19154,6.4572
0.14429,-0.0081271,-0.056357,-7.3933,0.17957,6.1387
0.10485,-0.011991,-0.05689,-7.3406,-0.064643,6.3566
0.069813,-0.0023982,-0.080072,-7.4316,0.026336,6.2656
0.0429,0.026913,-0.092462,-7.3239,0.25857,6.2177
-0.001732,0.05196,-0.12457,-7.4915,0.04549,6.3327
-0.0015988,0.057423,-0.11085,-7.5872,-0.11492,6.4069
0.09113,0.039436,-0.10166,-7.7931,-0.031125,6.2944
0.13323,-0.010126,-0.031976,-7.6686,0.16041,6.6918
0.168,-0.0437,0.015855,-7.7357,0.38547,6.6559
0.046098,-0.020118,-0.014123,-7.5369,0.22984,6.0645
0.0081271,-0.0039969,-0.041435,-7.4986,-0.079009,6.0741
-0.055824,0.091397,-0.14202,-7.446,-0.30167,6.0334
-0.036505,0.083136,-0.12177,-7.6543,-0.25618,6.256
-0.0082603,0.08247,-0.092862,-7.7117,-0.25857,6.1651
-0.015988,0.052227,-0.080738,-7.7812,-0.15802,6.1579
-0.00039969,0.03091,-0.042368,-7.8817,-0.13408,5.9831
0.033308,0.0085268,-0.016387,-8.1187,-0.11013,6.213
0.0026646,-0.026113,-0.038237,-7.8673,-0.19154,6.098
-0.045832,-0.018386,-0.050761,-7.7931,-0.10295,5.9185
-0.053159,-0.020518,-0.040902,-7.6399,-0.19872,5.8873
-0.02185,-0.010126,-0.061286,-7.8027,-0.16759,5.6862
-0.0085268,0.032508,-0.045565,-7.6591,-0.34477,5.6647
0.0061286,0.0095926,-0.043034,-7.8458,-0.22266,5.8586
0.01692,0.012657,-0.027979,-7.616,-0.081403,5.7317
0.00093262,0.0015988,-0.0087933,-7.3598,-0.014365,5.7221
0.046231,0.050761,0.031576,-7.5226,-0.10534,5.9999
0.067415,0.063418,-0.019452,-7.592,-0.18196,5.8514
-0.0075942,0.063818,-0.03877,-7.7812,-0.28491,6.0501
-0.043966,0.04743,-0.11271,-7.5896,-0.23942,5.9783
-0.054225,0.060753,-0.11551,-7.5705,-0.016759,5.7772
-0.05236,0.090331,-0.086067,-7.3598,0.249,5.7796
-0.044499,0.087533,-0.037438,-7.2712,0.28252,5.7102
-0.011591,0.09193,-0.009193,-7.343,0.057461,5.7006
0.0037305,0.11658,-0.015588,-7.3837,-0.057461,5.77
-0.0065283,0.12071,0.0018652,-7.5154,-0.10295,5.9903
-0.025181,0.11711,0.031709,-7.3598,0.2897,5.7676
-0.021717,0.13323,0.020651,-7.5034,0.16999,5.7628
-0.088332,0.11631,-0.055291,-7.5154,-0.20111,5.8706
-0.088466,0.12817,-0.045432,-7.5441,-0.067038,5.9496
-0.084335,0.093662,-0.025047,-7.7452,0.059855,6.1387
-0.091663,0.072078,-0.014789,-7.5393,0.057461,5.9209
-0.068747,0.10672,0.020651,-7.7979,-0.1221,5.5641
-0.021051,0.10805,-0.0058622,-7.7835,-0.52433,5.8012
0.0045299,0.086867,-0.037571,-7.9033,-0.75417,5.9664
0.025714,0.057956,-0.063951,-7.8482,-0.64883,5.9831
0.021184,0.079939,-0.058222,-7.695,-0.2059,5.6814
0.02185,0.067815,-0.067681,-7.7979,-0.18914,6.0358
0.0082603,0.058622,-0.044366,-7.7644,-0.16999,5.8419
-0.03091,0.072611,-0.050095,-7.8171,-0.21787,5.9568
0.057822,0.012257,0.027845,-7.92,-0.17957,6.4332
0.10525,-0.0025314,0.041168,-7.5561,-0.19632,6.2153
0.10192,-0.032508,-0.0037305,-7.4723,-0.38307,6.2704
0.034773,0.033175,-0.023182,-7.4555,-0.34716,6.426
0.031976,-0.00079939,-0.032242,-7.6231,-0.31843,6.5769
0.052227,-0.072744,0.040769,-7.5489,0.0095768,7.1228
0.040636,-0.083136,0.061819,-7.4316,0.25139,7.1802
0.062885,-0.10645,0.11564,-7.0844,0.41899,7.2185
0.029311,-0.17027,0.13616,-6.8666,0.10774,7.3454
-0.033708,-0.22449,0.11231,-6.7971,0.13886,7.4268
0.017187,-0.27566,0.14083,-6.687,0.14365,7.525
0.046897,-0.29351,0.13696,-6.4691,0.31364,7.4053
0.077407,-0.32775,0.20384,-6.3398,0.45729,7.7189
0.078473,-0.36119,0.2133,-6.1028,-0.02873,7.8793
-0.071412,-0.34627,0.20384,-5.8754,0.35195,7.6423
-0.15442,-0.27259,0.19652,-5.7413,0.50757,7.4029
-0.16308,-0.21051,0.24315,-5.9711,0.8667,7.4939
-0.2165,-0.14083,0.33867,-6.3279,1.0726,7.6088
-0.22516,-0.16747,0.32921,-7.1874,0.34955,7.2089
-0.21464,-0.24594,0.3524,-7.5465,0.21308,7.6543
-0.18919,-0.27006,0.36812,-7.8123,0.067038,6.9121
-0.21943,-0.23289,0.31682,-7.367,-0.22505,6.4715
-0.352,-0.12444,0.17427,-7.422,-0.6201,5.8203
-0.42967,-0.017187,0.096459,-7.6375,-0.49321,5.4708
-0.53506,0.11405,0.090064,-8.4084,0.37589,5.9233
-0.48523,0.090597,0.14802,-8.9711,0.35434,6.3782
-0.45272,0.0027979,0.16601,-9.323,-0.086191,6.6439
-0.37132,-0.11378,0.15735,-9.0668,-0.60094,6.0071
-0.28871,-0.14402,0.10832,-8.9208,-0.9098,5.9137
-0.20784,-0.10805,0.1347,-8.4228,-0.59616,5.6623
-0.17866,-0.095793,0.13723,-8.0589,-0.2083,5.3893
-0.21424,-0.0098591,0.094328,-8.09,0.04549,5.8849
-0.24395,-0.02145,0.059155,-8.023,0.011971,5.8826
-0.34067,-0.027712,0.050495,-8.0349,-0.10534,5.7197
-0.22436,-0.057289,0.10952,-7.9703,-0.32082,5.9951
-0.14202,-0.071545,0.094594,-7.7476,-0.30885,5.7269
-0.024914,-0.058222,0.05196,-7.7428,-0.97923,5.5761
0.012124,-0.07341,0.0098591,-7.5489,-0.78769,5.8227
-0.01279,-0.097392,0.011724,-7.4436,-0.17238,5.861
-0.0097259,-0.00039969,0.077541,-7.1754,0.76136,5.6048
-0.051694,0.00053292,0.07874,-7.3095,0.71108,5.9711
-0.10752,0.0023982,0.030776,-7.2065,0.55067,5.7604
-0.18679,0.014522,0.00026646,-7.4101,0.44532,5.533
-0.20811,0.015988,0.019851,-7.3861,0.16281,5.6192
-0.16241,0.052626,0.016654,-7.3143,-0.069432,5.2864
-0.15415,0.10805,-0.011458,-7.2927,-0.15083,5.3151
-0.13976,0.11991,0.022383,-7.3741,0.043096,5.43
-0.11644,0.11218,0.055691,-7.6207,0.25857,5.6623
-0.1307,0.095394,0.090464,-7.7021,0.60573,5.4085
-0.15974,0.067015,0.11085,-7.6878,0.67038,5.6383
-0.18133,0.081804,0.069014,-7.6902,0.2897,5.3271
-0.19305,0.084735,-0.014389,-7.774,-0.2083,5.1667
-0.19985,0.12577,-0.14202,-7.8314,-0.44293,5.2888
-0.19425,0.12177,-0.094194,-7.8051,0.11253,5.3941
-0.051827,0.14376,0.04823,-7.9583,0.086191,5.6479
-0.083802,0.16188,0.092196,-7.7309,0.44053,5.1571
-0.11458,0.14669,0.093928,-7.7524,0.38547,5.1667
-0.10379,0.10832,0.081671,-8.2145,-0.043096,5.5091
-0.070213,0.069547,0.048363,-8.1547,-0.22266,5.5043
-0.074609,0.06968,0.05649,-8.0589,-0.0047884,5.5043
-0.00039969,0.076874,0.058089,-7.9104,-0.16281,5.0853
-0.012257,0.090331,0.0022649,-7.7835,-0.10534,5.0925
-0.049695,0.12391,-0.01359,-7.6926,-0.15083,5.1164
-0.078606,0.1756,0.00066616,-7.9679,0.45011,5.4085
-0.10179,0.16094,0.011325,-8.0038,0.23942,5.5929
-0.054492,0.068747,0.092862,-8.2863,0.33758,5.5498
-0.021717,0.034507,0.11525,-8.1331,0.35674,5.4253
0.023315,0.026779,0.10738,-8.0732,0.21069,5.1954
0.018786,0.060221,0.049296,-7.9248,-0.16999,4.8315
-0.021583,0.060087,-0.012923,-8.0732,-0.2873,5.114
-0.021583,0.066482,-0.018786,-8.0541,-0.086191,5.2002
-0.010392,0.083403,-0.014522,-8.1594,0.026336,5.2625
-0.027979,0.039703,-0.041435,-8.2959,-0.16999,5.4708
-0.051028,0.0067948,-0.071279,-8.3342,-0.28012,5.4037
-0.01319,0.025447,-0.019985,-8.2576,-0.17238,5.2648
0.054625,0.0054625,-0.012257,-8.3222,-0.2897,5.4612
0.056224,-0.018652,-0.015721,-8.2959,-0.0047884,5.5809
0.091263,-0.048496,-0.026513,-8.3342,-0.23463,5.2984
0.10765,-0.033441,-0.044233,-8.2289,-0.20111,5.3271
0.090198,-0.015988,-0.086867,-8.2337,-0.25379,5.2361
0.055291,-0.068214,-0.14775,-8.339,-0.24421,5.5569
0.033175,-0.084069,-0.15615,-8.1762,-0.093374,5.3654
0.10126,-0.033574,-0.12364,-7.9535,0.095768,5.2337
0.12084,-0.039037,-0.11724,-8.0086,-0.22266,5.7245
0.12097,-0.050761,-0.12617,-8.1139,-0.19154,5.5881
0.076208,-0.094328,-0.14922,-7.999,-0.086191,5.9735
0.079672,-0.088066,-0.12497,-7.8985,0.22984,5.5761
0.10379,-0.10126,-0.10698,-7.7907,0.26576,5.5761
0.064351,-0.053825,-0.069813,-7.5729,-0.18675,6.0885
0.070613,-0.10605,-0.076874,-7.8027,-0.28252,6.0501
0.14562,-0.089265,-0.00866,-7.4747,0.0071826,5.7054
0.11458,-0.09566,0.006928,-7.3909,-0.014365,6.0358
0.094061,-0.10605,0.017853,-7.4292,0.055067,6.0885
0.081138,-0.10499,0.017187,-7.4029,0.086191,5.8945
0.072877,-0.071412,0.022516,-7.2113,0.11971,5.7174
0.071812,-0.058222,0.014123,-7.367,0.040701,5.6838
0.11058,-0.066216,-0.0075942,-7.4436,-0.086191,5.7006
0.090064,0.010925,-0.021717,-7.2496,-0.29688,5.7269
0.090064,0.06928,-0.0097259,-7.5058,-0.21548,6.3638
0.19612,0.09073,0.045032,-7.4196,-0.2083,5.8826
0.45325,-0.10086,0.094994,-7.7692,-0.32801,6.0693
0.45232,0.06555,0.13816,-7.2233,0.38786,5.5258
0.38824,0.13789,0.076741,-7.2832,-0.10774,5.7485
0.3492,0.1748,0.045432,-7.9009,-0.25139,5.8682
0.26593,0.077274,0.01772,-8.4156,0.031125,6.5673
0.29231,0.041968,0.055424,-8.1403,0.21308,6.2201
0.33055,0.069946,0.088865,-8.0661,-0.031125,5.8682
0.29804,0.067948,0.039436,-8.0709,-0.32801,6.0166
0.24008,-0.024914,0.014655,-8.0134,-0.50757,6.098
0.23409,-0.033175,0.0013323,-8.0038,-0.27773,5.8395
0.10805,0.0023982,-0.15521,-7.7333,-0.27294,5.7341
0.10166,0.059288,-0.18439,-7.5513,-0.0095768,5.7317
0.07008,0.034507,-0.18266,-7.5393,0.11253,5.8012
0.06928,0.069946,-0.16721,-7.3813,0.39744,5.5402
0.12484,0.15122,-0.074343,-7.5034,0.63207,5.8849
0.14789,0.10685,-0.060487,-7.6734,0.54348,5.9711
0.19931,0.11471,-0.075809,-7.8027,0.04549,5.7916
0.23649,0.14282,-0.077008,-7.6878,-0.10534,5.8682
0.168,-0.048363,-0.005196,-7.5872,1.2163,6.9121
0.29417,0.043034,0.10152,-7.5681,0.33758,4.9368
0.30164,0.18586,0.091397,-7.1563,0.33279,5.4923
0.27619,0.18119,0.093795,-7.3143,0.32801,5.952
0.23635,0.14735,0.11045,-7.3287,0.54348,6.1339
0.24701,0.14336,0.14123,-7.1946,0.6608,5.7652
0.28711,0.14882,0.14202,-7.3358,0.53391,5.8083
0.25154,0.14522,0.096326,-7.4412,0.2897,6.1172
0.19718,0.081804,0.04823,-7.6591,0.22984,6.4428
0.13043,0.11098,-0.26886,-7.5896,0.75417,6.1459
-0.083003,0.14069,0.023449,-6.9192,0.78051,7.1299
-0.09073,-0.10765,-0.011058,-6.9623,1.0391,6.5888
0.12204,0.24355,0.20451,-7.5178,0.95529,5.8586
0.14043,0.25487,0.24848,-7.4196,1.4054,6.6008
0.17014,0.0093262,0.31283,-7.3478,1.142,6.7062
0.26566,0.02145,0.2558,-7.6543,0.10774,6.201
0.14615,0.069813,0.01359,-7.5729,-0.7446,5.964
-0.17373,-0.28778,-0.098858,-8.102,1.0008,7.8338
-0.12137,-0.14895,-0.024381,-7.8673,1.2881,6.0238
-0.081271,-0.045432,-0.0042634,-7.2281,0.96726,6.3159
-0.12191,-0.00026646,0.0077274,-7.4891,0.7829,6.0693
-0.077141,0.05236,-0.04783,-7.6998,0.52433,6.2704
-0.17467,0.087666,-0.079539,-7.7883,0.249,6.4667
-0.079006,0.11844,-0.17213,-8.2313,0.37828,5.9161
-0.15402,0.28432,-0.22396,-7.9535,0.49081,5.8466
-0.22316,-0.067948,0.019452,-7.7812,0.62249,6.6367
-0.11178,-0.080738,0.16681,-7.5633,1.0343,5.7485
-0.12857,0.15362,0.035972,-7.8578,-0.11492,5.679
-0.23036,0.23076,-0.020518,-8.5042,-0.26336,6.4141
-0.22636,0.0093262,-0.023182,-8.3079,-0.059855,6.9097
-0.15961,-0.092329,0.0081271,-8.1379,0.22505,6.2896
-0.26087,0.076608,-0.13803,-7.8051,0.0023942,5.8538
-0.42061,1.0965,-0.55118,-8.1954,-1.9369,4.4867
-0.3881,0.96006,-0.63778,-8.4515,-0.88825,6.1746
-0.35946,0.71012,-0.49602,-8.5066,-0.32082,6.8594
-0.3055,0.46138,-0.32175,-8.181,0.24421,6.3207
-0.16521,0.41821,-0.18319,-7.9751,0.39983,5.387
-0.2991,1.3472,-0.22836,-7.0868,0.56024,1.5395
-0.12217,1.5809,-0.16894,-7.4172,0.42377,4.0677
-0.10419,1.6173,-0.19878,-7.8769,0.47884,5.3008
-0.20158,1.4556,-0.18453,-7.853,0.35195,5.9137
-0.11578,1.28,-0.25034,-7.9942,-0.58658,5.4708
-0.14016,1.1714,-0.31642,-8.2001,-0.72544,5.3726
-0.1716,1.2039,-0.34174,-8.442,-0.49321,5.047
-0.26953,1.4854,-0.28325,-8.26,0.076614,4.0989
-0.42887,1.9672,-0.35879,-8.655,0.22745,3.7038
-0.53732,2.67,-0.12604,-9.0333,0.18196,2.818
-0.5717,2.928,-0.0866,-8.3222,-0.038307,2.7342
-0.47537,3.0405,-0.23449,-9.0908,-0.73981,2.636
-0.20984,2.7443,-0.28658,-8.655,-0.59855,3.2298
-0.19558,2.3565,-0.13736,-8.825,-0.48842,3.3064
-0.18253,1.8419,-0.11245,-8.6622,-0.2897,2.3391
-0.255,1.8082,-0.058755,-8.9687,-0.34955,1.6831
-0.23262,1.6931,0.15202,-9.2057,-0.45969,1.3312
0.097925,1.3177,0.23409,-9.0285,-0.59376,1.8172
0.10539,1.0897,0.2125,-9.0836,-0.4525,1.5371
0.25527,0.75156,0.21637,-8.4755,-0.61052,1.6712
0.2554,0.34454,0.13896,-9.244,-0.95289,1.5682
0.17333,0.035839,-0.027312,-9.4403,-1.0511,1.6735
0.12324,-0.098191,-0.087133,-9.3733,-0.87867,1.573
0.045032,-0.21091,-0.070613,-9.0932,-0.07422,0.96007
0.041302,-0.23782,0.051294,-9.0142,0.50039,1.0654
0.058089,-0.24048,0.11525,-8.9854,0.41659,1.063
0.084868,-0.21517,0.19358,-9.2344,-0.016759,1.0894
0.087666,-0.20078,0.20864,-9.2081,-0.5794,1.3551
0.047697,-0.10619,0.22689,-8.9783,-0.45969,1.2665
0.0021317,-0.0049296,0.23569,-8.9399,-0.26815,1.221
-0.091263,0.23449,0.2233,-8.995,0.033519,1.2713
-0.10632,0.38064,0.21197,-8.5401,0.0047884,1.3503
-0.068348,0.42168,0.20344,-8.6574,-0.1245,1.8148
-0.12297,0.352,0.095527,-9.1818,-0.24181,2.3439
-0.22969,0.43687,0.2991,-9.9216,-0.011971,1.719
-0.23116,0.50321,0.31656,-9.9407,-0.26336,1.64
-0.25101,0.5188,0.051694,-9.5744,-0.826,1.8675
-0.33015,0.31216,-0.21317,-9.754,-1.9609,2.4421
-0.36865,0.067282,-0.32908,-9.833,-1.5203,2.3008
-0.33761,-0.11005,-0.30363,-9.268,-0.19632,1.6041
-0.37145,-0.17467,-0.31096,-9.5217,-0.30406,2.0135
-0.39783,-0.17533,-0.27539,-9.6055,-0.14126,1.6783
-0.27939,-0.1764,-0.19798,-9.4834,-0.23224,1.7669
-0.20438,-0.22343,-0.14829,-9.4954,-0.61292,1.7478
-0.021717,-0.23569,-0.079406,-9.4403,-0.47405,1.6352
-0.010392,-0.1275,-0.01319,-9.5026,-0.059855,1.9201
-0.0015988,-0.1339,0.036106,-9.3422,-0.26815,2.0111
-0.09526,-0.20211,0.086201,-9.3398,-0.19154,2.2242
-0.12084,-0.24648,0.12164,-9.2823,-0.32801,2.2529
-0.1331,-0.28645,0.17653,-9.1363,-0.37828,2.1356
-0.14043,-0.27885,0.2201,-9.2895,-0.38547,2.0016
-0.061686,-0.31816,0.27113,-9.2392,-0.51715,2.1045
-0.0055957,-0.32415,0.30923,-9.1937,-0.2083,1.7382
0.024648,-0.41728,0.27073,-9.4906,-0.33519,2.3152
0.02225,-0.49429,0.24315,-9.3111,-0.1221,2.2362
0.026913,-0.46791,0.24235,-9.2871,0.13647,2.083
-0.012657,-0.342,0.24128,-8.9783,0.0071826,1.9345
-0.082337,-0.21304,0.17773,-8.9783,-0.18914,1.8124
-0.14282,-0.13363,0.14602,-8.9926,-0.21069,1.9201
-0.18546,-0.13736,0.11431,-9.1243,-0.52912,2.3559
-0.22902,-0.2189,0.070346,-9.2991,-0.67756,2.5426
-0.2586,-0.24928,0.028245,-9.2656,-0.59137,2.4349
-0.26393,-0.14935,0.032908,-9.1818,-0.31843,1.6831
-0.23302,-0.077674,0.055158,-9.0357,-0.32082,1.549
-0.16321,0.036106,0.070746,-8.825,-0.32082,1.6688
-0.13363,0.17813,0.13363,-8.7556,-0.2466,1.6951
-0.16774,0.20451,0.11724,-8.7245,-0.2083,1.9417
-0.19518,0.24075,0.10725,-8.9256,-0.28491,1.9417
-0.20944,0.2185,0.070479,-8.9807,-0.22266,2.1237
-0.2225,0.18013,0.034773,-9.2488,-0.34237,2.2075
-0.24261,0.13896,-0.029444,-9.4547,-0.27533,2.0159
-0.2586,0.11618,-0.058489,-9.3805,-0.23224,1.9537
-0.27845,0.12311,-0.034507,-9.3111,-0.047884,1.8316
-0.30483,0.063551,-0.013989,-9.4092,0,1.8962
-0.31483,0.026779,-0.0082603,-9.414,0.021548,1.9321
-0.33601,0.033041,0.021583,-9.3565,-0.088585,1.6831
-0.35493,0.044366,0.027579,-9.517,-0.15562,1.5802
-0.32189,0.042234,0.052093,-9.5122,-0.22984,1.6089
-0.29071,0.014256,0.053426,-9.7276,-0.23942,1.5203
-0.25754,-0.019319,0.061286,-9.7085,-0.31364,1.5874
-0.23675,-0.066882,0.060487,-9.572,-0.35434,1.5897
-0.16454,-0.068614,0.0099923,-9.2967,-0.19632,1.415
-0.13949,-0.053026,-0.044766,-9.0836,-0.11492,1.3838
-0.16068,-0.098458,-0.072211,-9.0956,0.13647,1.6544
-0.18959,-0.13177,-0.064217,-9.3374,0.249,1.731
-0.22023,-0.18666,-0.068214,-9.3494,0.18435,1.8004
-0.23022,-0.19425,0.02638,-9.5193,0.2059,1.7478
-0.20011,-0.23515,0.18706,-9.4834,-0.15323,1.4174
-0.1796,-0.21264,0.14949,-9.3063,-0.34477,1.506
-0.16721,-0.18546,0.13083,-9.1267,-0.47645,1.2306
-0.15282,-0.13843,0.01772,-8.77,-0.38786,1.1947
-0.15641,-0.1347,-0.077407,-8.4396,-0.32322,1.0726
-0.15402,-0.049695,-0.11631,-8.3701,-0.19632,1.1349
-0.1287,-0.016521,0.1295,-9.0621,0.64643,1.9321
-0.11231,-0.037038,0.39183,-9.7779,1.0798,1.8387
-0.15135,-0.12151,0.53039,-10.19,0.91219,2.3679
-0.19905,-0.21024,0.50255,-10.111,0.23703,2.1261
-0.21384,-0.24608,0.44846,-9.4739,0.14605,1.4868
-0.19465,-0.22516,0.3027,-8.9519,-0.17478,1.1516
-0.19572,-0.2133,0.18639,-8.995,-0.16041,1.2019
-0.19985,-0.16281,0.1335,-9.0812,-0.15802,0.92895
-0.18546,-0.1363,0.029844,-8.9256,-0.12929,0.98641
-0.16254,-0.041968,0.037704,-8.9352,0.11492,1.0175
-0.15868,-0.032642,0.21077,-9.5289,0.30406,1.1325
-0.16454,0.020518,0.11338,-9.4164,-0.17957,0.81163
-0.12657,0.0099923,0.043567,-9.1291,-0.2466,0.61531
-0.085268,0.11964,-0.013323,-8.6072,0.12929,0.68235
-0.10086,0.16947,-0.0099923,-8.9783,0.19154,0.92177
-0.096992,0.12417,0.036905,-9.2081,0.22505,0.93134
-0.077541,0.1247,0.028778,-9.2153,0.24421,0.91937
-0.087533,0.12204,-0.023848,-9.3111,0.11732,1.063
-0.10232,0.10645,-0.07381,-9.4044,0.18675,1.1157
-0.091796,0.11418,-0.099657,-9.2727,0.35195,0.81642
-0.084735,0.12151,-0.1275,-9.0764,0.36871,0.76614
-0.06968,0.11245,-0.11005,-9.1794,0.39983,0.89064
-0.044366,0.11711,-0.080605,-9.1339,0.41659,0.85473
0.033841,0.1251,-0.039836,-9.4499,0.33758,0.82121
0.0030643,0.11818,-0.036772,-9.481,0.44532,0.82839
0.072078,0.12351,-0.036239,-9.4403,0.29449,0.71108
0.11178,0.11898,-0.029844,-9.244,0.22505,0.8667
0.1331,0.11831,-0.040236,-9.2177,0.43814,0.79009
0.14056,0.098991,-0.066616,-9.1339,0.22984,0.9505
0.10632,0.088066,0.029977,-9.2273,0.39265,1.1229
0.086867,0.13616,0.038104,-9.2991,0.38547,1.0726
0.081138,0.10645,0.019585,-9.3182,0.29928,0.96247
0.06555,0.12151,-0.03877,-9.2177,0.27054,0.9505
0.033041,0.11964,-0.095793,-9.2799,0.249,1.1372
0.02638,0.095127,-0.11298,-9.481,0.19872,1.2953
0.019319,0.094727,-0.1315,-9.3087,0.19632,1.1899
0.0045299,0.083536,-0.16627,-9.3901,0.069432,1.2689
0.021583,0.063551,-0.18719,-9.3494,0.035913,1.3144
0.049296,0.08327,-0.17413,-9.1315,0.13647,1.1085
0.077407,0.14922,-0.18639,-9.2536,0.14365,0.9505
0.079273,0.2205,-0.18253,-9.3494,0.059855,1.1803
0.068614,0.24035,-0.10166,-9.0597,0.067038,1.0989
0.1247,0.20984,-0.082603,-9.2344,0.014365,1.4126
0.10885,0.16308,-0.028378,-9.6151,-0.0023942,1.2522
0.12564,0.12324,-0.0094594,-9.6151,-0.21308,1.1779
0.063951,0.074343,-0.089665,-9.4379,-0.17478,1.3096
0.12777,-0.02185,-0.074476,-9.0285,-0.33519,1.1588
0.18146,-0.042368,-0.053825,-8.8969,-0.25618,1.1396
0.18106,-0.062352,-0.061686,-9.0644,-0.19872,1.1923
0.15042,-0.036106,-0.05236,-9.1195,0.1221,1.1899
0.15721,-0.0057289,-0.013323,-9.1746,-0.13408,1.008
0.16867,0.015188,0.0031975,-9.3757,-0.19872,1.0942
0.16734,0.00053292,-0.015721,-9.5457,-0.37589,1.1779
0.16894,0.0429,-0.014389,-9.5529,-0.40223,1.2234
0.19558,0.076208,0.0065283,-9.5122,-0.43574,1.1277
0.2137,0.074077,0.0058622,-9.3589,-0.2897,1.1851
0.20344,0.038104,-0.0087933,-9.5409,-0.4525,1.5275
0.17986,-0.0041302,-0.019718,-9.6391,-0.2897,1.6017
0.16854,-0.027312,-0.0018652,-9.6606,-0.17957,1.4485
0.17746,-0.026113,0.00066616,-9.7109,-0.12929,1.2881
0.1796,-0.013456,-0.025047,-9.6893,-0.249,1.336
0.15788,0.0066616,-0.059155,-9.5361,-0.21787,1.4844
0.11125,0.046631,-0.095793,-9.3565,-0.10774,1.5155
0.094594,0.046764,-0.099257,-9.3805,-0.15323,1.4174
0.099657,0.023848,-0.093129,-9.3901,-0.20351,1.7549
0.14003,-0.015322,-0.079806,-9.4523,-0.41899,1.6065
0.15228,-0.020651,-0.084735,-9.1626,-0.17238,1.7166
0.15601,-0.0027979,-0.097659,-8.9471,-0.38068,1.7813
0.13576,0.045032,-0.11151,-8.9926,-0.249,1.8603
0.081804,0.057156,-0.089265,-8.8992,-0.15802,1.6951
0.056757,0.015988,-0.10365,-8.9543,-0.42617,1.8555
0.063018,0.006928,-0.084735,-8.849,-0.2083,1.7837
0.072345,0.0043966,-0.065816,-8.8753,-0.2466,1.7621
0.069946,-0.033441,-0.05156,-8.837,-0.21308,1.7502
0.068747,0.0085268,-0.036106,-8.8538,-0.16041,1.7286
0.06968,0.00013323,-0.020917,-8.746,-0.22745,1.7406
0.07421,-0.011458,0.067815,-9.1028,-0.21787,1.6712
0.049962,0.0058622,0.041302,-9.1626,-0.2873,1.5658
0.037172,0.012124,0.044233,-9.0644,-0.19872,1.7693
0.049962,0.04823,0.042634,-8.8418,-0.23224,1.4389
0.06102,0.11231,0.046897,-8.5856,-0.26097,1.482
0.06928,0.12577,0.049029,-8.7747,-0.22266,1.6807
0.080871,0.11884,0.06102,-8.8992,-0.249,1.6089
0.063418,0.074876,0.067681,-9.1315,-0.069432,1.8411
0.037305,0.035173,0.084602,-9.4355,-0.023942,1.6137
0.049029,0.025181,0.10872,-9.481,-0.047884,1.4269
0.062485,0.014655,0.069946,-9.2703,-0.30885,1.6233
0.035706,0.012124,0.017986,-9.0764,-0.46687,1.6735
0.0098591,0.0047963,-0.033974,-9.1866,-0.26336,1.5514
-0.0090597,-0.015322,-0.052493,-9.0668,-0.27533,1.6759
-0.01732,-0.025847,-0.041302,-9.0836,-0.11492,1.312
-0.016654,-0.027845,-0.050894,-9.4308,-0.19154,1.4653
-0.017187,-0.029577,-0.025447,-9.4068,-0.11971,1.2713
-0.012257,-0.012257,0.023982,-9.2416,0.13647,1.3072
0.032375,0.0015988,0.049828,-9.1291,-0.52433,1.4246
0.049162,-0.0070613,0.0433,-9.1937,-0.55785,1.4724
0.05196,-0.016121,0.031976,-9.1866,-0.56982,1.3934
0.036772,0.0054625,0.059954,-9.2009,-0.29449,1.312
-0.00026646,-0.010658,0.032775,-9.3877,-0.31364,1.3719
0.015055,-0.0035972,-0.030643,-9.2416,-0.30406,1.3455
-0.0067948,-0.010925,-0.027845,-9.2057,-0.25379,1.4868
-0.017187,-0.039037,-0.011858,-9.2464,-0.25618,1.6592
-0.0097259,-0.025714,0.025314,-9.2512,-0.23942,1.3431
0.058888,-0.067149,0.034507,-9.4667,-0.33758,1.3336
0.086201,-0.061286,0.088466,-9.3302,-0.24181,1.3599
0.074476,-0.045832,0.087266,-9.2081,-0.20111,1.2905
0.071545,-0.038237,0.11085,-9.0453,-0.1652,1.3455
0.076874,-0.015188,0.12031,-9.1075,-0.0047884,1.4964
0.070346,0.0083936,0.12084,-9.1937,-0.21787,1.3791
0.06515,0.026513,0.11338,-9.3278,-0.21069,1.403
0.040236,0.043167,0.080871,-9.1985,-0.19872,1.561
0.0033308,0.045698,0.046231,-9.4403,-0.23224,1.6137
-0.015455,0.020917,-0.028645,-9.2177,-0.32082,1.7813
-0.039969,0.047164,-0.081937,-9.3254,-0.28012,1.5874
-0.061153,0.066749,-0.11698,-9.3661,-0.22984,1.5562
-0.10206,0.049029,-0.13869,-9.2871,-0.16281,1.6472
-0.069147,0.0095926,-0.13123,-9.3134,-0.16759,1.7502
-0.057423,-0.00026646,-0.13323,-9.4427,-0.057461,1.4748
-0.024781,-0.0097259,-0.015455,-9.493,0.14365,1.4964
0.018253,-0.006928,0.071545,-9.2775,-0.13168,1.5107
0.018386,-0.048896,0.050761,-9.323,-0.25857,1.6855
-0.0042634,-0.075009,0.071145,-9.2225,-0.064643,1.5179
-0.027446,-0.06102,0.10232,-9.2009,-0.040701,1.2761
-0.03424,-0.021317,0.088199,-9.1985,-0.19393,1.312
-0.027579,0.0059954,0.063818,-9.2105,-0.26097,1.3982
-0.022116,0.048629,0.014655,-9.232,-0.26336,1.4892
-0.047697,0.01359,-0.041302,-9.3206,-0.40462,1.6783
-0.046098,0.017853,-0.067548,-9.4978,-0.18196,1.573
-0.053825,0.021983,-0.036905,-9.3087,-0.27773,1.5706
-0.036239,0.0053292,-0.067948,-9.3446,-0.26336,1.652
-0.017853,-0.0053292,-0.0029311,-9.0956,-0.43574,1.6113
-0.0065283,-0.030776,0.032775,-8.9926,-0.15562,2.1021
-0.0015988,-0.04783,0.074476,-9.019,-0.1221,2.1524
0.014522,-0.07341,0.11072,-9.0285,-0.026336,2.3248
-0.017853,-0.10552,0.13709,-9.1866,-0.0095768,2.5642
-0.046098,-0.093528,0.16721,-9.1243,-0.29209,2.7533
-0.056757,-0.078207,0.16321,-9.347,-0.23942,2.9401
-0.034507,-0.075809,0.13776,-9.3302,-0.39025,3.1412
-0.089931,-0.077407,0.11818,-9.4427,-0.60813,3.2226
-0.13909,-0.11804,0.0866,-9.268,-0.38307,3.3112
-0.18866,-0.1319,0.097126,-9.2392,-0.25857,3.304
-0.17067,-0.12777,0.12297,-9.232,-0.32561,3.2585
-0.21117,-0.13456,0.13243,-9.1818,-0.30885,3.1101
-0.20984,-0.15601,0.13563,-9.3398,-0.44293,3.1987
-0.19838,-0.16228,0.15242,-9.1147,-0.38068,2.8491
-0.20451,-0.18066,0.16268,-9.1818,-0.43814,2.6959
-0.18532,-0.1704,0.17906,-9.1818,-0.17717,2.4469
-0.17253,-0.16814,0.19212,-8.9184,-0.18675,2.4995
-0.18945,-0.18386,0.19279,-8.8609,-0.16041,2.5067
-0.19585,-0.16654,0.27059,-8.4874,0.047884,2.3511
-0.22196,-0.14083,0.28658,-8.4683,0.22266,2.2769
-0.26673,-0.14003,0.27312,-8.521,0.25139,2.2601
-0.31243,-0.10059,0.20225,-8.576,0.14126,2.1093
-0.33947,-0.074876,0.094061,-8.6981,0.07422,1.9872
-0.37158,-0.06555,0.023315,-8.8298,0.12689,1.9393
-0.40915,0.0053292,-0.050095,-8.7819,0.17957,1.6975
-0.43274,0.029711,-0.094861,-9.1913,0.27533,1.9154
-0.42461,0.030776,-0.10512,-9.1818,0.093374,1.9058
-0.38291,-0.0055957,-0.071012,-9.1602,0.031125,1.8052
-0.23489,-0.015455,0.088599,-9.177,0.23942,1.6472
-0.20891,-0.012657,0.1319,-9.3302,0.18914,1.5467
-0.18133,-0.027312,0.11218,-9.2751,0.035913,1.8364
-0.22649,-0.015188,-0.027979,-9.6055,0.25618,1.5131
-0.25527,0.014655,-0.11111,-9.833,0.37589,1.2689
-0.27606,0.055957,-0.12137,-9.9335,0.47405,1.0558
-0.26939,0.11338,-0.10952,-9.924,0.33998,0.83318
-0.25008,0.15575,-0.098058,-9.7085,0.39265,0.69911
-0.23102,0.1716,-0.08287,-9.7324,0.60334,0.51236
-0.24741,0.2113,-0.093928,-9.6606,0.27054,0.7039
-0.2205,0.19985,-0.10952,-9.8138,0.088585,0.74939
-0.20997,0.17134,-0.14935,-10.094,0.2083,0.59616
-0.23369,0.061553,-0.13363,-9.9192,0.27773,0.68235
-0.15815,0.047297,-0.042234,-9.7444,0.15323,0.55545
-0.10272,0.026513,-0.0042634,-9.73,0.047884,0.69192
-0.046498,0.028378,0.044899,-9.6582,0.11253,0.60573
-0.0058622,0.021184,0.090198,-9.5409,-0.04549,0.54348
-0.0035972,0.030643,0.12124,-9.2464,-0.026336,0.71108
-0.0026646,0.026513,0.10312,-9.1387,0.10295,0.7853
-0.034374,0.018253,0.14709,-8.9639,0.052672,0.82839
-0.095127,0.040103,0.15215,-8.8969,-0.20111,0.77093
-0.07794,0.046498,0.14935,-8.7747,-0.28252,0.67038
-0.03877,-0.011325,0.12804,-8.77,-0.43814,0.91219
-0.029044,-0.033441,0.12444,-9.0788,-0.35434,0.55306
-0.012391,-0.049828,0.11844,-9.1387,-0.37589,0.74939
-0.033574,-0.092995,0.086201,-9.2488,-0.50518,0.84515
0.019585,-0.11032,0.040769,-9.1889,-0.59855,0.74939
0.035839,-0.11551,0.010259,-9.2608,-0.44772,0.62249
0.065683,-0.10459,0.017853,-9.0692,-0.014365,0.63207
0.068614,-0.052093,0.041168,-9.1722,-0.014365,0.68953
0.03957,-0.011458,0.06515,-9.0477,0.16281,0.82121
-0.0037305,0.013723,0.074343,-9.1818,0.23703,0.93853
-0.027579,0.056224,0.087666,-9.1746,0.4549,0.85712
-0.032775,0.083403,0.10432,-9.268,0.40462,0.63925
-0.030377,0.070613,0.075409,-9.5241,0.25139,0.83797
-0.038237,0.075542,0.040236,-9.7803,0.19393,0.826
-0.029444,0.069547,0.021583,-9.9431,0.2873,0.80206
-0.0022649,0.03544,0.0027979,-9.7157,0.052672,0.92416
0.0047963,-0.0087933,0.0073277,-9.5241,0.17717,0.85712
-0.0030643,0.010126,0.0050628,-9.4308,0.44053,0.7446
-0.0022649,0.036239,0.0029311,-9.3206,0.43814,0.56024
0.0090597,0.065683,-0.0043966,-9.2823,0.38307,0.69192
0.026646,0.071945,0.00066616,-9.2727,0.39025,0.48602
0.026646,0.063685,0.0027979,-9.3111,0.33758,0.81403
0.016254,0.051694,0.0081271,-9.5002,0.34716,0.83558
0.023049,0.038104,0.029444,-9.2943,0.33279,0.76375
0.043567,0.040369,0.06102,-9.1339,0.39265,0.50518
0.028112,0.011191,0.038104,-9.074,0.27773,0.77333
0.015855,0.037704,0.080072,-9.0094,0.34716,0.85473
-0.015055,0.027979,0.053292,-9.1051,0.12689,0.9481
0.0023982,0.043433,0.037172,-9.1195,0.14365,0.87388
0.015322,0.045698,0.020251,-9.1578,0.088585,0.80924
0.013989,0.014789,0.023982,-9.2033,0.17957,0.91219
0.019851,-0.001732,0.027712,-9.4978,0.22505,0.8667
0.026913,0.0038637,0.022783,-9.5864,0.21308,0.98641
0.00013323,0.0027979,0.017054,-9.3972,0.26336,1.1181
0.027712,0.033974,0.00093262,-9.3853,0.27294,1.0104
0.0078606,-0.017187,-0.020118,-9.3948,0.26336,1.1277
0.0011991,-0.031842,-0.012124,-9.4667,0.35674,0.94092
-0.0067948,-0.076475,-0.03051,-9.5217,0.21069,0.9481
0.0074609,-0.11964,-0.05196,-9.5265,0.052672,1.3647
0.030243,-0.078473,-0.037438,-9.4403,0.10056,0.83318
0.073544,-0.02638,-0.016387,-9.3661,0.21069,1.1444
0.058622,-0.067681,-0.012524,-9.4212,0.17478,1.3695
0.061686,-0.058755,-0.0055957,-9.5409,0.16999,1.3671
0.071945,-0.07381,-0.021583,-9.3494,0.07422,1.3623
0.077407,-0.10579,-0.040769,-9.4858,0.10056,1.1947
0.080072,-0.11591,-0.045165,-9.4044,0.27773,1.1851
0.064617,-0.1367,-0.051427,-9.3206,0.19393,1.3551
0.063551,-0.14309,-0.065017,-9.3111,0.14844,1.2977
0.10032,-0.16108,-0.081271,-9.0692,-0.29449,1.5419
0.10965,-0.15681,-0.018519,-9.1147,0.043096,1.5538
0.12017,-0.14989,0.026247,-9.074,0.0095768,1.3886
0.12977,-0.1704,0.026646,-9.2416,-0.14365,1.4676
0.1279,-0.19145,0.0039969,-9.4068,-0.11732,1.4581
0.12284,-0.18732,-0.0074609,-9.3518,-0.04549,1.4868
0.1247,-0.17227,-0.014522,-9.3039,0.069432,1.2929
0.13416,-0.15615,-0.032908,-9.3254,0.29449,1.3958
0.13057,-0.14482,0.025714,-9.3829,0.15323,1.3934
0.12337,-0.15561,0.038637,-9.232,0.081403,1.7358
0.11684,-0.16547,0.087266,-9.2584,-0.15323,1.7238
0.10818,-0.14562,0.14216,-9.1123,0.14605,1.6305
0.13896,-0.14442,0.16574,-9.0884,-0.1245,1.7166
0.19105,-0.14349,0.13643,-9.0237,-0.14844,1.7502
0.19598,-0.1259,0.14069,-9.0405,0.2059,1.5514
0.16641,-0.038504,0.076208,-9.0597,0.11253,1.7621
0.11245,-0.07794,0.055824,-9.165,0.14605,1.743
0.12071,-0.049695,0.022116,-9.2009,0.076614,1.7166
0.11778,-0.018119,-0.0066616,-9.1602,0.040701,1.64
0.12417,0.0094594,-0.060887,-9.232,0.13168,1.561
0.088466,0.033441,-0.065417,-9.2871,0.20351,1.7382
0.10885,0.020784,0.016121,-9.2057,0.22984,1.5347
0.11191,-0.017054,0.033175,-9.165,0.014365,1.7741
0.12817,-0.0033308,-0.0026646,-9.3422,-0.026336,1.7238
0.12191,0.0011991,-0.056757,-9.1985,0.055067,1.743
0.1255,0.013323,-0.06515,-9.0644,0.062249,1.7406
0.1299,0.00039969,-0.05276,-9.0429,0.12929,1.7693
0.081937,0.066616,-0.055025,-9.0788,0.067038,1.9393
0.084868,0.015188,-0.06475,-9.3063,-0.081403,1.8435
0.095394,0.026247,-0.066616,-9.323,-0.088585,1.7885
0.13163,0.034907,-0.031176,-9.0621,-0.081403,1.6855
0.16414,0.018652,0.039037,-9.0884,0.10774,1.9776
0.16014,0.0011991,0.060221,-9.0692,0.043096,2.1284
0.14402,-0.013456,0.062752,-9.1267,0.069432,2.2936
0.10805,-0.023582,0.090464,-9.0525,0.11971,2.138
0.068214,-0.028112,0.083136,-9.2464,0.14365,2.1093
0.10539,-0.026513,0.07874,-9.1387,0.15562,1.8531
0.11644,-0.011058,0.072211,-9.086,0.20351,1.8531
0.10245,-0.011058,0.080205,-9.0956,0.12689,1.9465
0.15974,-0.0035972,0.088466,-9.0621,0.30167,2.0231
0.14416,-0.0011991,0.088199,-9.2632,0.043096,1.9992
0.089531,0.013456,0.086734,-9.1435,0.39744,1.8842
0.074876,0.0095926,0.060487,-9.1099,0.27054,1.8747
0.068214,-0.0035972,0.03917,-9.244,0.26576,1.9632
0.10259,-0.024515,0.014922,-9.165,0.17238,1.7023
0.092862,-0.024781,-0.0025314,-9.3254,0.24421,1.7861
0.08327,-0.03091,-0.0058622,-9.2847,0.27773,2.0494
0.079939,-0.016521,0.0094594,-9.1291,0.31125,1.8292
0.087933,-0.010259,0.026646,-9.0166,0.20111,1.889
0.077274,-0.0042634,0.028511,-9.2943,0.24181,1.8842
0.081271,-0.0041302,0.031842,-9.4212,0.28012,1.6496
0.080338,-0.0074609,0.036905,-9.3948,0.45011,1.7071
0.099391,0.0025314,0.077141,-9.232,0.37589,1.7885
0.096726,0.00053292,0.072345,-9.1913,0.28491,1.8124
0.081538,0.035573,0.060087,-9.2823,0.22027,1.8004
0.065816,0.051427,0.054758,-9.1698,0.2466,1.8842
0.06142,0.062885,0.043034,-9.1219,0.22505,1.834
0.04823,0.073011,0.018386,-9.1123,0.27533,1.7885
0.070213,0.070613,0.02225,-9.007,0.29449,1.7573
0.081538,0.066482,0.026646,-9.0046,0.36871,1.7693
0.068348,0.070213,0.046631,-9.2919,0.35674,2.0279
0.044632,0.057822,0.053159,-9.347,0.41899,1.9944
0.019052,0.049962,0.049429,-9.2009,0.39504,1.9561
0.013856,0.032109,0.043567,-9.1602,0.16041,1.8603
0.041302,0.0058622,0.023049,-9.0477,0.10534,1.9992
0.03011,-0.015055,-0.0047963,-9.1267,0.18435,1.9992
0.011591,-0.0039969,-0.029711,-9.1147,0.35913,1.9297
-0.012524,0.023449,-0.033041,-9.1099,0.3711,1.8771
-0.051161,0.036239,0.0075942,-9.1698,0.27533,2.1404
-0.060087,0.0013323,0.033175,-9.1123,0.3304,2.0087
-0.090331,0.016787,0.070479,-9.2799,0.60573,2.2314
-0.09113,-0.060087,0.11351,-9.2129,0.2059,2.2793
-0.072478,-0.12524,0.16108,-9.3565,0.29928,2.1524
-0.073277,-0.16547,0.14602,-9.3661,0.35195,2.0542
-0.093795,-0.2145,0.17347,-9.0932,0.45011,2.1907
-0.066749,-0.28218,0.22196,-8.9256,0.65841,2.138
-0.04823,-0.23995,0.28925,-8.7652,0.56982,2.3774
-0.10499,-0.38491,0.31416,-8.9256,0.84515,2.5762
-0.1267,-0.53599,0.31962,-9.1866,0.66798,2.6456
-0.1688,-0.67988,0.33494,-9.2177,0.37589,2.9904
-0.22196,-0.76008,0.33215,-9.1842,0.42377,2.9928
-0.22143,-0.91357,0.27526,-9.1123,0.45011,2.8108
-0.22716,-1.0126,0.14642,-8.9591,0.58179,2.8156
-0.172,-0.94794,0.18519,-8.7173,1.0343,2.0446
-0.22116,-1.0631,0.2606,-8.9256,1.6328,2.6121
-0.12857,-0.92263,0.34773,-7.5274,0.64404,2.3439
-0.042368,-1.0453,0.34134,-8.2959,0.78769,3.1651
-0.033175,-0.9586,0.39396,-8.5904,0.73741,2.6217
-0.094594,-0.89971,0.31216,-9.0764,0.92177,2.9209
-0.11764,-0.90651,0.23662,-9.244,0.78769,3.3686
-0.063285,-1.1309,-0.089665,-10.089,0.46448,4.0845
0.079539,-1.4464,-0.22809,-9.074,-0.0071826,4.1252
0.10285,-1.6503,-0.35533,-9.0214,0.23463,4.4173
0.073144,-1.5024,-0.46471,-8.6622,0.48123,3.541
1.8225,1.8074,-1.0365,-5.284,-1.7502,-3.0382
0.91503,-1.1523,-0.59208,-10.549,2.5594,2.1955
0.28378,-1.2685,-0.33894,-9.2512,1.0175,3.6392
0.16414,-1.418,-0.2662,-9.074,1.0295,3.711
0.10912,-1.4413,-0.26953,-9.0908,0.7015,3.7517
0.11311,-1.3961,-0.19012,-8.7963,0.55306,3.9289
0.075809,-1.3046,-0.17893,-8.9902,0.61052,3.8403
0.033708,-1.4113,-0.14296,-8.5305,0.65601,4.7046
-0.0021317,-1.661,-0.14056,-8.7173,0.35913,5.1571
-0.14482,-2.1687,-0.2634,-8.588,0.069432,5.5426
-0.13137,-2.4014,-0.18306,-8.5593,0.60573,4.6424
-0.11231,-2.1853,-0.09073,-8.3582,0.73502,4.0941
-0.063152,-1.9007,0.055557,-8.2576,0.86191,4.1061
0.024115,-1.63,0.14189,-8.3246,0.8667,4.3934
0.064484,-1.25,0.21743,-8.2648,0.38547,5.3103
-0.015988,-1.2181,0.14349,-8.1283,0.55785,5.6096
-0.0021317,-1.2033,0.11964,-7.8769,0.27294,5.5186
0.011991,-1.2612,0.085534,-7.7979,0.13647,5.9568
0.0027979,-1.3125,0.032375,-7.9033,0.12689,6.0645
0.053692,-1.2974,-0.017853,-7.6231,0.249,5.9664
-0.015855,-1.3674,-0.025047,-7.5944,0.51236,6.3063
-0.051161,-1.3474,-0.065017,-7.5058,0.58419,6.1603
-0.03464,-1.4188,-0.10605,-7.3071,0.50518,6.5218
-0.026113,-1.5215,-0.19891,-7.4148,0.24421,6.6391
0.00866,-1.5572,-0.2566,-7.4101,0.047884,6.8402
0.10299,-1.8017,-0.34254,-7.173,0.39983,6.9623
0.068881,-1.9706,-0.40715,-7.0533,0.39744,6.7612
0.13576,-2.0199,-0.441,-6.7205,0.27773,6.9168
0.13523,-2.0134,-0.49202,-6.8809,0.29209,7.2688
-0.086734,-2.5532,-0.7421,-6.4715,-0.083797,8.4922
-0.085534,-2.8853,-0.79073,-6.4907,-0.043096,8.5832
0.23142,-2.4969,-0.56717,-6.1148,0.21548,6.4069
0.52173,-1.9922,-0.29844,-5.703,0.59376,7.2065
0.48936,-1.7973,-0.28112,-5.3822,0.7039,7.6423
0.38371,-1.5659,-0.36679,-4.9153,0.62249,7.6279
0.3877,-1.5489,-0.25341,-5.4133,0.39744,8.1547
0.49402,-1.6374,-0.2117,-5.5833,0.51475,8.7795
0.59394,-1.7712,-0.24515,-5.1356,0.11253,8.6119
0.6026,-1.7804,-0.20491,-4.9297,0.21548,8.5281
0.51907,-1.7761,-0.30603,-4.7046,-0.064643,9.0094
0.20145,-1.6994,-0.23329,-4.6711,0.93374,9.2201
0.035173,-1.5006,-0.091796,-4.6208,0.56024,9.0644
0.085934,-1.2781,-0.017187,-3.9672,0.17238,9.0549
0.36292,-1.0218,-0.050894,-4.288,-0.38786,9.4308
0.71225,-1.1848,0.020518,-3.8427,-0.079009,10.827
1.052,-1.3893,0.068081,-3.462,0.88825,8.9711
0.92436,-0.59474,0.13323,-3.3184,0.85473,9.0046
1.0856,-0.87306,0.091397,-3.5578,0.68474,9.6534
1.0155,-0.94008,0.077141,-3.0167,0.86191,9.7324
0.72891,-1.0308,0.072211,-2.7174,1.233,9.6606
0.46325,-1.036,0.086867,-2.739,1.2953,9.596
0.33095,-0.91836,0.14829,-2.6767,1.2833,9.1123
0.17027,-0.58036,0.15961,-2.6839,1.7358,9.505
0.24634,-1.3444,-0.056224,-2.9808,1.1181,9.7205
0.344,-1.2011,0.050495,-2.0016,1.6352,9.6031
0.28192,-0.96419,0.00066616,-2.2553,1.7358,9.2249
0.081671,-0.61246,0.16827,-2.0039,2.7294,8.8226
0.031443,-0.10259,0.19345,-1.9393,1.731,10.022
0.24315,-0.59648,0.16974,-2.5714,0.84994,12.433
0.46631,-1.0533,0.071279,-2.6312,0.75417,12.012
0.35946,-1.0124,0.032375,-1.9201,1.2258,9.3685
0.061819,-0.84722,-0.01692,-1.7789,1.4174,8.2145
-0.29324,-0.5216,-0.035306,-1.5371,1.6903,7.7907
-0.40169,-0.3893,-0.043833,-1.5802,1.3767,9.0333
-0.43034,-0.31509,0.014922,-1.8986,1.5897,9.6127
-0.50788,-0.069014,0.17946,-1.7358,1.8411,9.8378
-0.66416,-0.69187,0.013989,-1.8747,0.46448,10.74
-0.62645,-1.0006,-0.071545,-2.4229,0.73263,9.6031
-0.9089,-0.62978,-0.047297,-1.2737,0.577,8.0397
-1.0475,-0.41768,0.020784,-1.4605,1.3001,8.3582
-1.427,-0.087799,0.16521,-1.834,2.9544,7.5944
-0.89944,-2.133,0.3448,-4.5729,-0.10056,18.426
-0.46644,-1.6117,0.44299,-1.7933,1.6903,12.002
0.054492,-2.1055,0.33015,-1.8292,-0.062249,12.206
0.35626,-2.7645,0.1724,-0.90501,-1.0223,10.673
0.2622,-3.0351,0.16188,-0.62489,-0.4956,10.714
-0.11405,-3.1452,-0.035573,-0.52672,1.2713,10.415
-0.20145,-3.1956,-0.25887,0.21548,1.1708,10.23
-0.12843,-3.6271,-0.27206,0.59616,0.34955,10.06
0.016654,-3.8467,-0.37425,1.4174,1.2402,10.319
0.23489,-3.664,-0.51414,1.5083,1.64,10.202
0.53039,-3.5188,-0.58688,2.2075,0.92895,10.487
0.31456,-2.74,-0.47777,3.1196,1.3096,9.3015
-0.098858,-2.2821,-0.31629,3.4117,1.2785,8.8178
-0.46325,-2.054,-0.093262,3.2346,1.3479,9.2991
-0.58142,-2.1603,0.034107,2.7318,0.9912,10.063
-0.60074,-2.6401,0.13403,2.8826,0.92177,10.314
-0.73477,-2.8412,0.058755,3.3902,1.257,9.0716
-0.6547,-2.3237,-0.13203,4.537,0.42377,9.0932
-0.4799,-1.9248,0.10086,5.2361,0.10056,8.8897
-0.60567,-1.8895,0.24714,5.4133,-0.40223,10.029
-0.58036,-2.2523,0.3011,5.0685,-0.5387,10.357
-0.48763,-2.5925,0.20464,4.4436,-0.60094,10.017
-0.20691,-2.6889,0.13616,5.4157,0.31364,8.1211
0.033574,-2.369,-0.03957,6.0908,0.18435,8.5928
-0.16721,-1.9296,0.048363,5.6647,-0.43814,7.5537
-0.06555,-2.3204,-0.16188,6.5697,-0.6177,9.2296
-0.059021,-2.4042,-0.21264,6.45,0.055067,8.078
0.081138,-2.1509,-0.33534,6.5338,0.016759,6.9168
0.22156,-1.9209,-0.31802,6.5984,0.64165,6.8618
0.33774,-1.7701,-0.3492,7.003,0.75657,7.1395
0.36026,-1.616,-0.44486,7.0318,0.69911,6.9815
0.37798,-1.5896,-0.59954,6.9743,0.42617,7.1347
0.4767,-1.5282,-0.70653,7.0749,-0.040701,6.9623
0.58942,-1.7917,-0.44033,7.7812,0.93853,7.2544
0.52053,-1.799,-0.19678,7.5561,0.85952,6.9384
0.39077,-1.6503,-0.22889,7.6136,0.61052,6.4476
0.257,-1.4783,-0.30537,7.7476,0.91219,6.5457
0.22783,-1.4651,-0.11938,7.829,1.1253,6.347
0.87253,-1.6463,0.62565,8.9328,0.75417,5.9376
1.6972,-1.9982,0.259,7.3239,0.33998,6.031
1.9745,-2.1626,-0.013856,7.1132,0.67516,6.3805
2.2461,-2.2444,-0.21397,7.6088,0.48123,6.2321
3.0157,-0.28005,-0.23156,11.293,1.2905,4.8722
2.2274,-0.23609,-0.061686,9.8521,3.1532,6.7157
0.18066,-1.3844,0.05609,8.0541,2.7485,7.6878
-0.48536,-1.2838,0.18826,8.9112,2.4876,6.2249
-0.76821,-0.67095,0.49202,9.8761,1.2522,4.81
-0.81737,-0.7345,0.59381,9.2608,1.6137,4.9416
-0.7778,-0.93462,0.55118,8.6503,1.3431,4.8363
-0.30124,-1.2714,0.20771,8.2863,0.56024,4.3503
-0.065816,-1.4145,0.15282,8.6048,0.66798,4.4412
0.33987,-1.4234,0.14389,9.0166,0.55785,4.4245
0.68947,-1.3218,0.11072,9.2344,0.61292,4.2665
0.91024,-1.2188,0.078207,9.4858,0.99599,4.6902
0.90158,-1.2486,0.076608,9.3302,1.1277,4.7621
0.79659,-1.2502,0.10912,9.1889,1.4054,4.7381
0.58102,-1.092,0.15335,9.2512,1.3719,4.2545
0.50535,-0.90051,0.092063,9.3039,1.6257,4.0223
0.19665,-0.98231,0.090597,9.1506,1.9393,3.9385
-0.066083,-0.98085,0.15428,9.8545,1.075,3.3639
-0.0019985,-0.80205,0.21384,10.319,1.142,3.3567
-0.059288,-0.70812,0.27859,10.333,1.1564,3.6583
-0.11085,-0.22769,0.21077,9.9719,1.4509,3.8211
-0.37411,0.10086,0.097659,9.6893,1.2761,3.6081
-0.37065,-0.075142,0.17786,9.6917,1.3743,3.3686
-0.36918,-0.35186,0.2586,9.5505,0.85712,2.4828
-0.045165,-0.60074,0.24421,9.73,0.96726,2.7749
-0.20811,-0.49868,0.24235,10.364,1.1396,3.2226
-0.3869,-0.3873,0.39929,10.525,1.4605,2.9616
-0.45525,-0.2995,0.44339,10.391,1.3599,2.8443
-0.36798,-0.20051,0.38397,10.017,1.0175,2.7821
-0.18586,-0.10992,0.27512,9.7229,1.0463,2.7198
-0.09566,-0.12657,0.11138,9.6486,0.93613,2.7821
-0.041168,-0.12284,0.0046631,9.6558,0.84276,2.9018
-0.034107,-0.18972,0.021983,9.6558,0.94092,3.0239
-0.066083,-0.23102,0.09153,9.9359,0.97205,2.988
-0.31336,-0.3977,0.14242,9.9,0.69192,2.5522
-0.31909,-0.4302,0.16108,10.077,0.67277,2.4325
-0.28885,-0.49016,0.28312,10.269,0.48363,2.2553
-0.34773,-0.41222,0.41368,10.357,0.95289,2.0973
-0.32508,-0.37172,0.31429,9.991,0.73502,2.0542
-0.18346,-0.36159,0.23329,9.8067,0.53151,2.2577
-0.054225,-0.25047,0.18559,10.096,0.64643,2.0111
-0.045565,-0.14176,0.13057,10.25,0.91698,2.2936
-0.10579,-0.16241,0.11125,9.8809,0.88825,2.3535
-0.31776,-0.28925,0.086867,9.6127,0.83558,2.4301
-0.44326,-0.37345,0.09113,9.663,0.75178,2.399
-0.48949,-0.47057,0.12351,9.7085,0.74939,2.083
-0.43393,-0.58675,0.11205,9.6199,0.50757,1.9824
-0.172,-0.5601,-0.063285,10.197,0.21548,1.8435
-0.28938,-0.55757,0.038371,10.341,0.35434,2.0949
-0.49629,-0.51094,0.14442,10.434,0.53391,2.0375
-0.51014,-0.37225,0.14855,10.817,0.22745,1.7597
-0.57449,-0.18866,0.22769,10.898,0.44293,1.7909
-0.63272,-0.14735,0.33454,10.764,0.51475,1.6185
-0.4787,-0.35959,0.28272,9.5984,0.58658,1.8316
-0.26593,-0.40782,0.1307,9.6055,0.16041,1.7502
-0.01772,-0.39663,-0.031309,9.7133,0.22027,1.9034
0.10126,-0.45059,-0.014123,10.252,0.50278,2.3463
0.015188,-0.41262,0.047697,10.47,0.48842,2.6288
-0.050761,-0.33508,0.095793,10.53,0.52912,2.6456
-0.13083,-0.17906,0.11471,10.274,0.577,2.9951
-0.2594,-0.059821,0.096726,10.12,0.50996,3.0789
-0.41581,0.057822,0.049695,9.9503,0.68714,2.9353
-0.42234,0.3099,-0.0031975,10.104,0.031125,2.2122
-0.22663,0.20877,-0.058888,9.584,-0.021548,2.4157
-0.15068,0.11325,-0.032242,9.5313,0.39265,2.2649
-0.092196,-0.096859,-0.088865,9.2608,0.1652,2.5786
0.052227,-0.24022,-0.15788,9.2009,0.0047884,2.8874
0.14695,-0.31869,-0.17174,9.7181,0.09098,3.2394
0.12031,-0.22476,-0.17946,10.039,0.45011,3.4596
-0.22689,-0.031309,-0.15974,10.329,0.58179,3.1292
-0.5256,0.22409,-0.18692,10.669,0.047884,3.0861
-0.48176,0.35573,-0.039969,10.702,0.19872,2.5115
-0.56703,0.34667,-0.26513,9.7396,-0.076614,2.7797
-0.50135,0.36519,-0.12031,9.9671,0.12929,2.0949
-0.48043,-0.0018652,-0.014655,9.6606,-0.014365,2.8898
-0.60287,0.48509,0.0049296,10.511,0.28491,1.6664
-0.83309,0.40849,0.14176,9.6726,0.71347,3.711
-1.0475,0.028112,0.33121,9.3637,1.0151,4.0462
-1.1086,0.011325,0.22716,9.1554,0.42856,3.3351
-0.9518,0.049828,0.19319,9.268,-0.30167,2.7007
-0.783,0.13296,0.18026,9.4954,-0.13886,2.5977
-0.47151,0.19612,0.13257,9.2943,-0.60813,2.4229
-0.34667,0.25061,0.19185,9.8881,-0.10295,2.5163
-0.31283,0.26606,0.16507,9.6965,-0.38307,2.7892
-0.25114,0.046498,0.2205,9.2991,-0.27294,3.1412
-0.18146,-0.014522,0.29271,9.5313,-0.11492,3.3279
-0.14909,0.040769,0.33921,9.8785,-0.0023942,2.964
-0.15108,-0.0037305,0.27019,9.6774,-0.1652,3.0933
-0.037172,-0.070879,0.12271,9.4044,-0.4956,3.0358
0.10765,-0.080472,0.055557,9.9455,-0.32322,3.0358
0.25527,-0.056224,-0.13163,9.9096,-0.56264,2.9951
0.46977,-0.025714,-0.12977,10.338,-0.4549,2.6935
0.58542,-0.02225,-0.088199,10.4,-0.20351,2.6384
0.70413,0.087533,-0.28578,9.9886,0.28252,2.5355
0.77501,-0.02145,-0.25967,10.36,0.011971,2.6504
0.87133,-0.064351,-0.33334,10.106,-0.079009,2.6528
0.91064,-0.10938,-0.37465,9.8881,0.10295,2.4708
0.76381,-0.23422,-0.3452,10.228,0.44053,3.3016
0.77074,-0.26686,-0.28698,10.032,0.23463,2.9042
0.80072,-0.42967,-0.21317,9.8761,0.30885,3.0382
0.78926,-0.37211,-0.22982,9.9838,0.41899,2.7461
0.48949,-0.092329,-0.26007,9.9288,0.35913,2.7749
0.36479,-0.0029311,-0.22849,9.9335,0.63446,2.6432
0.24421,-0.0027979,-0.24901,9.7492,0.5363,2.6288
0.15894,-0.060221,-0.24941,9.6965,0.35195,2.4876
0.13843,-0.11551,-0.18652,9.8785,0.3735,2.1213
0.12204,-0.12257,-0.17054,9.8737,0.60573,1.81
0.075409,-0.14642,-0.10738,9.8138,0.40941,1.8771
0.18879,-0.24022,-0.14975,9.5146,0.16759,1.8364
0.40715,-0.33681,-0.21197,9.8881,0.4956,2.0806
0.37798,-0.15788,-0.24688,10.094,0.77093,2.0925
0.36359,-0.055424,-0.23968,10.202,0.75178,2.0853
0.34427,0.012657,-0.26833,10.247,0.93134,2.0399
0.2666,0.060354,-0.24501,10.036,1.0295,2.0901
-0.062619,0.098991,-0.18959,9.991,1.0511,2.0925
-0.18772,0.012657,-0.168,10.166,0.99359,1.8579
-0.16028,-0.033708,-0.058089,10.221,0.83079,1.5993
-0.033574,-0.080605,-0.026247,10.214,0.77812,1.4174
0.19332,-0.15535,-0.1303,9.9216,0.72784,1.4772
0.24235,-0.16867,-0.1267,10.147,0.8667,1.4246
0.45392,-0.1684,-0.039969,10.336,0.89064,1.7071
0.43367,-0.21117,0.0026646,10.41,1.1277,2.0997
0.37238,-0.25993,0.096593,10.195,1.3216,2.4229
0.24128,-0.31363,0.078473,9.9695,1.0918,2.5642
0.17227,-0.28352,0.035706,10.032,1.3192,2.4636
-0.064484,-0.16574,0.017453,10.235,1.3288,1.7741
-0.10658,-0.098458,0.07341,10.391,1.3743,1.6137
-0.12297,-0.074609,0.12284,10.118,1.1588,1.4581
-0.077674,-0.10086,0.13177,10.072,0.99599,1.415
-0.0027979,-0.15921,0.12217,10.015,0.97683,1.3934
0.088865,-0.20491,0.14496,10.077,0.96726,1.5586
0.19785,-0.27352,0.18119,10.036,0.97683,1.9441
0.21917,-0.38104,0.19398,9.8019,1.3767,2.217
0.19332,-0.37318,0.12231,9.7205,1.1372,2.387
0.11458,-0.33028,0.06142,9.7683,1.2929,2.2482
0.050095,-0.19558,-0.037305,10.166,1.2617,1.9896
0.045299,-0.050495,0.0027979,10.549,1.0056,1.731
0.07381,-0.010925,0.022516,10.266,1.0439,1.5778
-0.12843,-0.010525,-0.0014655,10.07,1.0367,1.3719
-0.23822,-0.0062619,0.04743,10.357,1.0942,1.549
-0.32855,-0.012124,0.11658,10.369,0.81882,1.4341
-0.24528,-0.047963,0.10872,10.242,0.46687,1.2402
-0.11325,-0.07421,0.087666,9.9742,0.63686,1.3958
0.0071945,-0.067282,0.050761,10.125,0.69911,1.5467
0.054625,-0.046897,-0.0041302,10.245,0.68714,1.6568
0.041168,-0.065017,-0.0095926,10.364,0.80924,1.6041
-0.0074609,-0.029577,0.0057289,10.659,0.7853,1.4844
0.0087933,-0.047164,0.090331,10.491,0.91459,1.3336
0.067681,-0.13123,0.1327,10.364,0.78769,1.2953
0.010925,-0.26859,0.1692,10.173,0.69911,1.0702
0.023982,-0.47524,0.22569,10.056,0.46448,1.1085
0.13123,-0.67975,0.27912,10.111,0.66559,1.1732
0.28605,-0.74983,0.33348,10.295,0.77812,1.1372
0.48163,-0.6471,0.28152,10.314,0.76614,1.233
0.58262,-0.4791,0.19931,10.132,1.0223,1.7095
0.54558,-0.32615,0.14296,10.166,1.1612,1.9034
0.43607,-0.19319,0.13603,10.13,1.2378,1.7933
0.32722,-0.12391,0.088732,10.166,1.0415,1.8244
0.29857,-0.087666,0.10818,10.003,1.1396,1.6759
0.30243,-0.058888,0.03424,9.821,0.96247,1.0487
0.20145,-0.10592,0.09153,9.5241,0.80924,0.76614
0.12417,-0.38943,0.21757,9.5744,0.80445,0.85234
0.20304,-0.50708,0.18679,9.6438,0.58419,0.92895
0.26127,-0.54545,0.14629,9.7851,0.75896,0.92895
0.29138,-0.25061,0.14296,10.448,0.71108,1.1851
-0.02225,-0.067815,0.16054,10.288,0.68714,1.3384
-0.14989,0.054492,0.15268,10.276,0.72305,1.0175
-0.23129,0.090864,0.12923,10.19,0.67038,0.7015
-0.26033,0.10632,0.10192,10.077,0.72784,0.34716
-0.12444,-0.046098,-0.01359,10.041,0.25139,0.16281
-0.022383,-0.080205,-0.016521,10.408,0.49799,0.35434
-0.0093262,-0.10392,-0.02185,10.417,0.48363,0.57221
-0.066216,-0.10685,-0.0041302,10.446,0.66559,0.63207
-0.13483,-0.035839,0.020784,10.807,0.64404,0.63686
-0.16014,0.0049296,0.026247,10.623,0.60813,0.58419
-0.10565,0.011858,0.026113,10.434,0.51954,0.52672
0.049162,0.033574,-0.11191,10.02,0.38068,0.51236
0.14909,0.085268,-0.17587,10.23,0.48123,0.72065
0.057689,0.059421,-0.11671,10.274,0.71826,0.76136
-0.027312,0.0023982,-0.064617,10.372,0.76614,0.9912
-0.013723,-0.10192,0.014789,10.245,0.69671,0.91937
-0.018519,-0.14442,-0.046231,10.254,0.88107,1.1157
0.0099923,-0.17533,-0.077541,10.147,0.85473,1.1396
0.047697,-0.16747,-0.062352,10.274,0.85712,1.0223
0.093528,-0.16134,-0.041168,10.451,0.79009,1.1947
0.10499,-0.14389,-0.031443,10.403,0.88107,0.99359
0.065283,0.023315,-0.14669,10.3,0.88107,1.0367
-0.024914,0.093262,-0.15521,10.353,0.82121,0.88825
-0.017853,0.11311,-0.17014,10.506,0.87149,0.66798
0.026913,0.070479,-0.073144,10.233,0.91698,0.88585
0.07008,0.015988,-0.10299,10.056,0.79487,0.91219
0.062086,-0.028112,-0.12883,10.137,0.64404,0.76854
0.053026,-0.10072,-0.060887,10.245,0.64643,0.7829
0.049695,-0.19865,0.0045299,10.269,0.72305,0.73741
0.10978,-0.20291,-0.016787,10.149,0.75417,0.47405
0.13803,-0.084602,-0.0066616,10.376,0.63446,0.47884
0.060221,-0.0067948,-0.0031975,10.331,1.008,0.53391
-0.10299,0.12217,-0.076475,10.072,0.80685,0.34237
-0.016521,0.14043,-0.12937,10.147,0.7422,0.26576
0.078473,0.14669,-0.11684,10.209,0.74939,0.36631
0.11591,0.1351,-0.090864,10.274,0.80685,0.36392
0.10445,0.089531,-0.073144,10.156,0.75657,0.71587
0.019452,0.023449,0.01279,10.24,0.90022,0.48842
0.17014,-0.033308,-0.011591,10.099,0.89783,0.46208
0.21317,-0.0030643,-0.041568,10.192,0.8667,0.59376
0.21477,0.088066,0.011991,10.151,1.1468,0.47166
0.17267,0.14642,0.021317,10.242,1.2785,0.43335
0.21743,0.076874,-0.026247,9.6414,0.96965,0.31125
0.24528,0.075942,-0.0078606,9.9288,1.1468,0.16759
0.23742,0.079672,-0.015988,10.108,1.1205,0.38547
0.16481,0.068881,-0.023049,9.9766,1.0965,0.56743
0.089265,0.14522,-0.029977,10.24,1.0463,0.56024
-0.10845,0.14655,0.039703,10.458,1.1061,0.34716
-0.15628,0.23542,0.11804,10.685,1.0175,0.14844
-0.086734,0.18066,0.059421,10.034,0.9481,0.10295
-0.038104,0.06102,0.0014655,10.166,1.0487,0.30885
-0.085268,0.16934,0.013856,10.633,1.1899,0.68953
-0.19572,0.22596,0.0015988,10.606,1.1301,0.826
-0.38117,0.33574,0.16601,10.444,1.0965,0.46926
-0.20797,0.27512,0.066616,9.7707,0.77812,0.4118
-0.087799,0.22756,-0.083669,9.5792,0.67038,0.50039
-0.011858,0.22103,-0.10738,9.8976,0.73741,0.54109
-0.010925,0.19212,-0.043433,10.113,0.84994,0.68953
-0.059554,0.15068,0.054225,10.216,0.80924,0.80685
-0.11604,0.10352,0.14376,10.262,1.0127,1.1181
-0.14509,0.11151,0.049029,9.8641,0.92177,1.0008
-0.1351,0.13163,-0.021051,9.9335,0.77333,1.2186
-0.097525,0.15455,-0.023182,10.192,0.87628,1.2354
-0.10965,0.17826,0.025047,10.408,0.94571,1.4006
-0.14136,0.16534,0.035972,10.297,0.93374,1.6448
-0.18546,0.16787,0.0029311,10.183,0.99838,1.549
-0.21064,0.1732,-0.020251,10.309,0.98162,1.5275
-0.24754,0.18506,-0.0083936,10.343,0.98881,1.3958
-0.27872,0.085135,0.031443,10.197,0.79966,1.5179
-0.22116,-0.053692,0.11285,10.362,0.74939,1.4461
-0.21477,-0.058489,0.11325,10.475,0.84036,1.2378
-0.17773,-0.052493,0.1263,10.534,0.83797,1.4653
-0.15761,-0.055824,0.12404,10.427,0.79727,1.8004
-0.16228,-0.022516,0.10459,10.408,0.96007,1.7669
-0.21157,0.063685,0.089265,10.532,1.142,1.6376
-0.30124,0.11405,0.079273,10.451,1.1157,1.7837
-0.54665,0.041701,0.14416,10.475,1.0678,1.5419
-0.54292,-0.044632,0.29617,10.42,0.90022,1.3288
-0.28658,-0.038504,0.1355,9.6558,0.89783,1.3455
-0.14083,-0.041302,0.11458,10.168,0.64404,1.1013
-0.14123,-0.18226,0.13057,10.068,0.50039,0.96726
-0.080472,-0.20984,0.10259,10.123,0.36152,0.89783
0.15295,-0.2149,0.093795,10.252,0.39025,1.3384
0.19412,-0.16814,0.074476,10.405,0.43814,1.4413
0.17493,-0.084335,0.10072,10.484,0.65841,1.5131
0.14909,-0.06555,0.13443,10.542,0.66559,1.4964
0.11245,-0.11711,0.15788,10.36,0.62249,1.5371
-0.018119,-0.15255,0.14922,10.118,0.47884,1.2139
-0.015855,-0.16281,0.14083,10.343,0.44293,1.2905
0.044233,-0.15188,0.15442,10.472,0.3735,1.3743
0.090198,-0.054358,0.1343,10.511,0.45011,1.6209
0.018119,0.029844,0.14429,10.424,0.54109,1.743
-0.09193,-0.043833,0.16001,10.183,0.36392,1.4174
-0.097792,-0.19598,0.21917,10.022,0.43814,1.415
-0.045165,-0.22676,0.17946,9.9,0.19872,1.2258
-0.3917,0.14709,-0.046231,10.465,0.79487,2.4469
-0.44966,0.16614,0.035306,9.7947,0.30167,1.9513
-0.781,0.44899,-0.0035972,10.041,0.22984,1.5634
-0.75569,0.48163,-0.0038637,10.046,0.23463,1.9992
-0.75169,0.43993,0.083403,9.6582,0.40223,1.7166
-0.54918,0.068214,0.32282,9.7324,0.22266,1.8124
0.14842,-0.32069,-0.14615,8.4659,0.5794,2.6384
0.2602,-0.32668,-0.13603,9.1099,-0.10056,2.0016
0.25967,-0.11858,-0.066349,10.211,0.35434,2.6073
-0.33508,0.035306,0.13137,10.578,0.58179,2.8132
-0.29457,0.10872,0.15668,10.477,0.42138,2.3296
-0.05609,0.072611,0.11858,10.125,0.29449,1.9489
-0.034374,0.16054,-0.27472,9.1866,0.047884,1.7382
0.076874,-0.074476,-0.07834,10.01,0.28491,1.7382
0.11698,-0.20891,-0.047031,10.202,0.21069,1.8316
0.11578,-0.22969,-0.12164,10.25,0.2897,1.7238
0.19225,-0.20438,-0.050761,10.587,0.25618,1.6161
0.21144,-0.069014,-0.06555,10.585,0.34477,1.4533
0.21517,-0.10352,-0.099524,10.24,0.25618,1.391
0.19252,-0.069946,-0.072478,10.302,0.17478,1.3479
0.20931,-0.098724,-0.05649,10.307,0.34237,1.2474
0.16681,0.02225,-0.063551,10.439,0.39265,1.2498
0.048763,0.040236,-0.052493,10.23,0.38307,1.245
0.032508,0.032508,-0.045965,10.211,0.3735,1.3288
0.040769,0.034907,-0.07381,9.991,0.40701,1.3384
0.078074,0.011325,-0.1327,9.809,0.44293,1.5251
0.062352,0.025447,-0.14589,10.12,0.41899,1.2785
0.036372,0.0057289,-0.13523,10.116,0.38068,1.3958
0.075276,-0.0039969,-0.072611,10.18,0.40223,1.4365
0.10725,0.03091,-0.085801,10.209,0.3711,1.506
0.098991,0.059688,-0.080072,9.9144,0.61052,1.4772
0.07008,0.013456,-0.087799,9.8258,0.48602,1.4533
0.24168,-0.077141,-0.13336,9.8928,0.55545,1.7549
0.23689,-0.057822,-0.14615,10.123,0.68714,1.968
0.11964,-0.047564,-0.094461,10.209,0.91219,1.9058
-0.035306,0.036639,-0.096859,10.084,0.79727,1.5969
-0.057289,0.091663,-0.15282,9.7276,0.57221,1.6424
0.068081,0.096726,-0.1708,9.845,0.56743,1.8052
-0.044632,0.049695,-0.17986,9.8809,0.69192,1.7549
-0.094861,0.0015988,-0.13776,9.991,0.6608,1.7669
-0.10472,-0.023715,-0.097925,9.9766,0.73741,1.5754
-0.01359,-0.015455,-0.16347,10.06,0.52194,1.3096
0.03424,-0.013323,-0.18426,10.077,0.56024,1.3791
0.091663,-0.012923,-0.20771,10.046,0.69671,1.4198
0.058355,0.014123,-0.2129,10.228,0.6608,1.3838
-0.0070613,0.045698,-0.1804,10.381,0.8667,1.4724
-0.062086,0.046098,-0.15348,10.376,0.8667,1.549
-0.063152,0.070213,-0.12657,10.513,0.86431,1.6161
-0.083003,0.055158,-0.1315,10.319,0.79009,1.5012
-0.066749,-0.0066616,-0.096992,10.357,0.61531,1.4988
0.014655,-0.00053292,-0.081804,10.238,0.87388,1.1636
0.0441,-0.045165,-0.10565,10.113,0.81403,1.4054
0.041568,0.0039969,-0.12271,10.101,0.93134,1.482
0.0429,-0.0067948,-0.15282,9.9719,0.96247,1.5347
0.063951,-0.042634,-0.18852,9.8904,1.0056,1.4293
0.070479,-0.04783,-0.23449,10.106,0.9074,1.3503
0.1327,-0.065017,-0.26233,10.147,0.83558,1.4293
0.19145,-0.019185,-0.21583,10.513,0.92895,1.2234
0.17413,-0.05276,-0.16507,10.448,1.0271,1.3934
0.13496,-0.053959,-0.13137,10.353,1.1229,1.403
0.027579,-0.030377,-0.12497,10.376,1.1516,1.1325
-0.0037305,-0.048763,-0.11111,10.276,1.0104,1.1037
0.0098591,-0.076475,-0.079273,10.252,1.0918,1.166
0.095527,-0.068881,-0.12724,10.343,1.0223,1.1971
0.1295,-0.064617,-0.11964,10.29,1.1157,1.1229
0.13536,-0.046498,-0.083936,10.324,1.3336,1.1995
0.072877,-0.050894,-0.0866,10.302,1.1444,1.0989
0.095127,-0.031043,-0.10299,10.195,1.0774,0.92416
0.14389,-0.053159,-0.11964,10.142,1.2091,1.1205
0.14349,-0.075142,-0.11871,10.077,1.0846,1.0582
0.13829,-0.10978,-0.13536,9.9719,1.0439,0.68714
0.14589,-0.15481,-0.10619,10.111,0.93613,0.9074
0.2225,-0.14096,-0.069547,10.24,0.91937,0.67277
0.23315,-0.17453,-0.035306,10.187,1.312,1.1013
0,0.013456,-0.088466,10.18,1.3312,1.0918
-0.09113,0.032508,-0.075542,10.262,1.4724,1.3743
-0.12124,0.023315,-0.05689,10.369,1.4269,1.3001
-0.13336,0.059288,-0.066083,10.348,1.2378,1.3767
-0.034907,0.081671,-0.086734,10.353,1.3072,1.2354
-0.013856,0.10099,-0.13083,10.195,1.3982,1.0104
-0.11964,0.060221,-0.089798,10.233,1.4868,1.2067
-0.13869,-0.10392,-0.0090597,10.072,1.4198,1.0295
-0.068747,-0.25114,0.043167,10.18,1.2905,0.87388
-0.0065283,-0.29751,0.03957,10.233,1.245,0.91937
0.020518,-0.33015,0.043433,10.235,1.2474,0.77572
0.0071945,-0.26886,0.099391,10.305,1.3336,0.61292
0.027446,-0.27619,0.078207,10.154,1.3695,0.93374
0.073277,-0.24328,0.015988,9.9575,1.3503,0.81642
0.13323,-0.16601,-0.040769,10.099,1.3001,0.79727
0.15428,0.019452,-0.19692,10.204,1.5969,0.7853
-0.065417,0.0019985,-0.11098,10.151,1.5299,0.67038
-0.05156,-0.097659,-0.056623,10.204,1.2306,0.59376
0.018786,-0.18186,-0.020784,10.209,1.2163,0.59376
0.11311,-0.18786,-0.0090597,10.285,1.2665,0.48602
0.15681,-0.20304,-0.028778,10.317,1.324,0.5794
0.13643,-0.14389,-0.041302,10.101,1.4748,0.71826
0.1728,-0.11018,-0.071678,10.017,1.6712,0.67038
0.14242,-0.058755,-0.070213,10.07,1.506,0.71347
0.13296,-0.019985,-0.10272,10.288,1.5538,0.98402
0.025314,0.022516,-0.098991,10.379,1.5514,0.66798
-0.023982,0.012257,-0.021051,10.113,1.6544,0.64883
0.035706,-0.085534,0.010658,10.08,1.4868,0.62249
0.13989,-0.16947,-0.0013323,9.8402,1.664,0.74699
0.079939,-0.087533,-0.046364,10.003,1.7262,0.85473
-0.039703,-0.01319,-0.074743,9.979,1.5299,0.79009
0.046631,0.00066616,-0.060487,10.159,1.415,0.64165
0.040636,0.011191,-0.061953,10.032,1.5443,0.7015
-0.027979,0.010925,-0.042634,10.044,1.6017,0.55545
-0.088865,0.00039969,-0.026247,10.046,1.5323,0.58658
-0.046631,-0.050095,-0.023982,10.104,1.3958,0.56264
-0.018519,-0.13003,0.021317,9.9862,1.4724,0.69432
-0.00026646,-0.15961,0.024914,10.178,1.4485,0.7015
-0.041568,-0.14349,0.033841,10.24,1.4844,0.79009
-0.021583,-0.10086,-0.028645,10.281,1.5275,0.46687
-0.031309,-0.0022649,-0.021317,10.391,1.6328,0.46687
-0.0437,0.00026646,0.017587,10.424,1.4916,0.44293
0.0087933,0.03877,0.019185,10.13,1.4796,0.34955
0.041035,0.031043,-0.0090597,10.192,1.5514,0.39504
0.0071945,0.021983,-0.024115,10.084,1.5371,0.33519
-0.0073277,0.010525,0.017054,10.238,1.5275,0.32322
-0.00053292,-0.019052,0.048096,10.214,1.5897,0.52672
-0.049162,0.027845,0.0433,10.154,1.5395,0.31843
-0.062086,0.036772,0.03917,10.216,1.6137,0.52433
-0.061153,0.00066616,0.016254,10.183,1.573,0.51475
-0.14056,0.022916,0.089531,10.185,1.6424,0.34955
-0.13443,0.006928,0.10072,10.221,1.585,0.32801
-0.037305,0.041701,0.00053292,10.034,1.4006,0.32322
-0.061286,0.034907,0.051161,10.106,1.5371,0.33279
-0.12657,0.014789,0.042634,10.118,1.6017,0.6177
-0.10472,0.1255,0.059288,10.412,1.6807,0.23703
-0.023315,0.13869,0.0055957,10.386,1.4533,0.34477
0.0087933,0.13763,-0.030776,10.264,1.6376,0.36392
-0.064484,0.12071,0.090597,10.57,1.6496,0.67995
-0.23702,0.10219,0.17906,10.199,1.4605,0.36631
-0.19119,0.039969,0.19438,10.044,1.6568,0.55306
-0.16268,0.0071945,0.16454,9.9,1.4892,0.62728
-0.19745,0.021717,0.16228,9.9192,1.5107,0.4956
-0.24102,0.063285,0.083403,9.8737,1.4078,0.4142
-0.20531,0.062619,0.059021,9.8426,1.3647,0.46687
-0.089798,0.079139,0.12177,10.331,1.2306,0.55785
-0.070479,0.084069,0.18386,10.154,1.4533,0.81882
-0.14922,0.096593,0.20424,10.094,1.3982,0.87388
-0.16734,0.098191,0.14722,10.07,1.5179,0.75417
-0.1271,0.11218,0.1704,10.264,1.2809,0.62968
-0.10832,0.086467,0.10365,9.9886,1.2043,0.75178
-0.10046,0.066349,0.13003,10.218,1.3479,0.83797
-0.1263,0.050495,0.15628,10.209,1.3144,1.1923
-0.1311,0.070746,0.14735,10.353,1.3168,1.1372
-0.15068,0.17014,0.16441,10.372,1.415,0.98402
-0.13816,0.18,0.12923,10.218,1.3479,1.3767
-0.15708,0.13909,0.10752,10.072,1.3264,1.2617
-0.17174,0.062086,0.1319,10.173,1.3048,1.0295
-0.24608,0.039037,0.14549,10.166,1.1899,0.9505
-0.17147,-0.025047,0.18759,10.23,1.1229,1.0463
-0.1295,-0.065283,0.18679,10.195,1.2139,0.93853
-0.12937,-0.054092,0.16641,10.013,1.2067,0.99359
-0.12737,0.0045299,0.1295,10.029,1.1061,0.96247
-0.13536,0.077541,0.088998,10.173,1.0942,0.9912
-0.087933,0.079406,0.11218,10.274,1.1756,0.97205
-0.089132,0.071279,0.11738,10.202,1.1612,1.1588
-0.11898,0.08287,0.1323,10.24,1.1971,1.0774
-0.18026,0.13536,0.10445,10.154,1.1923,1.2809
-0.18852,0.18079,0.050628,10.125,1.1827,1.166
-0.23089,0.19811,0.026247,10.063,1.1492,1.2282
-0.24688,0.15162,0.03544,10.123,1.0511,1.2091
-0.14722,0.11818,0.038504,10.307,0.98641,1.1157
-0.024515,0.16188,0.0437,10.568,0.98162,1.3001
-0.070346,0.32202,0.031043,10.506,0.92177,1.4988
-0.22716,0.32149,0.093395,10.448,1.1325,1.2258
-0.23928,0.24155,0.15788,10.113,0.95289,1.3695
-0.16068,0.17813,0.15428,10.216,0.90501,1.2857
-0.10445,0.16854,0.10672,10.008,0.9074,1.5395
-0.16907,0.1343,0.10006,10.041,0.66798,1.482
-0.19945,0.03544,0.15082,10.072,0.7015,1.5826
-0.24301,-0.026779,0.21903,10.142,0.83318,1.4054
-0.17347,-0.26886,0.23529,9.8162,0.44772,1.4341
-0.033441,-0.21597,0.19065,10.06,0.3304,1.2857
0.11072,-0.15468,0.14575,10.245,0.4956,1.5083
0.098058,-0.079273,0.13323,10.044,0.51475,1.7119
0.045432,-0.039703,0.13776,10.096,0.51475,1.7502
-0.0045299,-0.020917,0.19119,10.087,0.67516,1.664
-0.090198,-0.010658,0.15695,9.8258,0.49799,1.6544
-0.081005,-0.063818,0.11485,9.7612,0.34716,1.47
-0.050628,-0.074876,0.11778,9.8402,0.46926,1.6161
-0.022516,-0.074476,0.10445,9.8354,0.53151,1.8459
-0.058355,-0.070213,0.085135,9.9575,0.61531,1.8435
-0.1299,-0.035839,0.11871,10.089,0.79009,1.9656
-0.15175,-0.027979,0.11085,9.9503,0.72305,1.6999
-0.095793,-0.023848,0.040902,10.041,0.54827,1.4461
-0.02558,-0.025714,0.048629,10.142,0.57461,1.5107
0.0010658,-0.018119,0.054358,10.192,0.65122,1.5874
-0.00053292,0.015188,0.058355,10.295,0.7015,1.7071
-0.011458,0.045032,0.019985,10.254,0.79966,1.8531
-0.063018,0.070746,0.0049296,10.269,0.66798,2.0039
-0.18173,0.086201,0.11924,10.709,0.69192,2.0255
-0.16108,0.020118,0.13936,10.384,0.65841,1.9704
-0.098058,-0.022649,0.076342,10.094,0.60334,2.0039
0.053026,0.0042634,0.031709,9.9599,0.48842,1.992
0.061153,0.027712,0.040502,10.441,0.80445,2.4541
0.013456,0.052493,0.076342,10.467,0.91219,2.5163
-0.14629,0.050894,0.041302,10.118,0.65362,2.2386
-0.1347,0.010658,0.047963,10.149,0.39983,2.1093
-0.054358,-0.025714,0.034773,10.19,0.40462,1.9968
-0.042368,-0.019319,0.076075,10.187,0.47166,1.9561
-0.012657,-0.041435,0,10.084,0.39983,2.0925
0.043567,-0.014522,0.040636,10.123,0.53391,2.0159
0.0433,0.021051,0.032642,10.044,0.577,2.0039
0.036772,0.0014655,-0.0039969,9.9096,0.67038,1.8818
0.065949,0.06062,-0.051294,9.8497,0.55545,2.1141
0.075409,0.10912,-0.077008,9.9958,0.67756,1.913
0.027046,0.10752,-0.088998,9.833,0.6177,1.9489
-0.040636,0.056623,-0.05156,9.9958,0.61531,1.7286
-0.025714,-0.011591,-0.028778,9.9647,0.54827,1.5467
-0.032375,-0.026646,-0.059688,9.9192,0.54588,1.731
0.028778,-0.011325,-0.10485,9.9383,0.38786,1.7861
0.068081,0.0011991,-0.12524,10.022,0.38307,1.7262
0.017853,0.056224,-0.10632,9.8474,0.57221,1.8172
-0.027312,0.010925,-0.11964,9.8545,0.54827,1.8483
0.0082603,-0.016254,-0.10312,9.8545,0.56264,1.9728
0.058089,-0.013723,-0.10152,9.9623,0.67038,1.719
0.07341,-0.0079939,-0.12937,9.9575,0.70629,1.8124
0.066482,-0.0054625,-0.14629,9.8809,0.89304,1.8196
-0.0083936,0.022649,-0.16401,9.8593,0.87628,1.391
-0.021583,-0.035972,-0.1287,10.092,0.78051,1.6161
-0.036772,-0.031176,-0.1259,10.264,0.81403,1.6544
0.0030643,-0.03091,-0.10285,10.163,0.66798,1.3312
0.02185,-0.064084,-0.13483,10.12,0.69192,1.3408
0.081671,-0.078606,-0.14709,10.185,0.58179,1.2594
0.081937,-0.088998,-0.11191,10.549,0.61292,1.4389
0.045432,-0.043833,-0.090864,10.597,0.71347,1.2474
0.0014655,-0.043167,-0.069547,10.704,0.72784,1.2139
0.0053292,-0.087266,-0.045432,10.422,0.68474,1.008
0.03877,-0.15228,-0.031443,10.104,0.62249,0.88107
0.10245,-0.18106,-0.076075,9.8928,0.52672,0.95768
0.15095,-0.20384,-0.12111,9.8785,0.84994,1.0534
0.14349,-0.2133,-0.14269,10.046,0.73263,1.1349
0.11445,-0.23662,-0.059421,10.446,0.81163,1.3024
0.079273,-0.17373,-0.027845,10.453,0.84994,1.2737
0.062752,-0.16641,-0.042767,10.357,0.8667,1.2282
0.020118,-0.068747,-0.11271,10.034,0.96486,1.1899
0.016521,-0.061553,-0.14829,10.032,0.85712,1.0247
0.015588,-0.099657,-0.16188,10.209,0.91219,0.99599
0.064617,-0.14949,-0.10099,10.604,0.83558,0.80445
0.059021,-0.19585,-0.027046,10.441,0.94332,0.85234
0.067149,-0.25181,0.025314,10.269,0.93853,0.92895
0.15028,-0.26113,0.011191,10.343,1.0319,1.0774
0.17573,-0.21317,-0.02598,10.274,1.1325,1.324
0.14016,-0.18506,-0.041568,10.293,1.2737,1.3862
0.045299,-0.098191,-0.081404,10.204,1.0894,1.2881
-0.046231,-0.01732,-0.097525,10.216,1.3575,1.0989
-0.071812,-0.024914,-0.099923,10.195,1.1205,1.087
-0.11538,-0.047031,-0.078873,10.017,1.142,0.85473
-0.11032,-0.11191,-0.054092,10.125,1.0008,0.60573
-0.043034,-0.15615,-0.044499,10.166,0.93613,0.51954
0.040902,-0.18266,-0.049828,10.051,0.97683,0.31843
0.12111,-0.18959,-0.072877,9.9479,0.94332,0.6201
0.13869,-0.11858,-0.11564,10.07,1.2953,1.1492
0.10192,-0.093528,-0.12031,10.039,1.1923,1.2067
-0.024381,-0.052493,-0.10285,10.092,1.2689,1.1612
-0.10272,-0.068214,-0.087666,10.262,1.391,0.7446
-0.079006,-0.11471,-0.11191,10.065,1.0056,0.54109
0.012923,-0.16667,-0.12057,10.195,1.1372,0.57461
0.056224,-0.18706,-0.11165,10.384,1.1205,0.63925
0.061553,-0.17413,-0.075142,10.685,1.2785,0.72305
0.019851,-0.14549,-0.049296,10.503,1.5179,0.65362
-0.037038,-0.11365,-0.038504,10.508,1.4772,0.72305
-0.0042634,-0.088599,-0.045032,10.333,1.2761,0.52912
0.018919,-0.079139,-0.059155,10.319,1.2833,0.76854
0.061286,-0.086201,-0.054758,10.171,1.4892,0.67995
0.012124,-0.055691,-0.10738,10.195,1.391,0.85952
-0.015455,-0.073277,-0.069413,10.309,1.2881,0.60334
0.016121,-0.10885,-0.029577,10.312,1.1588,0.76375
0.068614,-0.093662,-0.029178,10.092,1.2977,0.5363
0.0441,-0.095926,-0.052493,9.9958,1.2546,0.55306
0.036372,-0.1331,-0.035173,10.029,1.233,0.51954
0.07794,-0.18985,-0.0026646,10.087,1.2163,0.47166
0.13296,-0.19159,-0.02638,10.008,1.3551,0.60573
0.059421,-0.17467,-0.052227,9.9479,1.506,0.65122
0.01692,-0.14442,-0.075675,9.9503,1.5275,0.69432
0.011058,-0.11724,-0.090198,10.032,1.4246,0.52433
0.045565,-0.087266,-0.099391,9.9671,1.2977,0.28012
0.1275,-0.085801,-0.10592,10.187,1.4269,0.36631
0.098191,-0.070479,-0.13563,10.216,1.4269,0.32082
0.062752,-0.038371,-0.080338,10.324,1.4174,0.32801
0.045032,-0.037838,-0.079139,10.156,1.3096,0.42617
0.03011,-0.035839,-0.041302,10.18,1.2594,0.38307
0.067815,-0.081937,0.0022649,10.178,1.4605,0.17957
0.085934,-0.10179,-0.022116,10.149,1.3599,0.29449
0.093528,-0.09979,-0.039037,10.139,1.494,0.20111
0.041701,-0.018919,-0.05689,10.216,1.6472,0.43335
-0.011724,-0.0093262,-0.066749,10.206,1.4198,0.21308
-0.020118,-0.034507,0.016121,10.396,1.3503,-0.016759
0.027979,-0.11391,0.045698,10.309,1.3671,-0.086191
0.08287,-0.13217,0.054225,10.116,1.391,-0.13647
0.10619,-0.12897,0.026247,10.216,1.4198,-0.0095768
0.12817,-0.092862,0.017054,10.01,1.5179,0.1221
0.14935,-0.053559,-0.013989,10.209,1.6448,0.09098
0.11338,0.0071945,-0.024781,10.163,1.6472,0.22745
-0.0049296,0.058489,0.0011991,10.096,1.5323,0.081403
-0.097792,0.028778,0.03917,9.9096,1.5969,0.04549
-0.00039969,-0.0047963,-0.032242,9.8833,1.5131,-0.19393
0.048096,-0.034107,-0.042634,9.9719,1.3791,-0.30406
0.053026,-0.0045299,-0.028511,10.029,1.4389,-0.1245
0.023182,0.037838,-0.01692,10.001,1.5179,-0.057461
-0.020251,0.062219,-0.0087933,10.068,1.5131,-0.19154
-0.072078,0.044366,0.06475,10.18,1.5658,-0.1245
-0.07008,0.079006,0.10219,10.245,1.5993,0.038307
-0.16774,0.092462,0.086067,10.017,1.5395,0.014365
-0.18,0.10499,0.041568,10.096,1.6209,-0.1221
-0.176,0.20145,0.020784,10.139,1.561,-0.14605
-0.27299,0.20251,0.085668,10.257,1.5562,0.0023942
-0.25381,0.16427,0.10086,10.25,1.2594,0.088585
-0.20278,0.22409,0.10445,10.285,1.6089,0.23463
-0.31416,0.23822,0.14869,10.223,1.3671,0.24181
-0.22743,0.22409,0.16561,10.23,1.3767,0.14844
-0.12617,0.20185,0.15228,10.101,1.3575,0.07422
-0.055691,0.14362,0.16547,10.008,1.4102,0.20111
-0.081937,0.12417,0.17786,10.027,1.3886,0.26815
-0.080338,0.11684,0.17054,9.9766,1.3096,0.32082
-0.013989,0.19945,0.099124,10.092,1.3671,0.47405
-0.076475,0.27672,0.15135,10.156,1.2689,0.51954
-0.094461,0.23848,0.12137,10.08,1.1133,0.53151
-0.063685,0.20571,0.10272,10.166,1.1301,0.50996
-0.077807,0.15695,0.14935,10.197,1.1995,0.75896
-0.083936,0.14376,0.19092,10.3,1.1732,0.64643
-0.046098,0.11365,0.19572,10.082,1.142,0.64883
-0.010126,0.13776,0.18692,10.116,1.1612,0.63207
-0.027312,0.16827,0.20438,10.168,1.1851,0.89304
-0.081804,0.1692,0.20118,10.18,1.1133,0.81882
-0.10166,0.16081,0.22116,10.144,1.1732,0.83318
-0.054358,0.16734,0.16028,9.9958,0.92656,0.63207
-0.067015,0.15894,0.14842,10.104,0.94571,0.6608
-0.017054,0.15588,0.19345,10.12,0.98881,0.94571
-0.019052,0.15561,0.20185,10.199,1.0319,1.0942
-0.041435,0.19652,0.1307,10.293,1.008,1.4437
-0.11085,0.32322,0.15601,10.479,1.1085,1.2761
-0.087933,0.3095,0.13949,10.307,0.79966,1.2594
-0.054758,0.26966,0.10312,10.283,0.80685,1.2546
-0.042368,0.23982,0.14962,10.259,0.8691,1.4605
-0.096193,0.13696,0.15588,10.19,0.63925,1.391
-0.13936,0.043433,0.19585,10.336,0.73502,1.3791
-0.1263,0.015455,0.25967,10.47,0.59137,1.2546
-0.035706,-0.0066616,0.28511,10.439,0.63207,1.245
0.011724,0.023982,0.24075,10.259,0.47405,1.415
0.031976,0.037305,0.18706,10.242,0.5794,1.5131
0.023982,0.08207,0.19692,10.269,0.577,1.6376
-0.027579,0.059288,0.24568,10.417,0.63686,1.7621
-0.10219,0.072877,0.25874,10.405,0.55306,1.5874
-0.13949,0.079539,0.24714,10.005,0.52433,1.5874
-0.12524,0.058089,0.22356,10.039,0.39025,1.5514
-0.12111,0.066882,0.20611,10.06,0.59855,1.4317
-0.078207,-0.018786,0.2149,10.032,0.23703,1.2354
-0.0013323,-0.049429,0.23489,10.044,0.35913,1.4269
0.037438,-0.028911,0.20877,10.027,0.34716,1.652
-0.067149,0.041968,0.18373,9.924,0.48363,1.6903
-0.072611,0.073277,0.17427,9.9264,0.41899,1.561
-0.081404,0.059554,0.15348,9.9,0.46448,1.4222
-0.02558,0.019052,0.14056,9.9575,0.25139,1.4198
0.062485,-0.0057289,0.16228,10.08,0.39265,1.4389
0.11711,0.0099923,0.15282,10.12,0.48123,1.7334
0.10619,0.044499,0.057423,10.094,0.54588,2.2817
0.099657,0.07341,0.042368,10.206,0.59855,2.4181
-0.017187,0.13523,0.049429,10.178,0.63207,2.5929
-0.0099923,0.16441,0.01692,10.228,0.52433,2.5426
0.030377,0.14895,0.054891,10.187,0.74699,2.7174
0.089398,0.15295,0.011458,10.139,0.52912,2.8347
0.11378,0.20185,-0.054492,10.068,0.59855,3.2274
0.011591,0.28285,-0.13789,10.137,0.73263,3.6607
-0.084335,0.27392,-0.10339,10.271,0.72305,3.6129
-0.1676,0.20957,-0.051161,10.247,0.73502,3.4572
-0.15108,0.11525,-0.013323,10.333,0.65841,3.0574
-0.12524,0.085534,-0.013323,10.278,0.45011,2.6264
-0.085534,0.064084,0.013057,10.281,0.3735,2.8299
-0.066482,0.092729,0.012524,10.123,0.42377,2.7557
-0.086867,0.12777,-0.019718,10.072,0.37589,2.6408
-0.10192,0.25221,-0.050361,9.8019,0.42138,2.6336
-0.18306,0.23928,-0.07381,9.3901,0.62249,2.885
-0.16108,0.29298,-0.19798,9.754,0.36152,2.5235
-0.16414,0.35919,-0.18866,10.01,0.45969,2.4397
-0.23449,0.36812,-0.17107,9.9168,0.52912,2.3774
-0.27859,0.34667,-0.19452,9.8067,0.48363,2.1021
-0.28112,0.30363,-0.18,9.6654,0.74939,1.719
-0.20971,0.28352,-0.22423,9.651,0.50278,1.7693
-0.11844,0.25993,-0.28378,9.5433,0.37589,1.7813
-0.017587,0.33721,-0.32975,9.6367,0.32801,1.9848
0.013856,0.41275,-0.37518,9.9168,0.49081,2.0782
-0.0011991,0.40609,-0.32855,9.5912,0.65122,2.4325
-0.091663,0.43353,-0.33255,9.6702,0.7039,2.1883
-0.19465,0.42301,-0.37078,9.5122,0.79727,2.0686
-0.263,0.42461,-0.37065,9.7851,0.68953,1.7214
-0.24794,0.38451,-0.34733,9.6869,0.67277,1.5012
-0.060087,0.33388,-0.30603,10.398,0.77572,1.6951
-0.03091,0.34107,-0.20384,10.491,1.0511,2.1045
-0.083536,0.40702,-0.13856,10.46,1.0175,2.2936
-0.14669,0.46631,-0.14469,9.979,1.2067,2.3798
-0.088066,0.44286,-0.21504,9.5146,1.1301,2.7031
-0.048496,0.50881,-0.39103,9.4236,1.1085,2.6983
-0.096859,0.46351,-0.41528,9.2943,1.142,2.9042
-0.081404,0.42887,-0.45352,9.4284,1.1277,2.7845
-0.020917,0.50202,-0.50028,9.7061,0.97683,2.569
0.010126,0.59341,-0.50868,10.293,0.8667,2.411
-0.029577,0.60327,-0.21477,10.829,1.2785,2.6887
-0.091263,0.66682,-0.20784,10.645,1.1229,2.6671
-0.16441,0.71412,-0.17174,10.324,1.2378,2.6528
-0.23569,0.74743,-0.18719,10.171,1.2809,2.8299
-0.25834,0.72731,-0.16014,10.099,1.2617,2.9066
-0.20797,0.67775,-0.18786,9.8617,1.2737,2.9473
-0.14309,0.69587,-0.23835,9.9479,1.1325,2.9425
-0.15015,0.54865,-0.21184,9.6271,1.4246,3.237
-0.099923,0.51028,-0.19851,9.8689,1.1301,2.9568
-0.095793,0.56397,-0.15695,10.123,1.2258,3.0622
0.023715,0.51161,-0.14802,10.008,1.1708,3.0765
0.10352,0.55451,-0.16161,10.238,1.1253,3.055
0.22556,0.73144,-0.14496,10.051,1.1803,3.1316
0.051427,1.044,-0.20331,9.8809,1.834,3.6464
-0.15402,1.1666,-0.20837,9.6917,1.7645,3.7254
-0.32482,1.3695,-0.15908,9.7061,1.585,3.8738
-0.30443,1.5248,-0.17054,9.6845,1.482,3.7086
-0.25554,1.4858,-0.23449,8.8825,1.5802,4.2258
-0.31309,1.3314,-0.18226,8.6239,1.5227,4.197
-0.21583,1.0806,-0.10365,8.655,1.4581,4.1108
-0.13789,1.0055,-0.22503,8.509,1.3455,4.3191
-0.11111,0.93195,-0.29044,8.5904,1.6328,4.3383
-0.058089,0.85628,-0.29098,8.8705,1.6807,4.5538
0.04823,0.84415,-0.28991,9.1506,1.7166,4.4867
0.091796,1.0543,-0.2654,9.3685,1.7023,4.8937
0.025447,1.2954,-0.19478,9.4858,1.6616,5.1212
-0.15135,1.4518,-0.1788,9.3853,2.4134,5.3127
-0.38131,1.5736,-0.23342,8.983,2.2913,5.1068
-0.53999,1.7215,-0.28725,8.9328,1.8842,5.0757
-0.52307,1.7625,-0.31163,8.8226,1.6951,5.3151
-0.43953,1.7261,-0.36279,8.4491,1.9369,5.2361
-0.35999,1.6068,-0.42594,8.1139,1.4341,5.4731
-0.3055,1.4466,-0.44193,8.0589,1.6209,5.2218
-0.14416,1.2268,-0.36039,8.0972,1.549,5.5019
0.015055,0.92209,-0.31056,7.9057,1.5826,5.7389
0.37078,0.62352,-0.37984,7.8697,1.5921,5.9592
0.57036,0.56677,-0.35879,7.9655,1.7573,6.177
0.81897,0.23582,0.83216,9.5265,1.3431,6.2106
0.94434,0.10445,1.4565,11.504,2.1979,5.2481
0.89611,0.69267,1.2039,9.232,2.0255,5.6336
0.44033,1.3242,0.99377,8.3175,2.4876,6.1363
-0.11764,2.1747,-0.25887,6.3279,2.3032,5.4995
-0.075809,2.4332,-0.20997,8.2935,2.8491,6.9623
0.16507,2.6252,-0.2562,7.7381,1.834,6.2968
0.086867,2.8958,-0.20398,7.671,1.5634,6.6583
-0.070479,3.0469,-0.0437,7.5681,1.7334,6.9001
-0.16161,3.061,0.063818,6.9671,1.8004,7.015
-0.42434,3.3606,0.41661,7.0342,1.8531,7.4555
-0.41222,3.0984,0.65896,5.6838,1.7526,8.9807
-0.40676,2.4736,0.59834,5.035,2.2577,10.041
-0.40795,2.4673,0.57023,5.9328,1.6328,8.4539
-0.42368,2.8104,0.34653,5.0781,1.0271,7.5298
-0.62685,3.0855,-0.13576,5.0135,1.3431,8.9974
-0.76901,3.0102,-0.17413,4.2114,1.7861,8.995
-0.93009,2.8432,-0.16241,3.6679,1.6712,9.347
-1.1022,2.8077,-0.13363,3.8882,1.5562,8.6431
-1.2818,2.757,-0.06062,3.8858,1.3886,8.5497
-1.3948,2.981,0.33747,3.6105,1.2378,8.2121
-1.2065,3.2499,0.3893,3.0406,0.55067,7.4412
-0.93915,2.8593,0.36012,3.5889,0.51236,11.013
-0.39809,1.2808,0.16161,2.7031,0.73023,12.742
-0.34827,0.88172,0.11898,2.806,0.55306,11.49
-0.25794,0.77647,-0.020384,2.8754,0.064643,9.9599
-0.23076,0.81378,-0.14735,2.8826,0.5794,9.675
-0.31549,0.79392,-0.0078606,2.9592,1.1205,9.5122
-0.44366,0.77327,0.047297,2.6528,0.87628,9.2368
-0.49762,0.6539,0.037704,2.4181,0.32561,9.7205
-0.41328,0.45565,0.032908,2.375,0.36152,10.341
-0.20038,0.23662,-0.025047,2.6552,1.1133,10.326
-0.044632,0.47417,0.015855,2.624,0.79009,9.4691
-0.34214,1.2693,0.096326,2.4349,0.64643,8.1092
-0.18439,1.631,-0.098724,2.3535,0.21069,9.6893
-0.22676,1.6587,-0.029178,1.9561,0.75657,10.262
-0.13217,1.0032,-0.024781,1.3168,0.66319,11.732
0.014789,0.60514,-0.019452,1.2737,0.69911,11.861
0.053692,0.32069,0.047297,1.391,0.34955,11.384
-0.092596,0.37052,0.14589,1.3886,0.45011,10.127
-0.50761,0.78207,0.40636,1.8124,0.68714,9.4188
-0.49615,0.72758,0.28831,1.1061,0.14844,10.444
-0.13776,0.29004,0.20944,1.3551,0.54827,11.111
0.0046631,0.09113,0.18692,1.3431,0.39504,11.162
0.28565,0.018386,0.049296,0.96007,-0.11732,10.611
