-0.032908,0.0011991,0.010259,1.063,-0.25139,10.226
-0.035573,0.003464,0.011058,0.93134,-0.15083,10.357
-0.036905,-0.033574,0.0087933,1.0894,-0.16281,10.202
-0.037438,-0.0055957,0.011591,0.92895,-0.15083,10.228
-0.037704,-0.0025314,0.012524,0.94571,-0.20111,10.223
-0.00026646,-0.00026646,0.0087933,1.0774,-0.18675,10.116
-0.031842,-0.0046631,0.013057,1.0487,-0.081403,10.329
-0.032375,-0.0013323,0.010392,1.0989,-0.16281,10.293
-0.03544,0.0018652,0.0074609,1.0582,-0.26336,10.405
-0.067415,0.00013323,0.012391,1.0319,-0.18435,10.247
-0.029977,-0.00039969,0.011458,1.0989,-0.29928,10.139
-0.032508,-0.0022649,0.0093262,1.0846,-0.2083,10.341
-0.029844,-0.033441,0.014922,1.1205,-0.18675,10.252
-0.027046,-0.0042634,0.053692,1.0989,-0.0095768,10.285
-0.00093262,0.0049296,0.52133,0.93853,-0.023942,10.307
-0.011591,0.033308,0.2193,1.063,-0.26097,10.278
-0.019985,-0.033841,0.19505,1.1109,-0.023942,10.151
-0.018119,0.006928,0.18506,1.0534,-0.15802,10.178
-0.022516,0.0021317,0.11898,0.98402,-0.18675,10.357
-0.028911,-0.0022649,0.054758,1.1085,-0.18196,10.166
-0.036372,-0.00066616,0.023049,1.1349,-0.17238,10.317
-0.035839,0.0014655,0.016787,0.99359,-0.16281,10.139
-0.038637,-0.0021317,0.0078606,1.075,-0.22027,10.41
-0.037172,-0.0014655,0.010259,1.0965,-0.13647,10.113
-0.036639,-0.0050628,0.0099923,0.97444,-0.02873,10.242
-0.039836,-0.0090597,0.013456,1.0534,-0.22266,10.415
-0.040636,-0.0045299,0.0089265,1.0343,-0.16041,10.221
-0.035306,0.0045299,0.0090597,0.95289,-0.12929,10.355
-0.026646,0.029444,0.0061286,1.0989,-0.2466,10.321
-0.033308,0.0023982,0.0094594,1.0223,-0.18196,10.333
-0.067948,-0.0031975,0.0078606,0.93134,-0.18675,10.139
-0.067415,-0.00066616,0.010525,1.0534,-0.04549,10.185
-0.037038,0.033708,0.011058,1.0558,-0.21548,10.4
-0.001732,-0.0018652,0.013456,0.92895,-0.17957,10.247
-0.035306,-0.0010658,0.011591,0.92177,-0.1245,10.13
-0.032775,-0.0025314,0.0077274,1.0223,-0.12689,10.147
-0.032242,-0.0026646,0.0097259,1.2043,-0.24181,10.221
-0.0011991,-0.0018652,0.0071945,1.1253,-0.18196,10.3
-0.032109,-0.0023982,0.0097259,1.221,-0.15802,10.295
-0.032908,-0.00066616,0.010792,1.0918,-0.30406,10.238
-0.023848,0.0057289,0.013723,1.0367,-0.04549,10.384
0.0013323,0.027845,0.24328,0.91937,-0.047884,10.336
0.0061286,0.023582,0.0050628,1.2833,-0.038307,10.223
0.0093262,0.017986,0.003464,1.0463,-0.20351,10.309
0.028911,0.045832,-0.025181,1.0463,0.50757,10.309
0.057423,0.061286,-0.012657,0.9074,0.16999,10.393
0.03504,0.10858,0.0098591,0.95768,-0.07422,10.048
0.049962,0.11258,-0.016387,1.154,-0.067038,10.405
-0.037305,0.41835,-0.08247,1.1013,-0.086191,10.209
-0.20677,0.48989,-0.1319,0.85473,-0.31125,10.353
-0.31016,0.27299,-0.045032,0.70629,-0.25857,10.977
-0.3941,0.1255,0.06062,1.0295,-0.10295,10.728
-0.20638,0.029711,0.064617,0.75657,-0.36152,10.127
-0.10152,0.0062619,0.0023982,0.64404,-0.54588,9.9766
-0.071012,0.086201,-0.029311,0.64165,-0.51715,10.163
-0.010525,0.071279,-0.067015,0.72065,-0.63686,10.214
0.25367,-0.045832,-0.10885,0.84755,-0.67756,10.949
0.27805,-0.099124,-0.056224,0.53391,-0.28491,10.977
0.30417,-0.12177,-0.079006,0.72065,-0.36152,10.537
0.32842,-0.017054,-0.10259,0.94571,0.13408,10.197
0.1708,-0.067548,-0.0087933,1.0319,0.050278,10.218
-0.040769,0.045698,0.031576,1.0702,-0.040701,10.238
-0.15255,0.066616,0.029577,0.93374,-0.28012,10.211
-0.16201,0.089132,0.022516,0.71587,-0.20111,10.226
-0.11751,0.098191,0.019452,0.89064,0.050278,10.393
-0.0429,0.06928,0.005196,0.7829,0,10.338
0.077807,-0.042234,-0.012391,0.89304,0.22027,10.297
0.26993,-0.099391,0.0038637,0.86191,0.43335,10.343
0.74343,-0.16774,-0.069147,0.93613,0.44772,10.508
0.75489,-0.2149,-0.081671,0.80206,0.27054,10.056
0.68921,-0.1688,-0.08207,0.8691,0.15562,9.845
0.6467,-0.097659,-0.095394,0.95768,0.54827,9.8881
0.47737,-0.12883,0.085934,1.0104,0.73981,10.163
0.22703,0.062885,0.079139,1.0798,1.0415,9.8114
0.22862,0.071545,0.076741,0.99838,0.76854,9.9934
0.32389,0.22543,0.036372,0.79487,0.36392,10.29
0.43393,0.068614,-0.0098591,0.9098,0.43814,10.786
0.48509,-0.016521,-0.028645,0.79009,0.17238,10.772
0.46711,-0.053426,-0.12017,0.84515,0,10.645
0.48829,-0.11604,-0.099257,1.0726,0.84515,11.111
0.69347,-0.14442,0.035173,0.96726,1.1157,10.695
0.72225,-0.11245,0.14349,0.69911,1.1157,10.127
0.70066,-0.13376,0.16867,0.81163,1.1229,10.127
0.74316,-0.10365,0.15761,0.96247,1.087,10.23
0.69986,-0.06968,0.15148,1.0295,1.312,9.8474
0.69453,-0.10112,0.1307,0.97205,1.5897,9.8593
0.79526,-0.10472,0.011991,0.85952,1.6712,9.6534
1.0239,-0.11591,-0.066216,1.0415,1.5251,10.034
1.3071,-0.13789,-0.15202,0.96247,1.561,10.235
1.594,-0.11285,-0.17587,0.9098,1.6233,10.082
1.6908,-0.054758,-0.1696,0.91937,1.5036,10.242
1.5876,-0.058222,-0.14789,0.99838,1.7837,10.12
1.4083,-0.014922,-0.13483,0.92656,2.3511,9.833
1.2406,-0.00079939,-0.083669,1.1325,2.6288,9.8474
1.1455,-0.063951,-0.14322,1.0463,2.387,9.7755
1.1719,-0.0045299,-0.22103,0.81403,2.1141,9.6965
1.1931,0.019985,-0.17746,1.1612,2.466,9.9527
1.0712,-0.03877,-0.026513,1.154,2.7916,10.58
0.96166,-0.12737,0.061819,1.0798,3.2082,10.12
1.0451,-0.15055,0.063018,1.1756,3.3232,10.147
1.303,-0.19199,0.028911,0.96007,3.1101,10.065
1.4292,-0.18812,-0.029844,1.008,3.146,9.9479
1.4333,-0.15841,-0.090331,0.95289,3.0957,9.7181
1.4985,-0.089265,-0.14842,0.84515,3.1196,9.4475
1.3967,-0.024115,-0.16787,1.0223,3.4716,9.2296
1.0854,-0.03504,-0.14762,1.1899,4.0223,9.7755
1.0596,-0.093528,-0.16268,1.1277,4.0462,9.8258
1.1037,-0.070213,-0.17307,1.1396,4.0294,9.6486
1.1082,-0.053426,-0.15761,1.008,4.2689,9.5984
1.0127,-0.063152,-0.11884,1.2139,4.4341,9.4667
0.88346,-0.060087,-0.093662,1.2306,4.367,9.3374
0.84509,-0.074077,-0.089665,1.0918,4.3,9.2033
1.0555,-0.083136,-0.11898,0.99599,4.4484,9.4236
1.4639,-0.10658,-0.054492,1.1995,4.9368,9.5696
1.4994,-0.17613,-0.022649,1.1708,4.7692,9.4763
1.4241,-0.27192,-0.041302,1.1253,4.6735,9.0549
1.4232,-0.19652,-0.086067,1.0918,4.7429,8.6646
1.4322,-0.15921,-0.07381,1.0175,4.9344,8.6933
1.0869,-0.12724,-0.017853,1.2498,5.3295,8.406
0.93142,-0.09979,-0.022516,1.1181,5.3151,8.2983
0.92942,-0.094061,-0.040636,1.2043,5.4372,8.5593
1.252,-0.059954,-0.090198,1.1923,5.8419,8.1355
1.4516,-0.070879,-0.15055,1.1732,5.6719,8.193
1.38,-0.05276,-0.14069,1.154,5.8107,8.1618
1.2958,-0.024381,-0.12231,1.2019,5.9328,8.1547
1.1326,0.014522,-0.10965,1.1947,5.8921,8.1187
0.79885,0.07008,-0.057956,1.2426,6.505,8.0613
0.88199,0.10192,-0.054092,1.0702,6.1459,7.8865
0.98604,-0.082204,0.081271,1.1732,6.6176,8.6957
1.0913,-0.17986,-0.025447,0.91698,5.8802,8.2815
1.0976,-0.19532,0.0077274,1.2067,7.2018,7.7045
1.2353,-0.168,0.020518,1.1396,6.857,7.039
1.1687,-0.12963,0.067948,1.2929,7.1994,6.6248
1.0547,-0.084469,0.093129,1.257,7.3454,6.4452
0.87839,0.019851,0.066349,1.2713,7.0342,6.5529
0.75436,0.03917,0.038637,1.3216,6.9911,6.9887
0.65683,0.015721,0.016121,1.2426,6.8235,7.446
0.58275,-0.018519,-0.0079939,1.2091,6.5673,7.5585
0.58342,-0.073144,-0.02598,1.3527,6.5481,7.5513
0.56024,-0.082603,-0.050761,1.1612,6.8761,6.9647
0.51227,-0.093795,-0.071279,1.1995,7.2664,6.8378
0.48017,-0.086334,-0.067415,1.2043,7.7357,6.8115
0.62046,-0.083136,0.015988,1.1588,7.3741,7.0533
0.59195,-0.077008,-0.0066616,1.2306,6.8211,6.6415
0.48736,-0.070879,-0.044233,1.3168,6.5697,6.5074
0.36625,-0.053959,-0.046098,1.3384,6.6918,6.2752
0.20278,-0.029444,-0.0074609,1.4174,6.8714,6.426
-0.13083,-0.032908,0.083003,1.4461,7.5202,6.6655
-0.083536,-0.0030643,0.051161,1.1708,7.5417,6.6224
-0.014922,0.0041302,0.065949,1.1301,7.6112,6.7038
0.078207,-0.042368,0.06515,1.0942,7.5298,7.0437
0.11165,-0.067282,0.054891,1.2115,7.5346,6.6391
0.084868,-0.036239,0.045832,1.2665,7.6662,6.6319
0.19971,-0.048096,0.079539,1.0846,7.6638,6.9767
0.20651,-0.065683,0.10086,1.2929,7.5776,7.0461
0.11285,-0.11325,0.11391,1.3096,7.2233,7.1658
-0.0035972,-0.10698,0.12057,1.403,7.0749,6.7924
-0.19438,-0.07874,0.1347,1.3192,7.1682,6.4739
-0.33561,0.057023,-0.032642,1.2953,7.5034,6.3135
-0.24488,0.043567,0.045832,1.3431,7.6303,6.6822
-0.042234,-0.011191,0.0433,1.2833,7.2568,7.0054
-0.014922,-0.059821,0.049162,1.3695,7.0054,7.0892
-0.12364,-0.062885,0.017054,1.3551,6.9719,6.9839
-0.17307,-0.083403,0.025047,1.3623,7.1228,6.9863
-0.36132,-0.063818,0.053692,1.3527,7.2377,6.8307
-0.4847,0.033574,0.047963,1.3216,7.3263,6.7038
-0.32855,-0.0042634,0.01772,1.3312,6.9815,7.1108
-0.18706,-0.044766,0.028778,1.4006,7.0509,7.4986
-0.1291,-0.079806,-0.030643,1.3575,6.6679,7.3119
-0.24115,-0.083136,0,1.4317,7.1347,7.5034
-0.24181,-0.095127,-0.088599,1.5634,6.9192,7.2712
-0.19505,-0.084735,-0.069946,1.4676,7.1515,7.3478
-0.23102,-0.097392,-0.098724,1.494,7.3071,7.4029
-0.30883,-0.089531,-0.091263,1.4772,7.1467,7.2784
-0.23249,-0.11005,-0.030377,1.3695,7.355,7.5537
-0.11178,-0.11338,-0.033175,1.3551,7.3957,7.5178
-0.071678,-0.11724,-0.035173,1.4461,7.3646,7.5872
-0.2642,-0.079672,0.037571,1.3815,7.8913,7.2472
-0.26753,0.0073277,0.069147,1.4222,8.157,7.2472
-0.28365,0.019851,0.15135,1.5467,8.1451,7.3263
-0.261,0.028245,0.16347,1.4246,8.0469,7.2688
-0.18546,0.0441,0.097792,1.2953,7.3861,7.4148
-0.096593,0.085668,0.031443,0.92656,6.6152,7.5369
-0.033175,0.049429,0.010126,1.3072,6.6295,7.8075
-0.079006,0.020518,0.026646,1.5107,7.0533,7.8913
-0.089798,0.060753,-0.088466,1.0606,6.438,7.4603
-0.042767,0.056623,-0.077407,1.1229,6.45,7.592
-0.05276,0.032508,0.032242,1.5371,7.0629,7.9559
-0.11445,-0.046098,0.12057,1.6305,7.695,7.5561
-0.11698,-0.06555,0.16747,1.5945,7.6423,7.264
-0.072211,-0.037438,0.17507,1.5275,7.2233,6.8857
-0.084868,0.082204,0.080605,1.2785,6.438,6.2249
-0.11631,0.10525,-0.019185,1.3479,5.9256,6.4332
-0.28618,0.14269,0.039303,2.3703,6.4715,7.5872
-0.37878,0.12311,0.11564,2.387,6.7181,7.6902
-0.40249,0.1291,0.11591,2.1261,6.7157,7.331
-0.35666,0.13829,0.089665,1.8866,6.541,7.367
-0.26966,0.080205,0.10845,1.4748,6.5888,7.5489
-0.2578,0.062885,0.14762,1.5538,7.0413,7.2161
-0.24088,0.079939,0.19412,1.4772,7.0677,7.0581
-0.18866,0.19052,0.12577,1.233,6.754,6.2728
-0.11938,0.26406,-0.049296,1.1157,6.1699,6.4955
-0.06555,0.30363,-0.12817,1.0534,5.8969,6.936
-0.10219,0.32562,-0.11032,1.2067,6.0262,7.0198
-0.23076,0.32508,-0.088332,1.1708,6.4548,7.0054
-0.36692,0.32642,-0.086201,1.2809,6.5242,6.9863
-0.47484,0.32722,-0.096326,1.1564,6.5242,7.0557
-0.49948,0.29497,-0.19878,1.0295,6.2656,7.5202
-0.36545,0.25714,-0.19798,0.77812,6.7947,7.4627
-0.29711,0.26859,-0.13376,1.0391,7.5992,7.1156
-0.081005,0.25687,-0.13723,0.9912,7.2042,7.7428
-0.067415,0.22409,-0.077541,1.0199,7.2999,7.8554
-0.10352,0.19545,-0.031043,1.0439,7.8602,8.0685
-0.16734,0.20278,0.028378,0.98641,7.683,7.7907
-0.20398,0.15202,0.05196,0.95529,7.6998,7.7476
-0.15175,0.14149,0.047164,0.96965,7.5944,7.8003
-0.10858,0.1331,0.04783,0.89543,7.0725,7.7357
-0.088732,0.12377,0.043833,0.80924,7.0294,7.6974
-0.044632,0.11764,0.022516,0.9912,6.8498,7.6806
0.095527,0.060487,-0.053825,0.89304,6.3949,7.6184
0.099923,0.065683,-0.098858,0.9098,6.4955,7.0581
-0.005196,0.068348,-0.10525,0.85473,6.8378,7.2042
-0.10099,0.047164,-0.11738,0.84755,7.1036,7.5441
-0.070613,0.034773,-0.1267,0.83797,7.0557,7.7883
-0.097659,0.018119,-0.052227,0.96247,7.4819,7.8865
-0.10325,0.00053292,0.010792,1.0463,7.944,7.7835
0.011591,-0.06515,0.051427,0.99838,7.4795,7.1946
0.048629,-0.012257,0.031443,1.0056,7.0174,7.2784
0.017054,-0.016121,0.040502,1.0295,6.7924,7.343
0.022783,-0.011991,-0.0061286,0.94332,7.0246,7.3406
0.073943,0.0026646,-0.01732,1.0343,7.0054,7.2281
0.033041,-0.048896,0.0099923,1.0534,7.118,7.6878
-0.01359,-0.070746,0.053692,0.94092,7.1323,7.5681
-0.036772,-0.074743,0.057822,0.97205,7.2401,7.501
-0.0041302,-0.080338,0.039436,1.0582,7.039,7.2472
0.00026646,-0.064084,0.01732,0.79966,6.6942,7.1395
-0.075542,-0.048096,0.052626,0.83318,7.0222,7.1467
-0.11698,-0.055424,0.054492,0.8691,7.2042,7.197
-0.047164,-0.062219,0.041701,0.93374,7.1228,7.5489
0.10206,-0.081271,0.049562,0.98641,7.0964,7.6495
0.025714,-0.09526,0.041568,0.91219,6.8402,7.4388
-0.067815,-0.073943,0.021317,0.95529,6.7828,7.4651
-0.05276,-0.073011,0.019185,0.97923,7.0653,7.4148
-0.022383,-0.093129,0.024248,0.77572,7.0485,7.4316
0.031576,-0.10285,0.013456,0.9505,7.2688,7.513
0.059821,-0.11151,-0.00866,0.91219,7.2209,7.4364
0.058489,-0.13789,-0.079806,0.96486,7.1275,7.4053
0.033441,-0.20145,-0.10059,1.0319,7.185,7.4891
0.022916,-0.21663,-0.024914,1.0175,7.2568,7.1898
-0.03877,-0.16201,0.0074609,1.0822,7.501,6.3686
-0.14429,-0.10445,-0.0059954,0.92895,7.3358,6.28
-0.21543,-0.0437,-0.019052,1.3671,7.2353,7.0844
-0.30657,-0.078473,-0.010259,1.2833,6.9791,8.0876
-0.31696,-0.1327,0.040636,1.3024,7.3478,8.2887
-0.2654,-0.1291,0.078873,1.3312,7.7045,8.0876
-0.081538,-0.15668,0.067015,1.2617,7.4986,8.102
0.040502,-0.14575,0.057156,1.2043,6.8953,7.7764
0.10645,-0.12031,0.065816,1.3527,6.8307,7.5393
0.14869,-0.090198,-0.020384,1.1037,6.5266,7.3143
0.10139,-0.080871,-0.042368,1.3982,6.7181,7.3047
-0.0022649,-0.090864,-0.015322,1.5179,6.7133,7.4843
-0.10285,-0.071412,0.0094594,1.2594,6.754,7.4795
-0.18173,-0.026779,0.00039969,1.3048,6.778,7.2377
-0.16241,0.031842,0.10885,1.3431,6.948,7.2999
0.010259,-0.053426,0.1303,1.2905,6.5434,7.853
0.058888,-0.064484,0.1287,1.415,6.5529,7.7141
0.057556,-0.035573,0.10139,1.3048,6.4883,7.1251
0.043167,-0.0049296,0.003464,1.1444,6.3662,6.6487
-0.055025,0.035972,-0.037438,1.2282,6.6272,7.4436
-0.16987,-0.026779,0.066216,1.4461,7.0773,8.272
-0.20464,-0.026779,0.1359,1.3838,7.2233,7.8745
-0.1692,-0.0078606,0.1684,1.5036,7.027,7.4101
-0.078606,0.015855,0.081138,1.2115,6.7109,7.4986
-0.02638,0.023449,0.030377,1.1899,6.5745,7.9679
0.085401,0.026913,-0.017587,1.0678,6.4739,7.7093
0.10019,0.006928,-0.078207,1.1013,6.3662,7.9033
0.041968,-0.0025314,-0.11138,0.95529,6.1411,8.3653
0.094994,-0.088466,-0.13643,0.9481,6.2177,8.0517
-0.073943,-0.025447,0.0043966,0.96247,7.1587,6.9288
-0.13456,0.017853,0.02598,1.1732,7.3047,7.1395
-0.1359,0.024381,-0.013456,1.1827,6.7397,7.6375
-0.0014655,0.020251,-0.055957,0.95289,6.0885,7.5776
-0.0046631,0.0087933,-0.050361,1.1612,6.4452,7.106
-0.099923,0.06142,-0.14362,1.0606,6.1244,7.2209
-0.18413,0.11511,-0.042368,1.324,7.2544,7.4364
-0.059021,0.079006,-0.01772,1.2905,6.7612,7.92
-0.070746,0.026779,0.034907,1.1492,6.9336,8.09
-0.087666,0.01772,0.094727,1.1133,6.7612,7.8219
0.040902,0.050628,0.098191,1.3144,7.2161,7.4077
0.25381,0.068348,0.057423,1.2498,6.9863,7.1539
0.40302,0.066482,0.056623,1.1325,7.0102,7.2305
0.4378,0.055824,0.050361,1.1253,6.766,7.7596
0.26593,0.034907,0.11818,1.3192,6.9264,7.7452
0.010925,0.040902,0.16374,1.5012,7.3287,7.3837
0.058755,0.06475,-0.0041302,0.99599,6.2417,7.4675
0.11938,0.055424,-0.0019985,1.3072,6.4332,7.6471
0.12617,0.0053292,-0.063818,1.2689,6.4715,7.7381
0.15615,-0.066482,0.014922,1.2977,6.7014,7.8003
0.13869,-0.03091,0.046764,1.087,7.0485,7.5992
0.10419,-0.019052,0.084202,1.3048,7.2592,7.6567
0.076475,-0.041302,0.11898,1.3431,7.4986,7.7548
0.084735,-0.059155,0.11658,1.3288,7.2305,7.7524
0.16254,-0.035706,0.11111,1.233,7.0198,7.5705
0.24275,-0.080738,0.09526,1.075,6.9168,7.5585
0.31203,-0.090997,0.025047,0.95529,6.7349,7.0006
0.32069,0.047031,0.0018652,1.0846,6.5481,6.6511
0.24008,0.0023982,0.02185,1.142,7.0413,6.6942
0.14962,0.069147,0.050095,1.3384,7.0605,6.45
0.096726,0.14749,0.039037,1.2857,7.1587,6.8881
0.064484,0.13763,0.080605,1.3551,7.0006,7.5968
0.0071945,0.085934,0.12324,1.4198,6.8211,8.078
-0.015988,0.014789,0.079006,1.0989,6.1794,7.8003
-0.050628,0.0077274,0.058222,0.92656,5.8754,7.5585
-0.074609,-0.031443,0.077141,1.0391,6.6798,7.671
-0.094861,0.013057,0.087533,1.2474,6.9264,7.8266
-0.048629,0.0021317,0.082603,1.3551,6.596,7.8003
-0.024648,0.0053292,0.086867,1.1732,6.7229,7.7883
0.092862,-0.0023982,0.11178,1.221,6.9216,7.9368
0.11391,-0.036639,0.1247,1.3384,6.778,8.0086
-0.11511,-0.086734,0.099657,1.2115,6.4165,8.0278
-0.15348,-0.027046,0.090464,1.1253,6.9312,7.4891
-0.1251,-0.063551,0.080738,1.2833,7.1874,7.75
0.009193,-0.037038,0.060221,1.1899,6.541,7.6926
0.052093,-0.027579,0.029711,1.324,6.4452,7.5417
0.022516,-0.018519,-0.00079939,1.1779,6.6511,7.6279
-0.037838,-0.074876,0.00013323,1.2641,6.7971,8.1882
-0.060487,-0.11365,0.083003,1.2761,6.8642,8.078
-0.074077,-0.15068,0.070879,1.3288,6.8474,7.9248
-0.080738,-0.061553,0.080472,1.2594,6.7373,7.197
-0.088732,0.0054625,-0.014789,1.1803,6.3662,7.1251
-0.068881,-0.041435,0.001732,1.3336,7.015,7.7285
0.12764,-0.12577,-0.030377,1.0894,6.9312,8.011
0.18492,-0.16281,-0.034773,1.2713,6.7421,8.0134
0.14949,-0.19039,-0.018386,1.2881,6.505,8.0421
-0.12137,-0.12644,-0.0035972,1.3384,6.6702,7.0318
-0.2161,0.0066616,-0.07008,1.3743,6.3518,6.8498
-0.22942,-0.011458,-0.050228,1.3455,6.7014,7.4579
-0.12137,-0.076208,-0.07834,1.2522,6.4883,7.8889
-0.14682,-0.11938,-0.071412,1.3216,6.5457,8.0206
-0.18612,-0.1692,-0.076608,1.4341,6.6319,7.8458
-0.21504,-0.13243,-0.086467,1.3336,6.5242,7.5058
-0.20571,-0.12217,-0.080472,1.3647,6.4404,7.4029
-0.261,-0.11218,-0.062219,1.2713,6.7373,7.3502
-0.22916,-0.11258,-0.057156,1.3264,6.7325,7.592
-0.074343,-0.14269,-0.10672,1.2617,6.5218,7.6638
-0.10778,-0.14775,-0.14669,1.3695,6.2632,7.592
-0.11418,-0.16427,-0.15508,1.3144,6.5888,7.671
-0.049296,-0.1772,-0.11724,1.2474,7.0437,7.6495
-0.040369,-0.21224,-0.071012,1.4222,7.1754,7.5058
-0.095793,-0.18519,-0.066616,1.4198,7.1275,6.7493
-0.12737,-0.12444,-0.033441,1.6328,7.2353,6.9432
-0.12111,-0.10632,-0.03504,1.494,6.6607,7.082
-0.22716,-0.098991,-0.059155,1.6999,7.082,7.343
-0.20811,-0.099391,-0.064484,1.6185,7.2688,7.2616
-0.083802,-0.080205,-0.056224,1.5155,6.6559,7.5106
-0.096326,-0.079672,-0.057156,1.5323,6.8785,7.6591
-0.077141,-0.093795,-0.040236,1.4198,6.8714,7.6758
-0.09153,-0.11111,-0.010658,1.5634,6.9145,7.6998
-0.18506,-0.047164,-0.0083936,1.5778,6.6152,7.3047
-0.20931,-0.02558,-0.023848,1.561,6.596,7.3358
-0.20891,-0.00066616,-0.044766,1.5395,6.608,7.3287
-0.2117,0.011325,-0.094061,1.4341,6.4452,7.2137
-0.19865,0.0085268,-0.13363,1.3336,6.11,7.5944
-0.18839,-0.0054625,-0.11498,1.3575,6.0525,7.5178
-0.17147,-0.0063951,-0.085534,1.391,6.7876,7.4436
-0.09193,-0.0062619,-0.069014,1.4581,7.0461,7.6327
0,0.0067948,-0.10512,1.4006,6.7014,7.2089
-0.053292,0.01772,-0.07834,1.415,6.8666,7.3478
-0.07794,0.057156,-0.036372,1.494,7.0174,7.3909
-0.088466,0.078473,0.018253,1.4844,7.0485,7.367
-0.068348,0.092063,0.089265,1.5538,7.264,7.264
-0.12764,0.13416,0.17307,1.3862,7.2784,7.1611
-0.083403,0.12497,-0.049962,1.1588,5.782,7.9679
-0.071145,0.11351,-0.087933,1.2306,5.7341,8.1283
-0.19172,0.057289,-0.088066,1.3072,6.359,8.1235
-0.21863,0.03091,-0.071012,1.4198,6.9815,7.8027
-0.18066,0.024381,-0.049429,1.3479,7.2401,7.8745
-0.11151,0.038504,-0.037305,1.4533,7.2042,7.5226
-0.094994,0.051827,-0.023315,1.4796,7.2688,7.5585
-0.10432,0.047697,-0.031976,1.4246,7.2903,7.4627
-0.18466,0.085534,0.031976,1.3815,6.9384,7.4388
-0.25913,0.12804,0.019452,1.2641,6.6391,7.6136
-0.23995,0.12391,0.020384,1.2665,6.3087,7.7237
-0.17653,0.09073,0.050361,1.2905,6.6439,8.0038
-0.096593,0.055691,0.068614,1.4988,7.1347,8.0756
-0.0010658,0.014389,0.1295,1.4844,7.0222,7.9631
-0.015322,0.010525,0.12457,1.2977,6.7229,7.6016
-0.084069,0.034907,0.11231,1.3431,6.8857,7.5968
-0.014922,0.032109,0.019185,1.2737,6.2106,7.8099
-0.094461,0.018786,-0.041968,1.2306,6.0789,7.7859
-0.14123,0.0025314,-0.035573,1.3455,6.45,7.5537
-0.17054,0.041968,0.013723,1.3312,7.003,7.2688
-0.10485,0.081138,0.081804,1.3527,6.7445,7.5417
-0.10912,0.086867,0.11165,1.3551,6.7229,7.616
-0.11525,0.088732,0.10285,1.4126,6.5936,7.9009
-0.12217,0.056757,0.084469,1.2546,6.4021,8.0685
-0.15175,0.013456,0.081804,1.2378,6.2201,8.3486
-0.16654,-0.015721,0.017187,1.1516,6.1627,8.2983
-0.10259,-0.019185,-0.067149,1.0223,5.7509,8.2241
-0.034507,-0.044233,-0.081138,1.0894,6.2369,8.1738
-0.0030643,-0.04743,-0.078606,1.3767,6.6726,7.8099
-0.12391,-0.02145,-0.040769,1.2929,6.9815,7.4627
-0.13483,-0.029711,-0.038104,1.3719,6.8857,7.3717
-0.069147,0.030776,-0.027845,1.087,6.5577,7.9392
-0.14322,0.030377,-0.019851,1.3623,6.6176,7.6926
-0.20917,0.0013323,-0.01732,1.3312,6.7086,7.7883
-0.19598,0.062086,-0.013456,1.2426,6.766,7.3885
-0.18319,0.10738,0.05156,1.2617,7.1658,7.1587
-0.0039969,0.080072,0.016521,1.1444,6.541,7.5657
0.059421,0.082603,0.0027979,1.2043,6.6391,7.5082
0.086067,0.045432,0.010925,1.2019,6.8235,7.7069
0.12351,0.022916,0.012124,1.2091,6.7516,7.7405
0.13763,0.055824,0.025047,1.1372,6.9599,7.1419
0.16854,0.05156,0.016387,1.0894,6.7828,7.1251
0.11498,0.060887,-0.0065283,1.1923,6.6439,7.4508
0.0023982,0.043966,-0.10685,1.2474,6.3973,7.3885
-0.061153,0.045165,-0.082204,1.1564,6.6224,7.3358
-0.1339,0.03424,-0.086867,1.2091,7.1251,7.5058
-0.058888,0.042101,-0.11058,1.1588,6.8714,7.5082
-0.081404,0.032775,-0.092729,1.1971,6.8426,7.7428
-0.10858,0.011858,-0.019452,1.1947,7.1251,7.4101
0.038637,0.011325,0.029044,1.1803,6.7421,7.6543
-0.029844,0.038504,0.01692,1.1229,6.5769,7.3023
-0.17746,-0.0035972,0.021317,1.3599,6.9887,7.5489
-0.13403,0.0063951,0.033574,1.0511,6.7995,7.6543
-0.029444,0.012524,0.0054625,1.1732,6.9049,7.4699
-0.059155,0.015455,0.022649,1.3767,6.9097,7.3694
-0.11032,0.019718,0.044233,1.2498,6.6702,7.5393
-0.1291,0.033574,0.040769,1.1229,6.7253,7.6662
-0.16214,0.025047,0.040502,1.2833,6.7253,8.0038
-0.18373,0.0098591,0.048629,1.166,6.5314,8.0325
-0.19425,0.027712,0.068348,1.1516,6.7014,7.6614
-0.088466,0.026247,0.039836,1.3551,6.2944,7.6614
-0.065017,0.03544,0.037038,1.2019,6.3997,7.8219
-0.064484,0.036372,0.04783,1.1875,6.4021,7.8434
-0.083003,0.034507,0.061153,1.1899,6.4548,7.8266
-0.13536,0.023715,0.078473,1.2043,6.6295,8.0397
-0.068747,0.028112,0.061686,1.1516,6.6942,8.0637
-0.11231,0.0053292,0.042634,1.0846,6.5577,8.0876
-0.071545,-0.024515,0.069813,1.2402,6.7995,8.0038
-0.015988,0.0090597,0.045432,1.2067,6.6224,7.6207
-0.029044,0.018253,0.045032,1.1396,6.7253,7.7812
-0.052626,0.018786,0.046897,1.2713,6.5194,8.1211
-0.017986,-0.0047963,0.033441,1.3767,6.5362,7.829
0.017986,0.0058622,0.0038637,1.1923,6.4165,7.7931
-0.011724,0.0046631,0.00079939,1.1444,6.45,7.7141
-0.025447,0.0089265,-0.01319,1.1372,6.6822,7.6136
-0.042368,0.0089265,0.023848,0.93374,6.8091,7.7213
-0.055557,-0.0066616,0.051827,1.1732,7.0868,7.774
-0.023049,-0.0093262,0.06062,1.166,6.9647,7.7045
0.010126,0.023848,0.042634,1.0678,6.6559,7.4939
-0.0035972,0.0071945,0.033574,1.0271,6.6176,7.4627
-0.023582,0.012124,0.050894,1.0918,6.9504,7.6279
0.074476,-0.037971,0.043034,1.1325,6.7253,7.6734
0.058222,-0.03957,0.062885,1.1444,6.6032,7.367
0.066616,-0.039836,0.03504,1.2234,6.6295,7.3646
0.032908,-0.032375,0.094727,1.2306,6.8139,7.0557
0.042634,-0.021051,0.11977,1.245,7.0485,7.1658
0.055424,-0.027179,0.16001,1.3958,7.2808,7.3646
0.079539,-0.028645,0.19878,1.4437,7.106,7.6471
0.087533,-0.016654,0.20344,1.4653,6.8809,7.6255
-0.028112,0.013856,0.21144,1.3599,6.9456,7.4077
-0.042234,0.062086,0.23835,1.2258,6.9935,7.4268
-0.089132,0.030377,0.18772,1.2761,6.8019,8.406
-0.035839,-0.03091,0.20424,1.3982,6.7588,8.1235
0.059421,-0.021583,0.11271,1.2857,6.4835,7.695
0.022783,-0.025447,0.11778,1.4126,6.6918,7.7285
0.043167,-0.035173,0.088466,1.3048,6.5697,7.9918
0.085668,-0.033974,0.069547,1.2833,6.7229,8.0325
0.098191,-0.036372,0.073277,1.3384,6.8163,7.9464
0.11325,-0.049296,0.085534,1.3958,6.7756,8.0469
0.076608,-0.032508,0.031443,1.3264,6.1699,7.616
-0.11871,-0.027179,0.075809,1.4892,6.5841,7.501
-0.11351,-0.013723,0.076741,1.2306,6.8091,7.355
-0.0029311,-0.0050628,0.05276,1.2977,6.7014,7.6543
0.075142,-0.0081271,0.021184,1.2785,6.4021,7.7213
-0.075009,-0.022516,0.020384,1.1803,6.6702,7.4148
-0.07341,-0.0059954,-0.015455,1.4054,6.3758,7.3574
-0.18013,0.06062,-0.10352,1.3312,5.8706,7.2832
-0.24621,0.067282,-0.20238,1.3336,5.5306,7.5058
-0.31403,0.011191,-0.24288,1.4246,5.5234,7.5561
-0.23329,-0.058355,-0.2201,1.8292,7.3095,7.5585
-0.16427,-0.053825,-0.20065,1.573,7.7357,7.6567
0.0039969,-0.066482,-0.17986,1.1516,6.7876,7.8817
0.19518,-0.1335,-0.11658,1.3431,5.8514,7.999
0.25047,-0.15202,-0.13883,1.257,6.1603,6.9911
0.085801,-0.045299,-0.081538,1.494,6.7469,6.8235
0.025314,-0.0074609,-0.024781,1.5754,7.118,6.9336
0.01692,0.044899,0.014256,1.4892,7.2712,7.3047
0.1259,0.067815,0.062352,1.4174,7.197,8.0852
0.074743,0.03051,0.12244,1.3264,6.6343,8.0278
0.038637,-0.018786,0.094861,1.0726,6.3255,7.9535
0.043433,-0.020251,0.065017,1.3048,6.3566,7.8602
0.098325,-0.023715,0.05689,1.4102,6.6463,7.8937
0.15761,-0.0045299,0.047963,1.3264,6.608,7.8147
0.19598,0.0053292,0.050894,1.4174,6.6607,7.8243
0.22063,0.014123,0.066882,1.482,6.5003,7.999
0.15974,0.018786,0.060087,1.5155,6.4667,7.9033
0.074077,0.033041,0.042368,1.3192,6.3614,7.7117
0.027446,-0.033041,0.066083,1.3216,6.7469,8.2337
0.21077,-0.02638,0.089398,1.5012,6.869,7.9487
0.23649,-0.026513,0.074743,1.3192,6.5721,7.7692
0.29724,-0.041701,0.047297,1.3072,6.6607,7.7093
0.34973,0.024914,-0.0063951,1.233,6.8714,7.0677
0.27712,0.057956,-0.018119,1.3024,6.6679,7.252
0.19465,0.064484,-0.010525,1.3048,6.3782,7.3622
-0.010259,0.079806,0.030243,1.4724,6.4931,7.75
-0.10778,0.05196,0.01772,1.2378,6.4859,8.0565
-0.049962,0.039969,0.0085268,1.5227,6.5314,7.8075
0.0011991,-0.0073277,0.010792,1.4269,6.3015,7.6495
0.015721,0.032508,0.031443,1.2546,6.7181,7.2305
-0.0077274,0.037438,0.077141,1.4461,6.7947,7.6327
0.075942,-0.029178,0.10965,1.482,6.7924,7.9871
0.16308,-0.093928,0.1323,1.4844,7.1515,8.2097
0.24714,-0.10845,0.12204,1.312,7.2089,8.2193
0.34227,-0.13696,0.12271,1.166,6.596,7.8123
0.38983,-0.19998,0.13523,1.3168,6.6846,7.7261
0.40036,-0.16347,0.1323,1.3072,7.1826,6.9384
0.37505,-0.068614,0.10792,1.4892,7.1443,6.3662
0.18919,0.0078606,0.054625,1.4006,6.7493,6.3518
-0.11338,0.11151,0.018652,1.6089,6.7062,7.1299
-0.11045,0.092862,0.006928,1.6783,6.8139,7.6399
-0.11351,0.086201,-0.0049296,1.5682,7.0126,7.5058
-0.04783,0.089665,-0.0059954,1.4317,6.4883,7.8769
0.00039969,-0.0071945,0.046098,1.2881,6.4021,7.9296
-0.0050628,-0.023715,0.035173,1.2713,6.4811,7.695
-0.010792,-0.012257,0.01359,1.233,6.4835,7.5058
-0.011191,-0.023982,0.0057289,1.4102,6.4117,7.5824
-0.040502,-0.032242,-0.015055,1.3671,6.3997,7.6854
-0.040636,-0.05649,-0.058089,1.5131,6.0334,7.7045
-0.057289,-0.058888,-0.044632,1.4102,6.6798,7.4364
-0.043034,-0.04743,-0.044499,1.2833,6.7253,7.3909
0.003464,-0.053026,-0.012657,1.233,7.0461,7.4891
0.013057,-0.039436,0.017054,1.3695,7.1802,7.4555
0.01319,-0.025714,0.04783,1.5275,7.525,7.0701
0.067415,-0.00866,0.085401,1.5562,7.0797,7.2113
0.061686,-0.015855,0.089931,1.391,6.8331,7.4747
0.026913,-0.012524,0.055025,1.5586,6.6415,7.4053
-0.076075,-0.026513,0.01319,1.4365,6.5745,7.4603
-0.15481,-0.045832,0.0090597,1.5874,6.5697,7.58
-0.11898,-0.032375,0.0037305,1.6161,6.9121,7.0677
-0.10792,-0.0062619,0.0046631,1.4509,7.1874,6.7804
-0.075009,0.0027979,0.013989,1.403,7.1826,7.1108
-0.0085268,-0.0047963,0.029844,1.4724,6.9121,7.4771
-0.027446,-0.0053292,0.019052,1.6113,7.0318,7.1946
-0.045565,0.010525,0.0074609,1.3982,6.9288,7.2233
-0.051161,0.014256,-0.015721,1.4916,6.9216,7.3741
-0.11604,-0.029844,-0.040369,1.5275,6.6463,7.6303
-0.055824,-0.028511,-0.036372,1.3838,6.9863,7.367
-0.032908,-0.024648,-0.00053292,1.2498,7.2209,7.2161
-0.014922,0.0055957,0.014922,1.4868,7.1826,7.082
0.11098,0.0054625,0.028511,1.5227,6.7493,7.2568
0.027845,0.0057289,0.013057,1.4222,7.0318,7.2449
-0.05649,0.035706,0.0015988,1.3934,6.7493,7.2137
-0.11684,0.032375,-0.020917,1.3551,6.8738,7.3047
-0.10152,0.014922,0.010259,1.391,7.1299,7.4101
0.091663,-0.016121,0.021583,1.5131,6.9264,7.3215
0.10432,-0.0057289,0.021317,1.5323,6.9312,7.2544
0.062619,-0.0090597,0.011991,1.4892,6.869,7.3263
0.0065283,-0.0026646,-0.00053292,1.5251,6.8618,7.2592
-0.1327,0.011058,0.0058622,1.4724,6.7564,7.4268
-0.083003,-0.0081271,-0.0093262,1.4964,6.9719,7.5537
-0.045832,-0.029444,-0.018119,1.4868,6.8331,7.5369
-0.064884,-0.038904,-0.016387,1.4078,7.0222,7.4915
-0.0075942,-0.011458,0.0019985,1.47,6.9791,7.6207
-0.0058622,-0.024115,0.00093262,1.4293,6.8426,7.9272
-0.042234,-0.029711,-0.00079939,1.4485,6.8761,7.6782
-0.08327,-0.053559,-0.034107,1.5251,6.5984,7.9248
-0.097659,-0.055957,-0.015455,1.5107,6.4404,7.7979
-0.11365,-0.052893,-0.039836,1.4246,6.3398,7.7117
-0.13989,-0.05236,-0.085668,1.4676,6.2321,7.7548
-0.14975,-0.046364,-0.084335,1.5131,6.371,7.6806
-0.18786,-0.048629,-0.063152,1.6807,6.5697,7.5537
-0.18999,-0.046498,-0.057423,1.4772,6.7397,7.616
-0.093662,-0.042101,-0.034507,1.4485,6.4643,7.5824
-0.068214,-0.06102,-0.070479,1.5203,6.3398,7.7883
-0.11431,-0.068348,-0.084202,1.4844,6.1723,7.7548
-0.12351,-0.051028,-0.10965,1.2905,6.2297,7.592
-0.14416,-0.037438,-0.10579,1.4557,6.5673,7.6064
-0.16148,-0.031176,-0.097792,1.5155,6.5984,7.6088
-0.17187,-0.014256,-0.084335,1.4772,6.4428,7.6399
-0.19025,0.0077274,-0.071145,1.4533,6.5745,7.5417
-0.23649,0.011724,-0.06142,1.3431,6.5649,7.5346
-0.27232,0.020251,-0.054225,1.3384,6.462,7.7716
-0.23542,0.019585,-0.039703,1.3623,6.4452,7.5082
-0.24315,0.034907,-0.046098,1.5251,6.6463,7.7596
-0.21264,-0.048363,-0.063685,1.2617,6.4739,7.8673
-0.1363,-0.047164,-0.068214,1.3384,6.3949,7.9511
-0.082603,-0.070879,-0.050894,1.3958,6.4931,7.5968
-0.094194,-0.03544,-0.036372,1.403,6.6607,7.3023
-0.16667,-0.0030643,-0.018253,1.3671,6.7373,7.1228
-0.23768,-0.0058622,0.0041302,1.494,6.6607,7.4603
-0.23289,-0.016387,0.027712,1.3958,6.8714,7.7428
-0.18346,-0.0437,0.06968,1.6209,7.2688,7.5609
-0.054758,-0.034773,0.075142,1.4988,7.1132,7.3813
-0.010525,-0.025847,0.076342,1.4533,7.1754,7.4316
-0.049429,-0.016787,0.081804,1.506,6.9456,7.5106
-0.086467,-0.025181,0.068747,1.4844,6.8043,7.6088
-0.079672,-0.011191,0.11498,1.4413,6.5912,7.4436
-0.013323,-0.026513,0.10046,1.8244,6.7684,7.6279
0.050894,0.027712,0.03877,1.5706,6.8426,7.2401
0.080738,0.026247,0.044499,1.6089,6.9647,7.2808
0.069946,0.063152,0.031842,1.3862,6.9264,7.4555
0.042101,0.096459,-0.0065283,1.5371,6.857,7.513
0.2185,0.10032,-0.017187,1.5347,7.1299,7.6255
0.23302,0.029311,0.033041,1.5371,7.501,7.5633
0.33148,0.0098591,-0.0099923,1.3312,6.9097,8.0349
0.23009,-0.05236,-0.025047,1.3503,6.9001,7.9464
0.20251,-0.048096,-0.043833,1.4964,6.9647,7.355
-0.017054,0.0058622,-0.076741,1.3192,6.8642,7.0054
-0.022916,0.013856,-0.09153,1.2929,6.6487,7.0629
-0.018652,0.0021317,-0.094594,1.3001,6.7516,6.9384
-0.047697,0.066882,-0.094994,1.2905,6.9288,7.0222
-0.027579,0.014123,-0.07008,1.3671,7.4771,7.2975
0.087533,-0.046364,-0.046231,1.3336,7.4603,7.7237
0.1764,-0.075675,-0.023449,1.3312,7.3287,7.5106
0.17187,-0.095394,-0.0023982,1.3168,7.2568,7.3622
0.11791,-0.080472,-0.0018652,1.3168,7.4603,6.8019
0.12617,-0.058622,0.021051,1.2905,7.4867,6.675
0.18732,-0.057956,0.024381,1.324,7.0677,6.7756
0.18346,0.012257,-0.0045299,1.2306,6.9192,6.3758
-0.041035,0.064884,-0.048896,1.2785,6.8043,6.7684
-0.14842,0.042501,-0.083936,1.312,6.5122,7.3215
-0.16854,0.0062619,-0.10938,1.2378,6.2848,7.4364
-0.11951,-0.024648,-0.10952,1.2258,6.869,7.355
-0.068881,-0.062619,-0.087,1.2929,7.0749,7.2832
-0.032908,-0.085135,-0.060753,1.2929,7.3478,6.9264
0.10086,-0.009193,-0.049695,1.2474,7.4196,6.2728
0.0099923,0.019985,-0.059821,1.3862,7.1371,6.3303
-0.11072,0.010525,-0.06968,1.4533,7.2065,7.0102
-0.07874,0.011858,-0.08287,1.2498,7.343,7.0078
-0.037038,0.012257,-0.098858,1.3168,7.5034,6.7516
-0.04743,-0.0061286,-0.058755,1.4174,7.7955,6.7924
0.10046,-0.019052,-0.028112,1.4796,7.9033,6.8091
0.19905,-0.048363,0.017187,1.5155,7.8626,7.0892
0.23755,-0.081671,0.017187,1.4964,7.6471,7.2042
0.20344,-0.080072,-0.027179,1.4509,7.4292,6.79
0.13083,-0.063152,-0.019718,1.3527,7.5441,6.7421
0.011858,-0.02638,0.0050628,1.5251,7.9607,6.5697
-0.076475,0.0019985,0.092995,1.4653,8.2456,6.5769
0.026913,-0.015188,0.089132,1.3982,7.7117,6.9121
0.071412,-0.025047,0.053426,1.3312,7.4124,7.0126
0.080072,-0.0030643,0.032642,1.2929,7.2018,7.1395
0.06142,-0.036639,0.023715,1.3886,7.2999,6.9719
0.017054,-0.010792,0.044766,1.3144,7.695,6.8067
0.06062,0.011458,0.089798,1.2761,7.8362,6.7947
0.18253,0.00039969,0.12124,1.3575,7.6495,6.9336
0.21663,-0.010126,0.11245,1.4078,7.4651,6.9959
0.24901,-0.014522,0.090597,1.2761,7.4484,6.9336
0.26873,0.0085268,0.053559,1.2905,7.3334,6.7684
0.172,0.034907,0.0082603,1.3048,7.2784,6.8881
0.2558,0.02598,-0.020651,1.3431,7.2065,7.0246
0.36985,0.037571,-0.055025,1.3072,7.5274,6.7756
0.49336,0.040236,-0.063685,1.3599,7.829,6.6655
0.71026,0.011991,-0.034107,1.2857,8.2337,6.7014
0.81311,0.026247,0.033441,1.336,8.3582,6.5529
0.9089,0.056757,0.045832,1.2785,8.5329,6.2776
1.0369,0.077141,0.04783,1.3575,8.5066,6.2656
1.1325,0.11418,0.067548,1.3982,8.4132,5.9831
1.1747,0.11977,0.066216,1.4174,8.3055,6.3566
1.2068,0.11058,0.062752,1.4605,8.4228,6.5721
1.2268,0.036372,0.12071,1.4796,8.2648,6.8474
1.2756,-0.021051,0.11898,1.2881,8.1762,6.7373
1.3395,-0.087266,0.096593,1.3312,7.8578,6.7493
1.5083,-0.12577,0.079806,1.3144,7.999,6.2537
1.5537,-0.19891,0.13296,1.3431,8.3725,5.9616
1.6317,-0.18386,0.19612,1.5155,9.1267,5.3127
1.7046,-0.14536,0.30084,1.4772,9.1004,5.0374
1.5034,-0.094061,0.36039,1.7549,9.6103,4.5825
1.4615,-0.0083936,0.24261,1.4916,8.4827,4.4772
1.4217,0.052493,0.10632,1.6113,8.2145,5.1404
1.3899,0.041968,0.047164,1.5826,8.1906,5.5498
1.3519,-0.055957,-0.018119,1.7071,8.2001,5.9927
1.3956,-0.069946,-0.077674,1.573,7.9416,5.782
1.5832,-0.15908,-0.20198,1.2953,7.6998,5.296
1.6093,-0.18026,-0.19199,1.5658,8.3199,4.798
1.5537,-0.19652,-0.11285,1.4198,8.77,4.3144
1.5529,-0.15708,-0.093129,1.6065,8.8442,3.5291
1.5387,-0.10925,-0.097392,1.4964,8.9256,3.4189
1.534,-0.060354,-0.11991,1.6735,8.7819,3.7661
1.5492,-0.043167,-0.16028,1.4126,8.6095,3.869
1.5066,-0.037172,-0.1696,1.4892,8.7747,3.6392
1.3831,-0.076475,-0.1784,1.6592,8.8873,3.8547
1.319,-0.11511,-0.29484,1.3719,8.6407,3.8092
1.09,-0.11551,-0.25087,1.6065,9.4332,3.4093
0.959,-0.1315,-0.18759,1.6783,9.6726,3.3543
0.98111,-0.11098,-0.045032,1.4533,10.214,2.8419
1.0781,-0.040369,0.027712,1.4916,10.18,2.727
1.0631,-0.042234,0.035306,1.3862,9.5074,3.2082
1.082,-0.035306,0.030643,1.3001,9.1171,3.3255
1.0896,-0.099657,0.097659,1.4269,9.7085,2.8395
0.94621,-0.073943,0.097392,1.4054,9.809,2.3511
0.91437,-0.058755,0.078473,1.494,9.5864,2.4349
0.91383,-0.034907,0.055025,1.4269,9.4355,2.7701
0.96233,-0.082603,0.022783,1.3431,9.0764,2.9544
0.99724,-0.11271,0.0039969,1.3934,8.9854,3.0598
0.73184,-0.16294,0.048096,1.5036,9.5026,2.1835
0.60793,-0.16028,0.052626,1.4724,9.7205,1.9393
0.49176,-0.085002,0.046498,1.2426,9.8521,1.2953
0.47457,-0.011591,0.03011,1.3743,9.7492,1.3408
0.58528,0.019718,-0.0090597,1.2426,9.572,1.6161
0.68108,0.0038637,0.0065283,1.4198,9.5553,1.7047
0.69853,-0.019185,0.021983,1.2402,9.7276,1.6592
0.72131,-0.0025314,-0.0095926,1.3551,9.6007,1.8483
0.90637,-0.032642,-0.099124,1.3671,9.2081,1.5562
0.89252,-0.078873,-0.053559,1.3072,9.232,1.7071
0.75062,-0.09606,-0.00079939,1.4868,9.8497,1.4246
0.64284,-0.12577,0.021051,1.4246,9.7803,1.4916
0.61246,-0.1243,0.0042634,1.4892,9.3111,1.2905
0.28405,-0.072877,-0.0018652,1.3048,9.4786,0.3735
0.0090597,-0.035306,-0.0095926,1.4748,9.5984,0.29449
-0.15468,0.017853,-0.032775,1.5203,9.6462,0.43814
0.085401,0.04823,-0.14815,1.1372,9.4571,0.73263
0.33294,-0.047963,-0.076475,1.2929,10.001,0.83079
0.31056,-0.033841,0.060753,1.3647,10.448,-0.0047884
0.17666,0.040636,0.0866,1.47,10.305,-0.057461
0.044632,0.05196,0.059554,1.1851,9.9072,0.38786
-0.03464,-0.023182,0.0054625,1.1133,9.3326,0.67516
-0.28805,-0.053426,-0.12204,1.0989,9.0453,0.18675
-0.39223,-0.012923,-0.17134,1.2498,9.7659,0.18435
-0.348,0.026113,-0.052893,1.3503,10.482,0.10534
-0.1696,0.037438,-0.050894,1.1564,9.8737,0.4525
-0.22556,-0.042501,-0.031576,1.3192,9.7276,0.82361
-0.33228,-0.063551,-0.06102,1.4054,9.6271,0.91698
-0.37771,-0.061153,-0.088865,1.3216,9.426,0.78051
-0.44499,-0.067149,-0.073144,1.2689,9.7468,0.5363
-0.27819,-0.022649,-0.099923,1.2594,10.503,-0.11492
-0.1704,0.017187,-0.053159,0.96965,10.424,0.07422
0.019052,0.059021,0.029311,1.1061,10.707,0.1652
0.048363,0.066216,0.046098,1.2091,10.238,0.72544
0.067548,-0.01692,0.037438,1.3671,9.6462,1.4772
0.056623,-0.039969,-0.015455,1.1995,9.572,1.3934
-0.0022649,-0.090064,-0.061153,1.2186,9.7444,1.2785
-0.12324,-0.15188,-0.055025,1.4198,10.041,1.5443
-0.14282,-0.21663,-0.025047,1.3743,10.171,1.6783
-0.12817,-0.26127,-0.016387,1.3743,9.8474,1.585
-0.052493,-0.29604,-0.023848,1.1157,9.6702,1.4988
0.12057,-0.28192,-0.023982,0.95289,9.5768,0.90501
0.42194,-0.17866,-0.015188,1.3503,9.9695,0.26576
0.46538,-0.11405,-0.018253,1.2426,10.135,0.40223
0.43553,-0.067415,-0.011724,1.2258,10.221,0.48123
0.3496,-0.028112,-0.003464,1.2857,10.101,1.2761
0.38277,-0.041435,-0.0075942,1.324,9.7348,1.6257
0.4302,-0.086867,-0.038904,1.4868,9.8019,1.5251
0.46444,-0.11831,-0.022649,1.3264,9.8474,1.4389
0.51494,-0.086334,-0.037305,1.0798,9.6654,0.73741
0.51361,-0.031576,-0.011458,1.1301,9.5122,0.31364
0.4346,-0.00093262,-0.0089265,1.1301,9.8043,0.064643
0.23529,0.075409,-0.066749,1.1636,9.5265,0.68953
0.23142,0.057822,0.025181,1.3001,9.7157,0.89304
0.17347,0.10432,0.0031975,1.3647,10.168,0.11732
0.081671,0.10952,-0.00026646,1.4461,10.046,0.17238
0.075142,0.079406,0.024381,1.391,9.7875,0.67038
0.26127,0.034907,0.029044,1.3958,9.3278,0.58658
0.34294,0.052227,0.032642,1.4413,9.5313,0.4549
0.48576,0.075675,-0.044366,1.1708,9.0405,0.11013
0.33255,0.12963,-0.10499,1.1947,9.2632,-0.11013
0.10379,0.16454,-0.080205,1.2091,9.5098,0.050278
-0.058888,0.13456,-0.018253,1.3886,10.082,0.62968
-0.067015,0.09113,0.014522,1.4102,10.113,0.77093
-0.013856,0.048096,0.064484,1.3336,10.381,0.90261
0.041035,0.044632,0.11191,1.3671,10.209,0.5794
0.20384,0.044499,0.1347,1.0056,9.754,0.52672
0.2626,0.067149,0.023049,0.87867,9.2512,0.22505
0.26686,0.043833,0.0042634,1.1013,9.5481,0.46208
0.32309,-0.026247,0.040636,1.3048,10.113,0.56743
0.3532,-0.035706,0.034907,1.2833,9.9886,0.13647
0.43114,-0.033974,0.093395,1.3192,9.9144,0.043096
0.43993,0.024914,0.1772,1.5251,10.257,-0.48842
0.16081,0.04783,0.28085,1.0774,10.156,0.059855
0.025847,0.015855,0.25754,0.94332,9.5217,0.67038
-0.043567,-0.066482,0.25101,1.0463,9.4308,0.96247
-0.038504,-0.13523,0.2137,1.0774,9.5672,0.53151
-0.046631,-0.11724,0.20771,1.221,9.8809,0.07422
0.021583,-0.09526,0.20038,1.0894,10.257,-0.56264
0.14282,0.052893,0.12644,1.1037,9.9383,-0.39025
0.078473,0.087533,0.14749,1.2258,10.116,-0.55545
0.059421,0.10086,0.11525,1.3144,10.041,-0.58419
0.043167,0.13137,0.053692,1.47,9.402,-0.079009
-0.29311,0.085934,0.031176,1.3886,9.5792,0.32322
-0.32575,0.081804,0.013057,1.5586,9.6438,0.52912
-0.42061,0.063551,-0.02598,1.506,9.7683,0.25379
-0.56823,0.090597,-0.01359,1.6376,9.9742,0.19872
-0.42554,0.058489,0.0074609,1.561,10.412,0.54348
-0.17107,0.065949,0.017986,1.4174,10.379,0.35674
0.022916,0.079939,0.022783,1.494,10.104,0.42138
0.15015,0.049962,-0.0054625,1.4772,9.6247,0.35674
-0.025314,0.055557,-0.065816,1.4509,9.3853,0.5363
-0.15282,0.070213,-0.0023982,1.5897,9.6893,0.43335
-0.24594,0.071412,-0.024248,1.5347,9.5265,0.31125
-0.31749,0.081538,-0.040902,1.4892,9.505,0.0047884
-0.32535,0.092063,-0.031043,1.6305,9.8426,0.32082
-0.27472,0.10619,-0.028645,1.4365,9.8426,0.61052
-0.22809,0.10339,-0.07008,1.3455,9.7181,0.57461
-0.20531,0.099923,-0.058089,1.3575,9.5337,0.826
-0.01359,-0.0022649,-0.040236,1.4126,9.9551,0.88346
0.056224,-0.01359,-0.036239,1.5012,9.7396,0.50278
-0.058622,-0.057423,-0.019718,1.3048,9.6414,0.577
-0.05156,-0.047564,0.0019985,1.336,9.845,0.76136
-0.064217,-0.045565,-0.033175,1.3743,9.9599,0.36152
-0.10872,-0.017187,-0.0043966,1.2019,10.013,0.2466
-0.17666,-0.0038637,0.029178,1.336,10.266,0.50518
-0.23156,-0.0035972,-0.019851,1.3767,9.5864,0.56024
-0.27139,-0.020251,-0.031976,1.2163,9.7276,0.76375
-0.15601,-0.046498,-0.030377,1.2761,9.9168,0.83318
-0.093395,-0.088332,-0.01319,1.3599,9.9216,0.7039
-0.18532,-0.083136,0.0083936,1.2905,10.082,0.5387
-0.35106,-0.013989,0.064884,1.3455,10.147,0.71108
-0.37891,-0.029844,0.094461,1.2713,10.214,1.063
-0.22862,-0.07341,0.11738,1.3695,10.065,1.1037
-0.15988,-0.07421,0.092462,1.2881,9.9,0.92895
-0.18706,-0.080472,0.07834,1.1947,9.5505,1.0582
-0.26273,-0.11564,0.03424,1.233,9.3326,1.4605
-0.39756,-0.1772,0.055424,1.1109,9.7995,1.5227
-0.48017,-0.17813,0.053692,1.2426,9.8641,1.221
-0.59581,-0.17986,0.052093,1.3958,10.192,1.1157
-0.57556,-0.15122,0.054891,1.3671,10.106,0.77812
-0.57716,-0.11751,0.051161,1.3503,10.166,0.68714
-0.3857,-0.067548,0.065417,1.4293,10.084,0.96726
-0.2618,-0.067149,0.066349,1.5706,9.9096,1.2905
-0.18186,-0.078074,0.060354,1.4748,9.675,1.3024
-0.14389,-0.098325,0.015055,1.4772,9.4499,1.4892
-0.16174,-0.10405,0.0049296,1.6137,9.6175,1.4102
-0.23209,-0.088865,-0.0049296,1.652,9.7947,1.3312
-0.29604,-0.090064,-0.053026,1.5179,9.3494,1.2115
-0.3067,-0.056757,-0.04743,1.5945,9.7013,0.96965
-0.21344,-0.057689,-0.038371,1.5562,9.833,1.1756
-0.11618,-0.017187,-0.078074,1.494,9.4427,0.84515
-0.16654,0.032775,-0.11058,1.5802,9.3733,0.69671
-0.33401,0.059021,-0.089132,1.5179,9.6055,1.0798
-0.2634,0.056357,-0.071545,1.6712,9.6989,1.5131
-0.13989,0.027712,-0.13296,1.3599,9.0573,1.9369
-0.049828,-0.029844,-0.15095,1.3719,8.7388,1.9297
-0.036106,-0.057023,-0.1339,1.2689,8.928,1.4533
-0.027046,0.0085268,-0.15335,1.6999,10.029,0.80206
0.14162,0.027312,-0.09193,1.4557,10.008,0.92895
0.22916,0.0082603,-0.012923,1.3575,10.374,1.0439
0.21224,0.0046631,0.00079939,1.4605,10.386,1.0271
0.17413,-0.087933,0.050495,1.5131,10.029,1.4605
0.15122,-0.10445,0.041701,1.3216,9.9168,1.3767
0.081937,-0.10765,0.037571,1.257,9.7707,1.087
0.043034,-0.10858,0.025047,1.2258,9.7827,0.9912
-0.012524,-0.093928,-0.012923,1.4724,9.742,0.56024
-0.037704,-0.096193,-0.049962,1.3575,9.7181,0.63925
0.025447,-0.10419,-0.052626,1.1205,9.6726,0.80206
0.1275,-0.1347,-0.042368,1.0199,10.001,1.0319
0.24035,-0.13936,0.019718,1.3695,10.839,0.58179
0.23342,-0.10712,0.030643,1.1708,10.697,0.28012
0.083802,-0.01319,0.0015988,1.0846,9.7947,0.32801
-0.031576,-0.017853,-0.0042634,1.1253,9.5241,0.45011
-0.08247,-0.015455,-0.020651,1.0247,9.572,0.47884
-0.043034,-0.0043966,-0.067548,1.0511,9.6199,0.42856
-0.082204,0.020917,-0.074476,1.2426,9.9742,0.30885
-0.018519,0.013456,-0.094994,1.1923,9.8857,0.80685
0.040902,-0.0099923,-0.10059,1.0008,9.5457,1.2163
0.035972,-0.11405,-0.14189,0.93134,9.7995,1.2761
0.062219,-0.11191,-0.12217,0.91937,10.125,0.56503
-0.038637,-0.099257,-0.11538,1.1229,10.123,0.031125
-0.018119,-0.017986,-0.12404,1.2234,9.9335,-0.02873
0.049162,0.033708,-0.13843,0.9912,9.8234,0.021548
0.085801,0.047963,-0.14735,1.1492,9.833,0.30167
0.089798,0.075809,-0.12604,0.77093,9.742,0.02873
0.077807,0.13017,-0.15188,1.1947,9.5217,-0.22745
-0.023982,0.15548,-0.16534,1.0056,9.5217,0.023942
-0.16081,0.17666,-0.1776,0.91937,9.3589,0.34716
-0.27246,0.16681,-0.13829,1.1037,9.5361,0.48602
-0.29711,0.15921,-0.12391,1.1923,10.314,0.59376
-0.11804,0.12377,-0.066216,0.99838,10.429,1.1851
0.092862,0.093928,-0.040502,0.95529,9.9335,1.3312
0.22716,0.084335,-0.14269,1.0008,9.1291,0.56743
0.0045299,0.10645,-0.17813,0.88585,9.1459,0.80685
-0.085135,0.10685,-0.16587,0.90261,9.2464,0.92656
-0.16547,0.090864,-0.17027,0.88107,9.6965,0.826
-0.13017,0.051161,-0.19079,0.73981,9.5457,0.7039
-0.13723,0.03464,-0.16787,0.81403,9.7875,0.55306
-0.22902,0.03011,-0.14389,0.90501,10.104,0.40462
-0.19345,0.0041302,-0.12351,0.88107,10.259,0.51236
-0.018919,0.0079939,-0.050495,0.94332,10.118,0.50996
0.079939,-0.02558,-0.026113,0.88346,10.369,0.49081
0.17813,-0.011325,-0.01359,0.66319,10.295,0.079009
0.18572,0.019585,0.0059954,0.69192,10.07,-0.14844
0.023982,0.039969,-0.036372,0.78051,9.6869,0.31843
-0.0021317,0.022783,-0.04823,0.88825,9.9096,0.36871
-0.053692,-0.036106,-0.017853,0.89304,10.108,0.76136
-0.024515,-0.056224,0.0035972,1.1013,10.3,0.4525
0.03544,-0.062485,0.057423,0.79966,10.125,-0.011971
0.11058,-0.041435,0.00013323,0.83558,9.991,-0.17717
0.13403,-0.0054625,0.023582,0.67756,9.845,-0.21787
0.037438,0.027046,0.0046631,1.0702,9.9431,-0.31603
-0.026779,0.039703,0.0071945,0.9481,10.06,0.019154
-0.08247,0.035972,-0.0074609,0.88107,9.663,0.43574
-0.11018,0.033841,0.001732,0.94571,9.9264,0.46687
-0.074476,-0.0018652,0.012923,0.9098,10.06,0.78051
0.053159,-0.068214,0.045032,0.86431,10.238,0.5387
0.097126,-0.0429,0.059155,0.76375,10.116,0.088585
0.088732,-0.017986,0.067015,0.94571,10.104,0.21548
0.052093,0.0046631,0.083936,0.79009,9.9024,0.3711
0.019452,0.014789,0.077807,0.77812,9.7803,0.59616
-0.025181,0.023182,0.066616,0.80206,9.6031,0.577
-0.080738,0.010658,0.049695,0.92177,9.6247,0.78051
-0.085268,-0.013456,0.048096,0.9098,9.7803,1.0367
-0.040636,-0.037172,0.061553,1.0343,9.7803,1.0702
0.15855,-0.10019,0.04743,0.93853,9.7133,0.7015
0.13656,-0.029311,0.04783,1.0223,9.912,-0.035913
0.02598,-0.033841,0.044766,0.95768,10.226,-0.021548
-0.047697,0.054358,0.03424,1.0319,9.809,0.15323
-0.076741,0.081538,0.020651,0.8691,9.8809,0.24421
-0.12044,0.060087,0.027712,0.9074,9.9982,0.85712
-0.1307,0.0019985,0.036372,0.89783,9.9719,1.3551
-0.11871,-0.029711,0.037305,0.9098,9.9934,1.1109
-0.11804,-0.046231,0.014922,0.77812,10.082,0.6608
-0.080871,-0.028778,0.02185,0.7829,9.9407,0.75657
0.013989,-0.015988,0.058222,0.88585,10.329,0.54588
0.042101,0.005196,0.081671,0.90261,10.087,0.61052
0.0078606,0.0047963,0.059954,0.87149,9.8713,0.62728
-0.00866,0.033841,0.038504,0.63207,9.6798,0.84276
-0.050894,-0.0046631,0.019185,0.78051,9.5146,0.65601
-0.17054,-0.0063951,0.031976,0.82121,10.005,0.47405
0.045832,0.0045299,0.032375,0.90261,9.7899,0.42617
0.05649,0.017187,0.05236,0.79966,9.8785,0.42377
0.032109,0.015055,0.060753,0.7853,9.8138,0.38307
0.0082603,0.058355,0.042634,0.80685,9.6654,0.22027
-0.093662,0.068081,0.026779,0.75417,9.3613,0.98641
-0.12164,-0.023715,0.028378,0.83318,9.7324,0.80685
-0.097659,-0.02558,0.016787,0.76614,9.7707,0.55306
-0.080871,-0.010392,0.016654,0.82361,9.8833,0.28252
-0.069014,0.032908,0.035173,0.87867,10.096,0.30885
-0.055957,0.011458,0.040636,0.87867,9.9862,0.18675
-0.033175,-0.0061286,0.060487,0.76854,9.912,0.58419
-0.0029311,-0.0070613,0.03504,0.84515,10.022,0.44532
-0.011591,-0.033175,0.086467,0.90261,10.274,0.51236
0.027979,-0.060887,0.068348,1.0678,10.221,0.51715
0.09566,-0.058489,0.11711,0.84515,10.206,0.33998
0.10885,-0.060354,0.11911,0.87388,10.25,0.2873
0.050361,-0.07421,0.11111,0.79487,10.125,0.17238
0.011858,-0.10592,0.14269,1.0127,10.259,0.18435
-0.010525,-0.10525,0.16401,0.84994,10.082,-0.071826
-0.021983,-0.13496,0.15561,0.95289,10.104,-0.27773
-0.020784,-0.081138,0.15881,0.94092,9.9048,-0.33758
-0.01692,-0.058755,0.16014,0.98881,9.809,-0.40941
-0.05236,-0.025181,0.17786,1.2234,9.8809,-0.39744
-0.063818,-0.00066616,0.19385,1.2115,9.9407,-0.17478
-0.058489,-0.064084,0.22783,1.3096,9.9742,0.11971
-0.068214,-0.11231,0.26566,1.3384,9.9216,0.22505
-0.042767,-0.18506,0.32215,1.3312,9.8258,-0.10295
-0.031576,-0.22356,0.32522,1.3264,9.821,-0.28491
0.045698,-0.20997,0.3047,1.3288,9.3565,-0.64165
0.048096,-0.17733,0.2209,1.2354,9.0453,-0.63686
-0.047164,-0.1704,0.18666,1.3767,9.1985,-0.77812
-0.12351,-0.088466,0.16667,1.4964,9.7468,-0.65122
-0.13749,-0.05689,0.13923,1.4198,9.6319,-0.46208
-0.13883,0.05276,0.047031,1.1468,9.8665,-0.047884
-0.089265,0.036905,0.040369,1.0965,9.9958,0.0071826
0.052493,0.080605,0.046498,1.1827,10.027,-0.0047884
0.087799,0.13043,0.01279,1.2019,9.6319,0.19393
0.048896,0.13789,0.027446,1.2091,9.7971,0.13886
0.013057,0.14775,0.038104,1.3072,9.9024,0.023942
-0.011858,0.17253,0.067015,1.3431,9.6558,0.19393
-0.024515,0.18079,0.0037305,1.3144,9.5122,0.30646
-0.042101,0.22649,-0.020384,1.3575,9.6391,0.25139
0.081671,0.19159,-0.048763,1.4293,10.101,1.154
0.066216,0.17453,-0.064884,1.3024,9.8617,0.9912
-0.020518,0.17706,-0.073677,1.2665,9.9072,0.84036
-0.059288,0.20571,-0.040769,1.1061,9.4667,0.82361
-0.14855,0.20185,-0.0022649,1.2043,9.7324,0.63686
0.17493,0.090064,-0.029577,1.3072,9.5936,0.81642
0.20038,0.024115,-0.0041302,1.4389,9.9766,0.96965
0.21877,0.033708,-0.012391,1.3455,9.8402,0.91219
0.18279,0.034507,-0.017853,1.3264,9.7324,0.59616
0.089398,0.15641,-0.033574,1.2139,9.8378,0.68474
0.081937,0.16681,0.014922,1.2378,10.003,0.70868
0.071678,0.19065,0.026247,1.154,9.9982,0.57221
0.0021317,0.26313,0.053026,1.3384,10.242,0.48602
0.0054625,0.14815,0.040636,1.1516,9.7875,0.88585
0.042767,0.172,-0.017853,1.0846,9.5265,1.0104
0.019452,0.12164,-0.039303,1.3336,9.4475,1.4174
-0.029977,0.053426,-0.02558,1.3192,9.7348,1.3958
-0.027979,0.010525,-0.036639,1.142,9.8857,0.93853
-0.049429,-0.017587,-0.027046,1.1708,9.9359,0.83558
-0.044899,-0.046098,0.024248,1.2641,10.214,0.75896
-0.15561,-0.10752,0.019052,1.2354,9.6845,0.89543
-0.13923,-0.065283,0.0066616,1.0247,9.7109,0.71347
-0.15055,-0.06515,0.0062619,1.1779,9.6702,0.65362
-0.10405,-0.079672,-0.033974,1.1372,9.6271,0.77093
-0.17067,-0.079006,0.0058622,1.2617,9.7947,0.85473
-0.23542,-0.072877,0.032642,1.221,9.9311,1.0415
-0.21424,-0.070613,0.001732,1.2234,9.8306,1.3072
-0.20318,-0.13283,-0.00079939,1.2186,9.8881,1.2306
-0.15535,-0.14509,0.0049296,1.1516,9.8378,1.1133
-0.14682,-0.16987,0.011325,1.3551,9.8426,1.087
-0.11231,-0.16894,0.017587,1.3551,10.06,0.93613
-0.032242,-0.16507,0.014522,1.1277,9.8306,0.94332
-0.22023,-0.15735,0.027712,1.221,9.809,0.82839
-0.29324,-0.17054,0.023049,1.2689,9.7995,0.91937
-0.28472,-0.15015,0.022116,1.2881,9.7612,1.3384
-0.21397,-0.18186,0.024381,1.5251,9.7707,1.312
-0.1251,-0.20118,-0.0059954,1.2737,9.6199,1.0606
-0.069946,-0.18306,-0.031043,1.1947,9.3063,0.71347
-0.18599,-0.15868,-0.048763,1.2354,9.4882,0.8667
-0.13803,-0.11578,-0.04783,1.2522,9.8785,0.59616
-0.15575,-0.094194,-0.051028,1.2258,9.9072,0.39983
-0.16907,-0.041035,-0.069946,1.2665,9.7755,0.23703
-0.18519,-0.010925,-0.10485,1.2594,9.4284,0.13886
-0.25087,0.015721,-0.12217,1.1061,9.5289,0.3711
-0.37411,0.0073277,-0.12524,1.2785,9.5984,1.2378
-0.24754,-0.10166,-0.073677,1.2258,10.046,1.5993
-0.11964,-0.13057,-0.063152,1.1085,10.178,1.3503
-0.049429,-0.10339,-0.054092,1.2234,10.051,0.81163
-0.068214,-0.064351,-0.064351,1.0247,9.8162,0.85234
-0.046764,-0.039436,-0.050495,1.075,9.8043,1.1516
-0.14282,-0.031976,-0.053159,1.0511,9.663,1.312
-0.16387,-0.030377,-0.06968,1.0654,9.5816,1.4246
-0.18945,-0.036639,-0.11818,0.82839,9.4092,1.3982
-0.20891,-0.13177,-0.07874,1.1875,10.104,1.6568
-0.17147,-0.16481,-0.031176,1.2091,10.262,1.822
-0.067815,-0.14575,0.014522,1.1444,10.171,1.0894
0.07341,-0.023582,0.003464,1.1396,9.9144,0.37589
0.088466,0.074876,-0.13749,0.75417,8.4635,0.82361
0.032908,0.024914,-0.1676,1.0367,8.9399,1.494
-0.062619,-0.031176,-0.12724,1.1181,9.651,1.8771
-0.049162,-0.12031,-0.10285,1.1923,9.9168,2.2936
-0.0095926,-0.19265,-0.07834,1.1205,10.036,2.2865
0.038637,-0.25847,-0.083136,1.1253,9.8569,1.9872
0.060221,-0.26899,-0.091263,1.166,9.8114,1.2713
0.011058,-0.24461,-0.099391,1.0965,9.9335,0.65362
-0.031043,-0.19145,-0.047564,1.1779,9.9958,0.11732
0.011458,0.027845,-0.059021,1.0582,9.6414,-0.40223
-0.026513,0.062086,-0.053426,0.93853,9.6175,0.22745
-0.023582,0.071279,-0.071545,0.99599,9.6486,0.79727
0.0071945,0.019718,-0.062885,1.1205,9.924,0.95529
0.022649,0.029311,-0.075675,0.76854,10.175,0.38307
0.019851,0.031309,-0.046098,0.92177,10.441,0.56982
0.17973,0.018253,0.0057289,1.0534,10.381,0.8691
0.27792,0.021717,0.018786,1.0391,10.348,0.60334
0.26326,0.044499,0.020118,1.0391,10.072,0.56264
0.19012,0.030243,0.033175,1.0271,9.6486,0.92895
0.13643,0.016254,-0.023315,0.8691,9.1435,1.0127
-0.077674,-0.021317,-0.063818,0.96247,9.2033,1.3743
-0.18479,-0.062086,-0.068747,0.97923,9.4403,1.3216
-0.1275,-0.14536,-0.037971,0.8691,9.6989,1.2737
0.089531,-0.16308,-0.014389,0.89064,10.228,0.7446
0.20837,-0.14509,-0.0085268,0.75657,10.072,0.13886
0.36719,-0.0045299,0.055691,0.63446,10.01,-0.83318
0.37704,0.072744,-0.00039969,0.7829,9.663,-0.42377
0.36639,0.096726,-0.0031975,0.88585,9.8138,-0.033519
0.30563,0.11151,-0.0429,0.96007,10.18,-0.80924
0.15988,0.15002,-0.031043,0.82121,10.02,-0.91937
-0.023049,0.14842,-0.037172,1.0487,9.8737,-0.79727
-0.094594,0.14482,0.022649,1.0175,10.403,-0.249
0.010658,0.16587,0.028511,0.93613,10.455,-0.75657
0.13296,0.16561,-0.0094594,0.83797,9.8497,-0.13408
0.18466,0.10845,-0.029711,0.91219,9.7109,0.29928
0.030243,0.088066,-0.06102,1.0104,9.7564,0.02873
-0.12364,0.072611,-0.060887,1.0223,9.7396,0.31843
-0.14562,0.044366,-0.013723,0.92416,10.233,0.25857
-0.12644,0.024914,0.021184,0.93374,10.467,0.055067
0.019185,0.039703,0.038104,0.84276,10.118,-0.2873
0.11644,0.046764,0.055424,0.85234,9.8928,-0.23703
0.178,0.059821,0.021051,0.75417,9.7324,-0.23463
0.096593,0.063685,0.014655,0.76614,9.7779,-0.10534
-0.072744,0.022649,-0.020251,0.76614,9.6367,0.20111
-0.10539,0.05156,-0.033708,0.75657,9.8402,-0.29928
-0.21277,0.052626,-0.045565,0.81163,9.924,-0.14126
-0.20238,0.046098,-0.057956,0.85952,9.9192,0.26097
-0.21504,0.037038,0.0019985,0.96486,10.513,-0.0095768
-0.013989,0.040103,0.063551,0.88107,9.9623,0.44293
0.094594,0.0089265,0.016121,0.74939,9.7372,0.43096
-0.024648,-0.011991,-0.040369,0.87867,9.4403,0.55785
-0.15428,-0.02185,0.022116,0.94571,10.233,0.32561
-0.079006,0.0081271,0.057423,0.92895,10.317,0.13647
0.028645,0.0038637,0.066216,0.81642,9.8426,0.17957
0.031443,0.0078606,0.049828,0.826,9.7899,0.16999
0.042501,0.01732,0.036639,0.87628,9.9527,0.33998
0.064217,0.02598,0.021717,0.96965,9.7612,0.54348
0.011058,0.0062619,-0.0013323,0.9098,9.663,0.9098
-0.01279,-0.0045299,0.027312,0.97444,10.022,0.826
-0.035173,-0.029311,0.051294,1.0104,10.403,0.63446
-0.025447,-0.020917,0.090064,1.0032,10.42,0.32082
0.0075942,-0.010658,0.085002,0.88825,10.245,0.29449
0.038237,0.011191,0.066083,0.87867,9.809,0.2873
-0.028112,0.026779,0.08327,0.96247,9.9216,0.33279
0.011991,0.013057,0.061953,0.92895,9.7923,0.50996
0.018786,0.0061286,0.057423,1.0558,9.8665,0.60094
0.003464,0.0055957,0.040369,0.86431,9.8737,0.19872
-0.009193,0.014389,0.048763,0.93613,9.8904,0.12689
-0.017986,-0.011458,0.021184,0.89304,9.7755,0.36871
0.03091,-0.020118,0.015055,0.79727,9.6582,0.48363
0.03011,-0.030643,0.016387,0.9912,9.8904,0.25857
0.032642,-0.039703,0.020651,1.0223,9.8737,0.13168
-0.02225,-0.011191,0.0053292,0.82121,9.6893,-0.2059
-0.0045299,0.00053292,0.0054625,0.85234,9.7971,-0.20111
-0.0021317,0.03917,0.025047,0.79727,9.9838,-0.53151
-0.023582,0.053159,0.029178,0.97444,10.41,-0.54348
0.014922,0.10179,0.031709,0.87867,10.19,-0.29928
0.066616,0.010126,0.033841,0.85712,9.7181,0.45729
-0.0066616,-0.047564,-0.016121,0.9912,9.6391,0.16281
-0.029044,-0.035972,-0.028245,0.93853,9.9359,-0.42138
0.0027979,-0.0063951,-0.099524,0.78769,9.6175,-0.31364
0.018652,-0.023715,-0.1263,0.83558,9.4499,-0.0023942
0.0046631,-0.048096,-0.054225,1.0822,10.276,-0.28491
-0.058222,-0.0033308,-0.0042634,1.0918,10.384,-0.39983
-0.05236,0.0042634,-0.0045299,1.0199,9.9599,-0.14365
-0.018519,0.012923,-0.011458,1.0199,10.13,-0.16999
0.040236,0.03877,0.069813,1.0056,10.621,-0.19872
0.064084,0.046231,0.057822,0.79727,10.24,-0.057461
0.10485,0.053692,0.040236,0.66319,9.4691,-0.057461
0.020917,0.069946,0.044499,0.826,9.6295,-0.13408
-0.0070613,0.099391,0.018253,0.90261,9.6055,-0.15323
-0.037305,0.10539,0.059821,0.88346,9.517,0.2873
-0.14749,0.083403,0.13043,1.0175,10.333,0.31603
-0.11431,0.07794,0.17653,1.0654,10.709,0.39504
0.010792,0.071945,0.18786,0.9912,10.568,0.34955
0.071145,0.12817,0.1736,0.89783,9.9647,0.40462
0.032375,0.11751,0.14829,0.77812,9.3589,0.577
-0.0042634,0.13603,0.11618,0.79487,9.3134,0.64404
-0.040103,0.049962,0.045165,1.0678,9.3637,1.063
-0.027312,0.042234,0.017853,1.0295,9.6151,0.89783
-0.031709,0.021051,0.00013323,1.008,9.9742,0.93374
-0.02185,-0.0093262,0.043167,1.1851,10.499,0.76614
0.044632,-0.033175,0.088199,1.0487,10.484,0.66559
0.059954,-0.067815,0.16254,1.0295,10.851,0.25139
0.066482,-0.010259,0.22756,1.245,10.587,-0.21308
0.087533,0.04743,0.21144,1.1061,10.235,-0.48363
0.078606,0.11831,0.14162,0.95768,9.426,-0.74939
-0.026646,0.13789,0.072078,1.1636,9.3541,0.047884
0.0089265,0.12524,-0.020651,0.95768,9.1578,0.31603
0.041035,0.093129,-0.089132,1.0343,8.9064,0.5794
0.046897,0.048363,-0.093928,1.2258,9.1004,0.67038
0.027579,0.0010658,-0.080738,1.3431,9.7181,0.4118
0.0074609,0.0011991,-0.017054,1.1971,10.676,0.04549
0.036106,0.063018,0.020917,1.2785,10.101,0.11013
0.037172,0.095793,0.059821,0.93134,9.4882,0.033519
-0.0061286,0.11191,-0.03051,1.1157,9.1028,0.21548
-0.049962,0.046098,-0.023049,1.2186,9.6869,0.81882
-0.052893,0.036239,-0.019185,1.0487,9.7923,0.30167
-0.066216,0.0874,-0.0070613,1.0487,9.9048,0.24421
-0.040636,0.074609,0.010392,1.0558,9.9719,0.30646
0.01732,0.018519,0.11911,1.2737,10.599,0.8691
0.10365,-0.0045299,0.11151,1.1372,10.302,0.86431
0.22489,-0.0090597,0.089398,1.0367,9.8354,0.71347
0.20971,0.0079939,0.059821,1.2186,9.5122,0.30167
0.10992,0.035573,0.010658,0.94332,8.8466,0.088585
0.13443,0.057289,-0.017986,0.93613,9.1842,0.14365
0.10179,0.059821,-0.001732,1.0846,9.6103,0.23703
0.18892,0.038237,0.064351,0.99359,10.345,0.44053
0.22916,0.047963,0.087799,0.90501,9.8569,0.56024
0.10472,0.11165,0.10112,1.0965,9.7372,0.25618
0.11218,0.17347,0.039703,1.0965,9.6582,0.15802
0.095527,0.18746,0.012257,0.99359,9.663,0.36152
0.094194,0.16467,0.0098591,0.97444,9.5409,0.84515
0.11604,0.1283,0.010525,1.0463,9.8545,1.0199
0.11165,0.12351,0.033041,1.0965,10.113,0.91219
0.076874,0.09073,0.053159,1.1037,10.384,0.79727
0.0067948,0.098058,0.046498,1.0223,10.025,0.75417
-0.091796,0.07341,0.07874,1.1301,10.008,0.90501
-0.12324,0.085268,0.079139,1.0654,10.056,0.63925
-0.078473,0.087,0.04823,1.0199,9.9862,0.6177
-0.032775,0.085268,0.032775,1.0319,9.924,0.72784
0.025714,0.014789,0.032375,1.1372,10.003,1.0822
0.033974,-0.0049296,0.040502,1.1684,9.9862,0.76854
-0.048763,-0.0063951,0.044766,1.0846,9.8665,0.64643
-0.075809,-0.016254,0.051028,1.0846,10.077,0.90022
-0.071812,-0.027579,0.038104,1.1205,9.7731,0.84276
-0.11111,-0.040902,0.046498,1.1229,9.5936,0.52672
-0.14949,-0.047297,0.037305,1.1013,9.7444,0.60573
-0.1283,-0.050228,0.029444,1.1372,9.7612,0.50757
-0.11045,-0.065683,0.029178,1.1995,9.5337,0.55545
-0.15162,-0.077274,0.015188,1.1851,9.7875,0.27773
-0.12391,-0.089132,0.016121,1.0798,9.8138,0.32082
-0.094194,-0.071412,0.0070613,1.233,9.8761,0.38786
-0.075942,-0.11138,0.0099923,1.0942,9.8258,0.29688
-0.096193,-0.11072,0.021717,1.1181,9.7755,0.14126
-0.1315,-0.10552,0.026247,1.1923,9.7588,0.038307
-0.11231,-0.10285,0.030377,1.1277,9.7252,0.17478
-0.070746,-0.08207,0.017453,1.2474,9.7612,-0.04549
-0.10938,-0.052626,-0.0031975,1.2115,9.7444,-0.22984
-0.15934,-0.033708,-0.006928,1.1899,9.6414,-0.30646
-0.27259,-0.042767,-0.0097259,1.1277,9.5792,0.17957
-0.33827,-0.066083,-0.0065283,1.3072,9.7157,0.31125
-0.26193,-0.06062,-0.016654,1.1899,9.6726,0.057461
-0.24914,-0.058222,-0.00026646,1.3001,9.9192,0.047884
-0.25434,-0.060354,0.0063951,1.2905,9.8497,0.12689
-0.27232,-0.035972,0.015721,1.1899,9.8665,-0.064643
-0.18679,-0.030243,0.016387,1.2522,10.048,0.26576
-0.10525,-0.037438,0.020651,1.1085,9.7348,0.50518
-0.17293,-0.11298,0.029178,1.0942,9.7516,0.84994
-0.35613,-0.094061,-0.011458,1.1181,9.3565,0.29449
-0.53279,-0.045032,-0.014922,1.2091,9.8114,0.047884
-0.51227,-0.041435,-0.023582,1.0822,9.845,0.27054
-0.59728,-0.017453,0.031842,1.2498,10.585,0.067038
-0.51054,-0.0067948,0.044632,1.2163,10.178,0.36392
-0.29697,-0.014789,0.067415,0.93374,9.9503,0.79248
-0.1299,-0.050495,0.020251,1.1181,9.7899,1.0271
-0.03051,-0.076874,0.015588,1.1301,9.5385,0.94332
-0.075142,-0.14989,0.0070613,1.1564,9.5122,0.82839
-0.12071,-0.12284,-0.0099923,1.1564,9.5289,0.3735
-0.18999,-0.094994,-0.025847,1.2234,9.505,0.22745
-0.33121,-0.027312,-0.0057289,1.2354,10.022,0.10774
-0.23768,-0.031443,0.025847,1.233,10.269,0.48363
-0.094061,-0.053292,0.032508,1.2977,10.247,0.55785
0.029044,-0.057289,0.047297,1.0918,9.8785,0.41659
-0.041568,-0.013323,0.027179,1.0918,9.9551,0.3735
-0.098325,-0.033041,0.0023982,1.1157,9.6582,0.67038
-0.12351,0.012524,-0.0035972,1.166,9.8545,0.50278
-0.19558,0.0038637,0.028778,1.2498,10.111,0.70868
-0.052893,0.010658,0.017187,1.1301,9.9695,0.84755
0.020118,0.0062619,0.013989,1.2833,9.8761,0.72065
-0.032908,-0.022516,0.023182,1.221,9.821,0.65841
-0.053959,0.0098591,0.02145,1.1372,10.046,0.67756
-0.11125,0.025181,0.037438,1.1588,9.9503,0.79727
-0.086867,0.023315,0.022649,1.2402,9.8258,0.81882
-0.043833,0.019185,0.018253,1.1325,9.754,0.93134
-0.051161,-0.0066616,0.033175,1.1564,9.675,1.0415
-0.071412,-0.024648,0.043833,1.2354,9.9383,1.0654
-0.0015988,-0.015455,0.023848,1.1229,9.7731,0.84994
-0.0047963,-0.024914,0.027579,1.1325,9.754,0.83797
-0.082337,-0.020518,0.038504,1.2258,10.101,0.75178
-0.058355,-0.01732,0.022116,1.1181,9.6438,1.0654
-0.10685,-0.029044,0.032375,1.1995,9.7372,1.0008
-0.22263,-0.047031,0.032375,1.2857,9.9407,1.1013
-0.11391,-0.053825,0.0011991,1.2139,9.9192,1.154
-0.050228,-0.079539,0.057423,1.2977,9.9311,0.80206
-0.035972,-0.045832,0.038637,1.166,9.7013,0.75417
-0.11085,-0.039037,0.045832,1.1684,9.7971,0.79727
-0.2598,-0.033441,0.024781,1.2234,9.6582,0.85234
-0.37518,-0.033175,0.0041302,1.0918,9.6678,0.96726
-0.51521,-0.063152,-0.0071945,1.312,9.5672,1.3192
-0.45872,-0.071145,-0.029844,1.2426,9.596,1.0798
-0.42301,-0.09566,0.019185,1.3527,10.111,0.8691
-0.35932,-0.048496,-0.050761,1.2306,9.481,0.64165
-0.57489,-0.032508,-0.046098,1.4437,9.7827,1.0726
-0.68454,-0.067415,-0.044499,1.3647,9.7252,1.2258
-0.86014,-0.028378,-0.045299,1.3791,9.7923,1.2354
-1.1555,-0.0074609,-0.015988,1.5323,10.077,1.0319
-1.1611,0.020651,-0.019718,1.154,9.6295,1.3815
-1.2095,0.0019985,0.077674,1.5107,10.472,1.4246
-0.90064,0.010525,0.026247,1.0582,10.099,1.5155
-0.4326,0.0075942,0.0022649,1.1085,9.8881,1.5467
-0.16827,-0.018919,0.015322,1.1899,9.9647,1.7047
-0.08207,-0.051294,0.014256,1.3001,9.6438,1.9082
-0.069946,-0.049828,0.0050628,1.2881,9.596,1.9944
-0.18812,-0.040902,-0.0057289,1.2665,9.3374,1.8866
-0.57183,-0.023182,-0.061819,1.2977,9.1028,2.2075
-0.80818,-0.019718,-0.092462,1.2354,8.9591,2.2386
-1.176,-0.015721,-0.036106,1.2713,9.3039,2.1284
-1.4253,-0.0038637,-0.017587,1.2761,9.8881,1.9249
-1.2191,0.035573,-0.081671,1.1013,9.7564,2.0111
-0.96473,0.042634,-0.065417,1.1444,9.6822,2.6671
-0.72638,0.0055957,-0.07834,1.3455,9.7133,2.8659
-0.52786,-0.027579,-0.077141,1.1827,9.675,2.9521
-0.46924,-0.075009,-0.064617,1.2354,9.6343,3.2705
-0.53106,-0.10139,-0.053026,1.3168,9.5002,3.2082
-0.82097,-0.078873,-0.10059,1.1636,9.1099,3.0646
-1.1198,-0.0437,-0.093662,1.2019,9.1099,2.8898
-1.4397,-0.061819,-0.064351,1.1109,9.4499,3.1388
-1.6705,-0.020651,-0.038237,1.3599,9.7612,2.7581
-1.7742,0.012923,-0.0067948,1.1971,9.8521,2.873
-1.4973,0.03917,0.028378,1.0534,9.8593,3.3519
-0.68574,-0.0098591,-0.018919,1.0582,9.6127,3.4093
-0.53066,-0.094594,-0.025047,1.1636,9.256,4.0151
-0.60753,-0.10978,-0.016787,1.1277,9.2608,4.4221
-0.84002,-0.11644,0.019052,1.3048,9.4212,4.0606
-1.0211,-0.092196,0.0038637,1.1732,9.2416,3.893
-1.2877,-0.028778,-0.048896,1.1325,8.6024,4.1156
-1.4722,-0.020917,-0.031842,1.1803,8.8059,4.118
-1.6517,-0.033708,-0.047031,1.1612,8.6981,4.3981
-1.7684,0.0013323,-0.23649,1.1899,8.442,4.3886
-2.0769,0.024381,-0.010392,1.1229,8.7652,5.1308
-2.208,0.079139,0.0058622,1.2761,8.7484,5.2074
-2.2535,0.029311,-0.00053292,1.4892,9.0836,5.2385
-2.3341,0.062885,0.050628,1.3216,8.9591,5.0996
-2.2819,0.034374,0.06475,1.2737,8.1714,5.5569
-2.268,0.054758,0.080871,1.3168,8.1882,5.7485
-2.2877,-0.018119,0.12843,1.1684,8.1475,6.0382
-2.2796,-0.0050628,0.033974,0.77572,7.7141,6.2417
-2.183,-0.010126,-0.03877,0.98162,7.908,6.3207
-2.1079,0.051028,-0.050628,1.506,7.592,6.0549
-1.7757,0.045565,-0.062219,1.0942,7.4292,6.924
-1.5872,0.067015,-0.043034,0.80206,7.0126,7.0844
-1.5391,0.033974,0.011325,1.1492,7.5274,7.1371
-1.3151,-0.031443,0.06555,1.2234,7.6112,7.6303
-1.0042,-0.062352,0.057423,1.0989,7.094,7.8075
-0.8652,-0.075542,0.047564,1.1851,6.6846,7.774
-0.90264,-0.10032,0.063418,1.2833,6.7349,7.6303
-1.1762,-0.10059,0.017587,1.336,6.3662,7.197
-1.5018,0.011058,0.039969,1.2474,6.462,6.766
-1.8265,0.051161,0.042501,1.1827,6.7157,7.3909
-1.8875,0.098458,0.018519,1.0343,6.4141,7.7524
-1.7634,0.11591,0.026779,1.0918,6.1292,8.2025
-1.7443,0.10299,0.0441,1.0534,6.1052,8.3366
-1.6967,0.096593,0.026913,1.1013,5.7102,8.5784
-1.943,0.094061,0.020384,1.2091,5.6647,8.5928
-2.0547,0.1315,0.022116,1.0798,5.3319,8.3486
-2.0759,0.12684,0.023315,1.1013,5.1667,8.8538
-1.9297,0.15961,-0.033041,1.0151,5.114,9.1578
-1.9973,0.15575,0.005196,1.1301,5.0781,8.9974
-2.4024,0.22276,0.080871,1.1947,5.1068,8.7556
-2.4487,0.23728,0.09073,1.3024,4.9177,8.8945
-2.3827,0.24754,0.070213,1.075,4.2593,9.4116
-2.2154,0.24728,0.036772,0.96726,3.7302,9.5984
-1.963,0.22596,-0.012657,0.80685,3.2633,9.7276
-1.7329,0.23795,-0.067015,0.96965,3.1125,9.9407
-1.5517,0.18826,-0.023848,0.9481,3.4357,9.7229
-1.396,0.20198,-0.025447,1.0127,3.3375,9.8713
-1.2385,0.16028,-0.037971,0.91698,3.0765,9.7995
-1.4866,0.16441,-0.033974,1.1253,3.3088,9.5648
-1.5902,0.15601,0.0077274,0.95529,3.5267,9.9264
-1.2957,0.14709,0.019718,0.82839,3.1436,10.101
-1.1378,0.12271,0.025047,0.7829,2.8706,10.192
-1.1867,0.13603,0.0093262,0.87149,2.3343,9.9048
-1.4462,0.12084,-0.025181,0.826,2.2505,9.6582
-1.5829,0.14802,-0.033574,0.7829,2.3248,9.7348
-1.7213,0.18399,0.033175,0.99359,2.3583,9.6486
-1.9241,0.20917,0.070613,1.0319,2.7318,9.3805
-1.9376,0.21703,0.12017,0.80924,2.5259,9.7731
-1.829,0.21011,0.14629,0.79727,2.0734,9.8976
-1.5973,0.20225,0.14389,0.80685,1.8651,9.8186
-1.39,0.17493,0.16547,0.76854,2.1141,9.9335
-1.1683,0.13883,0.15761,0.73981,1.7454,10.41
-1.0611,0.08327,0.12617,0.76614,0.97683,10.537
-0.93995,0.0083936,0.08247,0.46448,0.46448,10.4
-0.89292,-0.010792,0.090997,0.67277,0.87628,10.446
-0.91676,0.00093262,0.059821,0.50757,0.91698,9.7444
-1.0111,0.093262,0.10126,0.44532,0.96247,9.6774
-1.1012,0.094861,0.14162,0.92895,0.89304,9.8258
-1.1362,0.10272,0.16734,0.80206,1.0175,10.048
-1.0957,0.10325,0.18826,0.77333,1.3408,10.341
-0.98751,0.071145,0.18413,0.77812,1.0702,10.671
-0.73344,0.048629,0.15135,0.65362,0.4118,10.714
-0.54105,0.01692,0.098724,0.56982,0.0023942,10.341
-0.27685,-0.028511,0.083802,0.66559,-0.26815,10.262
-0.32708,-0.023582,0.062485,0.67756,-0.11253,10.127
-0.40729,-0.039436,0.05236,0.7853,-0.29449,10.518
-0.54452,-0.045432,0.041968,0.8667,-0.26815,10.652
-0.49735,-0.0437,0.041835,0.84036,-0.249,10.57
-0.46311,-0.024115,0.0441,0.76854,-0.021548,10.084
-0.29764,-0.015322,0.051161,0.91219,-0.2897,10.302
-0.24701,-0.02558,0.043167,0.81163,-0.43574,10.388
-0.2133,-0.019718,0.023715,0.73023,-0.48363,10.118
-0.15961,-0.0066616,0.0099923,0.77333,-0.4525,10.144
-0.11138,-0.025047,-0.0047963,0.67038,-0.36392,10.451
-0.18706,-0.027712,-0.0019985,0.6201,-0.35674,10.549
-0.29457,-0.02185,0.016654,0.81882,-0.21069,10.549
-0.32815,-0.020917,0.032375,0.77093,0.09098,10.408
-0.16254,0.03464,0.0063951,0.72065,-0.21308,10.072
-0.13856,0.051427,-0.023182,0.67516,-0.4525,10.159
-0.25008,0.058622,-0.044899,0.69671,-0.47645,10.195
-0.30337,0.048363,-0.029977,0.84515,-0.40941,10.329
-0.31309,0.034907,-0.012391,0.83318,-0.20351,10.599
-0.26127,0.029844,-0.0061286,0.65601,-0.25379,10.554
-0.27019,0.020118,-0.033974,0.71826,-0.17238,10.396
-0.26806,0.0057289,-0.0039969,0.77093,-0.42856,10.266
-0.053959,0.032242,0.027979,0.64643,-0.057461,10.336
0.041168,0.0055957,0.023848,0.72065,-0.31364,10.266
0.038371,0.0099923,0.015188,0.6608,-0.48363,10.166
-0.0029311,0.012657,0.00026646,0.67038,-0.57461,10.139
-0.068881,0.018652,0.0010658,0.68474,-0.54827,10.06
-0.14935,0.014922,0.0055957,0.70629,-0.49321,10.075
-0.19945,0.036772,-0.0013323,0.65841,-0.38068,10.02
-0.26566,0.05196,-0.0022649,0.71826,-0.42617,9.9383
-0.29151,0.070213,-0.019185,0.67516,-0.577,10.087
-0.22383,0.064617,-0.027579,0.65122,-0.46687,10.271
-0.13936,0.05649,-0.028645,0.63686,-0.44053,10.147
0.037971,-0.020518,-0.01772,0.72305,-0.75896,10.398
0.11458,-0.049562,-0.019585,0.7446,-0.7015,10.305
0.066749,-0.056224,-0.0085268,0.73023,-0.56503,10.226
-0.042101,-0.0035972,-0.0026646,0.72305,-0.42856,9.9168
-0.10792,0.018519,-0.0063951,0.68953,-0.59376,9.9695
-0.26566,0.034507,-0.032508,0.64643,-0.46687,10.362
-0.29751,0.038904,-0.032375,0.75417,-0.59137,10.432
-0.32881,0.03424,0.006928,0.79009,-0.55306,10.238
-0.34773,0.037838,0.0010658,0.69671,-0.64883,10.345
-0.38131,0.054092,0.00866,0.7446,-0.67038,10.197
-0.42874,0.064351,0.0041302,0.69192,-0.57461,10.417
-0.48896,0.081138,0.015188,0.6608,-0.68235,10.139
-0.73743,0.13963,0.01319,0.66559,-0.84755,10.001
-0.76541,0.14349,0.0043966,0.62249,-1.1037,10.367
-0.74543,0.11858,-0.0015988,0.56264,-1.2498,10.867
-0.80445,0.11924,-0.0049296,0.54348,-1.403,10.173
-0.85708,0.14536,-0.015188,0.44293,-1.3838,10.159
-1.2464,0.23795,-0.022783,0.49321,-1.7047,10.027
-1.4424,0.3011,-0.031443,0.47166,-1.7813,10.046
-1.7417,0.354,0.0037305,0.32801,-1.7526,10.171
-1.8937,0.37904,0.025714,0.37828,-1.8579,10.087
-1.9902,0.39663,0.067948,0.61052,-2.1428,10.285
-2.0764,0.38451,0.025847,0.18914,-2.885,10.211
-2.1109,0.40342,0.020784,0.41659,-2.7653,10.027
-2.1641,0.40156,0.064484,0.040701,-3.225,9.6558
-2.5603,0.4787,0.02598,0.0023942,-3.486,8.9926
-3.0069,0.63605,0.094061,0.27054,-2.9425,8.8298
-3.132,0.68134,0.14176,0.16281,-3.2633,8.9615
-3.069,0.68294,0.14469,0.076614,-4.5633,9.414
-2.9429,0.59115,0.019718,-0.48363,-5.5186,9.6223
-2.7739,0.60074,-0.10019,-0.52912,-5.9831,9.0908
-2.7653,0.54238,0.049029,0.12689,-4.7094,9.0788
-2.9533,0.50561,0.12497,-0.21787,-4.7453,8.8346
-2.9765,0.49162,0.11564,-0.54588,-5.0829,8.77
-2.9235,0.50934,0.11738,-0.7015,-5.4923,8.825
-2.9432,0.50894,0.14349,-0.48363,-5.6862,8.43
-3.1148,0.50668,0.20398,-0.44532,-5.715,7.9607
-3.6567,0.51467,0.17187,-0.52194,-6.4069,7.2784
-3.6068,0.51267,0.12297,-0.74939,-7.2425,7.0988
-3.5265,0.528,0.1331,-0.60094,-7.4388,7.2472
-3.4785,0.4779,0.097392,-0.79487,-7.5824,7.276
-3.4399,0.50841,-0.0033308,-0.92656,-8.1594,6.2106
-3.4859,0.4286,0.033041,-0.72544,-7.8506,5.9376
-2.9731,0.38077,0.17067,-0.77572,-7.8913,5.3965
-2.6063,0.64377,0.3055,-0.57461,-6.8211,5.0925
-2.2507,0.40396,0.26007,-1.64,-8.6095,5.7221
-2.0647,0.26233,0.32215,-0.7829,-8.023,5.4708
-2.0391,0.31443,0.27779,-1.0654,-8.2025,4.1539
-1.8815,0.31616,0.29018,-0.92656,-8.2361,4.0414
-1.688,0.33641,0.26273,-1.1325,-8.6431,4.0965
-1.4941,0.3043,0.22916,-0.92177,-8.746,4.5083
-1.2756,0.11378,0.29178,-1.506,-8.6838,5.3989
-1.0175,0.064884,0.25061,-1.2689,-9.5002,4.3838
-1.4622,0.1347,0.076208,-1.3527,-9.9048,2.9808
-1.5431,0.24981,-0.010392,-1.5036,-9.8785,2.4014
-1.4737,0.31909,-0.0045299,-1.573,-9.8474,3.067
-1.419,0.31163,-0.031976,-1.5419,-9.9096,3.6895
-1.4304,0.26726,-0.0085268,-1.47,-9.924,4.039
-1.1366,0.14522,0.024914,-1.8268,-9.3925,3.3303
-0.86694,0.092862,0.014789,-1.6161,-9.3158,2.296
-0.83962,0.13563,0.031443,-1.4198,-9.4188,1.5419
-0.80791,0.14855,0.067415,-1.2689,-9.9982,1.8364
-0.76062,0.14136,-0.033841,-1.5036,-9.402,1.8747
-0.9085,0.15828,-0.0066616,-1.3384,-8.77,1.8651
-0.88092,0.15974,0.049429,-1.2282,-8.4108,2.0566
-0.76182,0.089132,0.09526,-1.1133,-8.2911,1.8411
-0.67935,0.037438,0.14536,-1.166,-8.4779,1.245
-0.68774,0.053426,0.14695,-1.1037,-8.8873,1.0463
-0.70692,0.093928,0.10046,-1.3168,-9.3326,0.73502
-0.67815,0.11631,0.076608,-1.4892,-9.7157,0.87628
-0.67588,0.074609,0.062619,-1.4317,-9.402,1.7909
-0.74117,0.021317,0.075276,-1.415,-9.1171,1.8579
-0.75968,-0.040769,-0.0055957,-1.403,-9.5361,1.6688
-0.7349,-0.012657,-0.0026646,-1.5538,-9.4595,1.1277
-0.6539,-0.033708,0.047564,-1.4269,-9.1698,0.94332
-0.48856,-0.014389,0.14655,-1.4174,-9.086,0.22745
-0.13883,0.010126,0.18906,-1.506,-9.0237,0.34477
0.091263,0.0045299,0.15162,-1.4461,-9.481,0.19154
0.21397,0.055158,0.10872,-1.664,-9.8737,0.28012
0.18945,0.055158,0.047164,-1.4676,-9.9886,0.7829
0.11165,0.016387,-0.012923,-1.3623,-9.6678,0.92895
0.1323,-0.039969,-0.034107,-1.6161,-9.1961,1.506
0.14629,-0.079273,0.019185,-1.5131,-9.1578,1.5347
0.13576,-0.074876,0.0023982,-1.5036,-9.2464,1.2115
-0.016387,-0.037704,-0.022649,-1.415,-9.3685,1.1181
-0.036239,-0.023582,-0.041568,-1.3336,-9.2967,1.3072
0.096593,-0.024781,-0.045698,-1.4078,-9.426,1.2905
0.13017,-0.020917,-0.061953,-1.3862,-9.596,1.2498
0.064084,-0.025314,-0.11072,-1.4198,-9.7636,1.4629
0.059288,-0.070879,-0.14109,-1.6233,-9.8952,1.8603
0.12217,-0.10019,-0.1263,-1.4269,-9.8689,1.6376
0.15322,-0.097259,-0.11525,-1.664,-9.7444,1.2402
0.12071,-0.079273,-0.11165,-1.4437,-9.4786,1.0918
0.067282,-0.061153,-0.10392,-1.3072,-9.1674,1.2546
0.14575,-0.064084,-0.094194,-1.1995,-9.3901,0.92895
0.16774,-0.062219,-0.12497,-1.3671,-9.7205,0.9481
0.15828,-0.072211,-0.11724,-1.2258,-9.6941,1.166
0.22223,-0.1287,-0.11445,-1.2354,-9.6822,0.82839
0.19931,-0.11844,-0.12217,-1.2115,-9.2847,0.44293
0.11884,-0.10832,-0.093795,-1.2498,-9.3302,0.32322
0.059554,-0.072611,-0.066216,-1.2163,-9.3111,0.093374
0.052893,-0.039703,-0.046364,-1.2019,-9.4475,-0.086191
0.10672,-0.024515,-0.038371,-1.2186,-9.5026,-0.2466
0.22076,-0.0071945,-0.042101,-1.1349,-9.5146,-0.47405
0.40955,0.0023982,-0.082337,-1.415,-10.01,-0.21548
0.48243,-0.054492,-0.068747,-1.3312,-9.7995,0.81882
0.429,-0.092995,-0.13057,-1.2737,-9.9311,1.3767
0.29444,-0.17906,-0.10285,-1.8268,-9.7707,2.2697
0.30563,-0.23928,-0.11711,-1.834,-9.1985,1.9321
0.44393,-0.29964,-0.10019,-1.4509,-8.8394,1.1684
0.55677,-0.3019,0.031576,-1.4126,-8.825,0.79966
0.58075,-0.18692,0.0874,-1.4485,-8.9711,0.51236
0.1736,-0.033574,0.050894,-1.2905,-9.1818,0.99359
0.0075942,-0.027179,-0.0023982,-1.3527,-9.4595,2.1069
0.10499,-0.079273,-0.0022649,-1.0965,-9.2584,2.6121
0.40023,-0.14269,0.0023982,-1.3408,-9.5433,2.162
0.10845,-0.098991,-0.034773,-1.1061,-9.1075,1.6113
0.055424,-0.024248,-0.044899,-1.0989,-9.0333,1.8124
0.094461,-0.055424,-0.057556,-1.166,-9.56,2.0111
0.15695,-0.077541,-0.036505,-1.1349,-9.5624,2.3487
0.20331,-0.085934,-0.074876,-1.0918,-9.56,2.8371
0.24794,-0.11391,-0.062619,-1.1851,-9.6007,3.2178
0.27472,-0.14949,-0.05689,-0.95768,-9.6175,3.0694
0.23475,-0.16534,-0.035972,-1.0463,-9.4379,2.5714
0.19825,-0.1295,-0.051827,-1.0151,-9.4236,2.1763
0.14869,-0.15894,-0.065683,-0.76614,-9.232,2.5235
0.088865,-0.048496,0.028112,-1.1612,-9.3446,1.9273
0.010525,0,0.031443,-1.1349,-9.1961,2.3032
-0.034507,0.03091,-0.039436,-1.2761,-9.8067,2.9521
-0.021317,0.027046,-0.077674,-1.3408,-10.005,3.3112
-0.030377,0.033041,-0.078473,-1.0367,-9.8857,3.146
0.0011991,-0.019319,-0.092462,-1.3192,-9.7899,2.8419
0.042101,-0.066349,-0.10459,-1.3671,-9.2584,2.9856
0.13217,-0.02145,-0.085934,-1.3144,-9.4068,2.6719
0.17293,0.019319,-0.084868,-1.4078,-9.4667,2.2697
0.13776,0.037172,-0.10206,-1.3455,-9.3685,2.3248
0.098991,0.10019,-0.051694,-1.2617,-9.4475,2.6169
0.089398,0.1267,-0.00039969,-1.1827,-9.426,2.7318
0.072611,0.13017,-0.030776,-1.1277,-9.2632,2.8635
-0.026513,0.054492,-0.012923,-1.3431,-8.8562,3.6559
0.046498,-0.025714,-0.0079939,-1.3623,-9.2296,4.2258
0.079806,-0.078074,-0.0014655,-1.403,-9.5002,3.7924
0.048096,-0.075809,0.019851,-1.3767,-9.2919,3.3758
-0.048363,-0.095127,0.023049,-1.1396,-8.916,2.624
0.0053292,-0.11298,0.088732,-1.2186,-8.8538,2.241
0.053292,-0.091796,0.12364,-1.0822,-9.3302,2.1428
-0.010126,-0.061553,0.15481,-1.3144,-9.6127,2.2936
-0.13523,-0.072877,0.12817,-1.1971,-9.7133,2.6049
-0.23542,-0.12257,0.14242,-1.154,-9.7755,3.1699
-0.1251,-0.19572,0.13443,-1.3551,-9.4188,2.988
0.1247,0.026646,0.085668,-1.1253,-8.6957,1.9178
0.18786,0.14815,0.072611,-0.96486,-8.9519,2.3511
0.14003,0.16947,0.033175,-1.3527,-9.1698,2.7485
0.24128,0.04823,0.018253,-1.2737,-9.2703,3.2848
0.14003,0.023049,0.029844,-1.1037,-9.0166,3.4333
0.033441,0.0085268,0.03877,-1.1492,-9.165,3.1723
-0.088732,0.030776,0.039436,-1.0582,-9.2081,2.5211
-0.070613,0.054625,0.023182,-1.0965,-9.6295,2.3511
0.0098591,0.09566,0.011858,-1.0367,-9.0453,2.5307
0.10499,0.14256,-0.016521,-1.1444,-9.2009,2.5522
0.04783,0.14456,-0.039969,-1.1229,-9.4164,4.0318
-0.12457,0.07834,-0.018253,-1.1492,-9.2608,4.6974
-0.12164,-0.00866,0.0027979,-1.0774,-9.2033,5.0877
0.057556,-0.10619,0.05156,-1.0271,-9.2105,4.4843
0.19891,-0.092063,0.076208,-0.9912,-9.2464,3.5362
0.172,-0.0097259,0.069147,-0.93134,-9.3805,2.9688
-0.0441,0.00079939,0.017587,-1.0846,-10.008,3.2777
0.18972,-0.023982,-0.0099923,-0.94571,-9.7731,3.553
0.29404,-0.058355,-0.019319,-1.0558,-9.7205,3.3208
0.23728,-0.036106,-0.024115,-1.0582,-9.4834,3.0143
-0.033175,-0.016787,-0.027446,-1.0175,-9.086,2.7677
-0.17706,-0.013057,-0.0081271,-1.0822,-9.0285,3.1149
-0.18719,-0.065683,-0.0087933,-1.2163,-9.244,3.6751
-0.057023,-0.07008,-0.0038637,-1.1827,-9.5146,3.6847
0.045299,-0.077541,-0.020784,-1.1732,-9.3326,2.6671
0.017187,-0.036772,-0.01772,-1.1277,-9.2296,2.6911
-0.0023982,-0.055025,-0.015455,-1.1301,-9.2273,3.0837
-0.047697,-0.073277,0.01692,-1.1301,-9.3158,3.3447
-0.019585,-0.10539,0.023982,-1.3647,-9.5241,3.4884
-0.08207,-0.099524,-0.030776,-1.2809,-9.7731,3.0143
-0.18532,-0.038104,-0.079406,-1.0798,-9.9216,3.4668
-0.074077,-0.12697,-0.084069,-1.1899,-9.6031,3.6129
0.040103,-0.12111,-0.090464,-1.1732,-9.5002,3.3208
0.032109,-0.11325,-0.086734,-1.0989,-9.1459,3.1819
-0.029977,-0.11245,-0.077541,-1.1253,-9.1698,3.1675
0.012923,-0.097659,-0.092462,-1.0942,-9.1147,3.3758
0.11564,-0.13043,-0.1315,-1.2139,-9.3613,4.0031
0.09979,-0.18892,-0.11738,-1.0511,-9.165,4.1276
0.11991,-0.23649,-0.066616,-0.93853,-8.8059,3.1412
0.14855,-0.19532,-0.065683,-0.80924,-8.667,2.5139
0.076075,-0.10552,-0.075009,-0.89304,-8.7005,2.2817
-0.10712,-0.064217,-0.057556,-0.98162,-8.8514,3.4429
0.014522,-0.097392,-0.071412,-1.0151,-8.9423,3.9265
0.15402,-0.15828,-0.10672,-1.0918,-9.165,4.1755
0.16014,-0.18719,-0.11285,-1.0606,-9.177,4.0199
0.018119,-0.22623,-0.097792,-0.88346,-9.0573,3.8738
-0.044899,-0.22836,-0.069547,-0.87388,-8.8442,3.4548
0.07341,-0.14642,-0.051427,-0.71587,-8.7101,2.9544
0.19172,-0.11431,-0.00013323,-0.71826,-9.0692,3.0406
0.13496,-0.08327,0.059155,-0.72544,-9.0357,3.4644
0.15148,-0.19585,0.064084,-0.80924,-9.1506,4.2258
0.021051,-0.27406,0.037838,-0.90022,-9.493,3.9433
-0.066349,-0.28698,0.044766,-0.75657,-9.2009,3.7158
0.014922,-0.30643,0.012124,-0.66319,-9.1913,3.1867
0.00053292,-0.22689,0.00866,-0.66559,-8.8131,3.0215
0.032242,-0.18253,-0.016254,-0.81642,-9.4164,2.9951
0.06968,-0.18413,0.023848,-0.93853,-9.5361,3.6057
0.20078,-0.18945,0.053825,-0.77572,-9.7037,3.4955
0.17706,-0.20384,0.057822,-0.79248,-9.6582,3.0813
0.20078,-0.18253,0.086067,-0.64883,-9.1147,3.2896
0.40689,-0.13616,0.066882,-0.9074,-8.904,2.2553
0.11977,-0.082337,0.040236,-0.96007,-9.2392,3.316
0.024515,-0.060221,0.020784,-1.0343,-9.1985,3.1771
0.066216,-0.049162,0.02598,-0.80924,-9.0118,3.0023
0.11098,-0.057289,0.019452,-0.69192,-8.7556,2.8563
0.28032,0.057556,0.017853,-0.75417,-9.2751,2.5355
0.15215,0.056357,0.032642,-0.73023,-9.1051,3.146
0.14336,-0.032375,0.065949,-0.93613,-9.5002,4.0821
0.16081,-0.081671,0.089265,-1.2186,-9.4308,3.6152
-0.020784,-0.091263,0.030776,-0.7015,-9.2991,2.4205
-0.05609,-0.066882,0.016654,-0.62249,-9.2273,2.2482
-0.082337,0.025847,0.033841,-0.50757,-8.928,2.3966
-0.14162,0.036639,0.050761,-0.68714,-8.746,2.5618
-0.2237,0.098991,0.0030643,-0.92656,-9.4619,2.3391
-0.081138,0.10525,-0.020518,-0.77572,-9.6438,2.8826
0.10698,0.025047,0.049162,-0.97444,-9.3877,3.3399
0.20251,0.0015988,0.077674,-0.9481,-9.1985,2.9329
0.096193,-0.015055,0.072478,-0.85952,-9.3948,2.7246
-0.011591,-0.0067948,0.018652,-0.84036,-9.4667,2.2051
-0.062352,0.024914,-0.0093262,-0.99838,-9.3565,2.0423
-0.11564,0.019718,0.010925,-0.99838,-9.4236,2.6049
0.020384,-0.0061286,0.03011,-1.1564,-9.3422,2.7054
-0.063418,0.012923,0.023715,-1.0678,-9.2751,2.5809
-0.074476,0.032642,0.030776,-1.166,-9.1602,2.4948
-0.059954,-0.0042634,0.063152,-1.1468,-9.1028,2.5522
-0.083403,-0.033041,0.055424,-1.0511,-9.3996,2.0494
-0.15601,0.051161,0.025181,-0.87388,-9.3781,1.6735
-0.15495,0.10579,-0.0042634,-1.0582,-9.2847,1.6496
-0.02638,0.1363,0.01692,-0.92177,-9.074,2.9066
0.10379,0.035173,0.027579,-1.1085,-9.3206,3.0287
0.13496,0.033708,0.014922,-1.075,-9.256,3.3399
0.07874,-0.019452,-0.0021317,-1.2067,-9.3685,3.0478
0.0075942,0.017853,-0.0025314,-0.96726,-9.2943,2.5762
-0.064884,0.051294,0.020784,-0.94332,-8.8945,2.7078
-0.094727,0.059954,0.03051,-0.88825,-9.0022,3.0071
-0.080605,0.054625,0.037838,-0.94571,-9.2512,3.0813
0.031309,-0.0077274,0.037305,-1.2019,-9.3589,3.2298
0.047697,-0.032775,0.041035,-1.2019,-9.4427,3.2729
0.077008,-0.039836,0.029711,-1.1564,-9.4284,3.0837
0.094061,-0.046764,0.03504,-1.1133,-9.3661,2.9497
0.075675,-0.051161,0.035306,-0.93853,-9.1985,2.8587
0.10192,-0.044366,0.023449,-1.0151,-9.2703,2.7821
0.044899,-0.067282,0.010259,-0.90022,-9.3087,2.6073
0.033708,-0.011591,-0.0075942,-0.85234,-9.2727,2.4612
0.057289,-0.01732,-0.0079939,-0.826,-9.4978,2.5762
0.092995,-0.031443,-0.0062619,-0.88585,-9.4068,2.6647
0.096459,-0.049296,-0.019585,-0.83558,-9.4164,2.8683
0.077807,-0.046498,-0.051294,-1.0487,-9.5553,2.7701
0.023848,-0.049562,-0.059688,-0.95289,-9.3518,2.9616
0.1307,-0.028911,-0.044499,-0.80685,-9.5289,2.7342
0.14322,-0.0093262,-0.065283,-0.88825,-9.6606,2.5738
0.07421,-0.051161,-0.096859,-0.92416,-9.3853,3.225
0.090464,-0.063818,-0.11884,-0.83558,-9.56,2.4972
0.093662,-0.027979,-0.14003,-0.62728,-9.5864,2.2769
0.069813,-0.050628,-0.15801,-0.68714,-9.7085,2.6719
-0.059954,-0.053692,-0.16867,-0.84994,-9.2727,3.2465
-0.076208,-0.051827,-0.14189,-0.90261,-8.7676,3.7637
-0.015322,-0.02225,-0.11085,-1.0319,-9.1243,3.8571
-0.078074,0.010259,-0.10099,-0.50757,-9.0716,3.4524
0.045165,0.0013323,-0.089265,-0.34955,-9.2536,3.5913
0.18413,0.0063951,-0.079539,-0.50757,-9.3972,3.4022
0.22076,0.019052,-0.083669,-0.81163,-9.6438,3.0574
0.13123,0.057556,-0.070213,-0.60573,-9.2823,2.8587
-0.046231,0.16174,-0.04823,-0.4118,-9.0237,2.3679
-0.046098,0.19811,-0.057023,-0.55785,-9.0644,2.8252
-0.13523,0.15548,-0.062485,-0.78051,-9.1985,4.0462
-0.12164,0.089265,-0.092063,-0.79727,-9.1123,4.4173
0.023715,0.096193,-0.11351,-0.77333,-9.2751,3.7086
0.099524,0.10019,-0.098325,-0.76375,-9.3326,3.2944
0.073943,0.14482,-0.075942,-0.57221,-9.1913,2.9688
0.047031,0.16108,-0.064617,-0.56264,-8.8394,3.1627
0.10992,0.18959,-0.046498,-0.67277,-8.6646,3.2441
0.1295,0.17054,-0.023715,-0.75178,-8.5114,3.8307
0.17134,0.088865,-0.027712,-0.8691,-8.9567,3.9289
0.17533,0.098724,-0.023982,-0.826,-8.9232,3.5721
0.18239,0.12484,-0.032775,-0.68235,-8.7388,3.3351
0.17533,0.15708,-0.012124,-0.72065,-8.5329,3.4381
-0.083802,0.15468,0.060753,-0.65362,-8.418,4.1659
-0.097392,0.13896,0.098991,-0.79487,-8.5473,4.4125
-0.050628,0.075009,0.12364,-0.78051,-8.7053,4.2377
0.025181,0.048496,0.13097,-0.80206,-8.691,3.9025
0.28605,0.06515,0.06928,-0.84994,-9.4858,3.2585
0.17493,0.097792,0.03051,-0.73023,-9.2919,3.1292
-0.099923,0.057023,0.033041,-0.78051,-8.5832,4.0606
-0.047697,0.023449,0.039703,-0.87628,-8.5688,4.2497
-0.042234,0.049162,-0.0039969,-0.88107,-9.0477,3.9552
-0.19865,0.024648,-0.00866,-0.81163,-9.0621,4.5059
-0.20438,0.041168,-0.0073277,-1.0463,-8.9328,4.6543
-0.11618,0.089265,0.028778,-0.68953,-8.6526,4.1611
-0.081538,0.1287,0.024381,-0.71347,-8.8921,3.7254
-0.099657,0.12484,0.029444,-0.70629,-8.7077,4.458
0.0045299,0.11871,0.018253,-0.77093,-8.7867,4.6783
0.15988,0.1351,0.033841,-1.1109,-8.7556,4.549
0.24688,0.19478,-0.023715,-0.94332,-8.3486,4.1731
0.064884,0.1299,0.062752,-0.6201,-8.6167,4.1396
-0.11898,0.15841,0.054492,-0.83318,-9.1842,3.7014
-0.10778,0.11138,0.034374,-0.90261,-8.4707,4.9368
0.016654,0.057156,0.076741,-0.93134,-9.0549,4.944
-0.15761,0.041168,0.068081,-1.0487,-9.2703,4.1899
-0.1307,0.021051,0.035839,-1.0415,-9.0812,4.2353
-0.053292,0.019851,0.026913,-0.81163,-8.7652,4.1539
-0.001732,0.0437,0.037571,-0.84036,-8.8202,4.0294
0.005196,0.059288,0.049962,-0.81163,-9.1219,4.1061
-0.18959,0.07874,0.025847,-0.95768,-8.6143,4.0654
-0.265,0.072478,0.035173,-0.92656,-8.916,4.2329
-0.24861,0.087533,0.031043,-1.0008,-9.1578,4.1252
-0.26793,0.069547,0.0057289,-1.0199,-9.2871,3.9696
-0.18786,0.12937,-0.0041302,-0.84755,-9.2464,3.735
-0.07874,0.10872,-0.024914,-0.86191,-9.2368,4.1276
0.0035972,0.10405,-0.0046631,-0.83079,-9.2536,4.1875
0.057822,0.10019,-0.011191,-1.0439,-8.9471,4.2401
0.064217,0.10006,0.018519,-0.92177,-9.019,4.4125
-0.070346,0.061153,-0.0010658,-0.81642,-9.1219,4.3407
-0.15481,0.048363,-0.013057,-0.83318,-9.0692,4.2497
-0.15122,0.028511,0.0030643,-0.90501,-9.0261,4.4819
-0.07834,0.030243,0.011858,-0.87149,-8.9112,4.4484
-0.0074609,0.063018,0.0039969,-0.91937,-8.9208,3.9696
-0.045565,0.081538,-0.019185,-0.6608,-9.0908,3.9313
-0.050361,0.019585,-0.0058622,-0.94092,-8.8585,4.7525
-0.086067,-0.014655,0.0078606,-0.82121,-8.9064,4.6208
-0.11218,-0.018519,0.010925,-0.79487,-9.1866,4.1132
-0.13257,-0.033308,0.0089265,-0.82121,-8.9208,4.0366
-0.024381,-0.029577,0.030377,-0.76614,-9.1267,3.972
0.046098,0.005196,0.029044,-0.82839,-9.0046,3.6536
0.056623,0.019052,0.020917,-0.64404,-8.7484,3.3734
0.031443,0.061553,0.014922,-0.87149,-8.9926,3.3639
-0.049962,0.058222,-0.0066616,-0.87628,-9.1219,3.6512
-0.070213,0.065017,-0.033574,-0.85473,-9.086,4.0893
-0.068747,-0.0095926,0.0015988,-0.87628,-9.0621,4.0247
-0.020118,-0.027046,0.0074609,-0.7829,-9.1794,3.8211
-0.085934,-0.033574,0.020251,-0.82361,-8.7843,3.9385
-0.15108,-0.024115,0.021583,-0.76854,-8.9399,3.553
-0.10245,-0.0041302,0.064884,-0.66319,-8.9495,3.5386
-0.062752,-0.0042634,0.025314,-0.84515,-9.1554,3.5985
0.0042634,-0.013989,0.02638,-0.80206,-9.1985,3.8164
0.01772,-0.01692,0.025847,-0.94332,-9.3254,3.6823
0.020518,-0.018519,0.020118,-0.98641,-9.2201,3.6416
-0.03051,-0.031309,0.0090597,-0.84515,-9.2129,3.2753
-0.041701,0.0081271,-0.01772,-0.81163,-9.1506,3.1364
-0.071545,-0.0057289,-0.039436,-0.89064,-9.1961,4.0294
-0.099524,-0.033841,-0.039303,-1.0702,-9.0716,4.0821
-0.023049,-0.02225,-0.066482,-1.0463,-8.8322,4.2066
-0.057689,-0.045299,-0.020917,-0.99359,-8.8969,3.8618
0.028378,-0.10099,-0.0077274,-0.8667,-8.9591,4.063
0.02185,-0.049162,0.0025314,-0.94571,-9.0214,3.9504
0.022916,-0.042501,0.0061286,-0.96965,-8.9376,3.8642
-0.0082603,-0.00053292,0.0067948,-0.97444,-8.7532,4.2952
-0.066616,-0.061819,-0.010525,-0.96726,-9.1554,4.288
-0.13483,-0.06928,-0.023049,-1.0367,-9.1818,4.367
-0.12804,-0.089931,-0.024648,-1.0104,-9.0453,4.1539
-0.10099,-0.097525,-0.019185,-0.85473,-8.9854,4.0103
-0.044899,-0.085534,-0.017054,-0.78769,-9.0525,3.8379
-0.01732,-0.044366,-0.032242,-0.85234,-9.0309,3.7565
-0.0041302,-0.018119,-0.05196,-0.87388,-9.0836,3.9145
-0.023715,-0.013723,-0.070213,-0.85473,-9.0884,4.1803
-0.056357,-0.055824,-0.073943,-0.7853,-9.2464,4.6783
0.0037305,-0.096859,-0.078207,-0.96965,-9.2488,4.8459
0.012257,-0.11604,-0.083136,-1.0319,-9.1913,4.7836
0.010525,-0.11511,-0.085534,-0.78051,-9.1578,4.0462
-0.027446,-0.092729,-0.096459,-0.75417,-9.0429,3.9289
0.011858,-0.054492,-0.12577,-0.84994,-9.1387,3.9145
0.010259,-0.049429,-0.12497,-0.7829,-9.1147,4.3958
0.01732,-0.09153,-0.17054,-0.8691,-9.1123,4.5753
0.0025314,-0.11391,-0.13656,-0.77812,-9.0453,4.616
-0.025847,-0.12804,-0.13217,-0.66559,-8.8322,4.7501
-0.0015988,-0.15188,-0.10379,-0.58897,-8.7125,4.5993
-0.025847,-0.14096,-0.072211,-0.51475,-8.521,4.5801
0.044632,-0.12124,-0.060221,-0.48842,-8.7388,4.2784
0.076475,-0.092462,-0.023182,-0.40462,-8.7652,4.2569
0.065816,-0.10885,0.027579,-0.36392,-8.6143,4.3766
0.094594,-0.11511,0.054225,-0.48123,-8.734,4.1683
0.086067,-0.10365,0.036239,-0.58658,-8.6981,4.2832
0.14882,-0.07794,0.096992,-0.73023,-8.7963,4.4293
0.12817,-0.087,0.10112,-0.7039,-8.6718,4.3311
0.02145,-0.094861,0.094328,-0.56982,-8.6024,4.0773
-0.11298,-0.081937,0.054092,-0.63686,-8.7676,3.2633
-0.25447,-0.0033308,0.062485,-0.50039,-8.5545,3.3112
-0.22609,-0.043567,0.079139,-0.45729,-8.7771,3.6081
-0.18719,-0.04823,0.090997,-0.49799,-8.7652,3.3734
-0.22929,-0.05649,0.081804,-0.50278,-9.2296,3.7541
-0.2205,-0.059288,0.03957,-0.67995,-9.5265,3.7469
-0.12963,-0.085934,0.022916,-0.63446,-9.4451,3.45
-0.11058,-0.15282,0.014256,-0.39025,-9.4786,3.3662
-0.12444,-0.15988,0.024381,-0.4118,-9.4739,3.2322
-0.15348,-0.12364,0.055291,-0.6608,-9.3757,2.9329
-0.22703,-0.055158,0.049029,-0.47166,-9.3733,2.8252
-0.2598,-0.030243,0.037838,-0.54348,-9.3925,3.3591
-0.14389,-0.069813,0.05649,-0.60573,-9.4643,3.6871
-0.071545,-0.067815,0.046764,-0.49321,-9.6319,3.5003
-0.15028,-0.039303,-0.014123,-0.53151,-9.6582,2.964
-0.27659,0.003464,-0.046231,-0.54588,-9.2464,3.1627
-0.17014,0.0037305,-0.061286,-0.60094,-9.4954,3.237
-0.06515,-0.020384,-0.039836,-0.47884,-9.1051,3.6559
-0.12204,-0.010658,-0.020251,-0.56503,-8.9112,3.3782
-0.16041,-0.021184,-0.032375,-0.52194,-8.9376,3.6751
-0.12484,-0.050628,-0.010259,-0.69432,-8.9352,4.2545
-0.025447,-0.11138,0.0071945,-0.65122,-8.7676,3.8762
0.012391,-0.11804,0.014655,-0.69911,-8.7891,3.2705
0.0047963,-0.091263,0.025181,-0.69671,-8.6239,3.0742
-0.064084,-0.067015,0.0070613,-0.52194,-8.7101,2.9185
-0.12737,0.028245,0.019985,-0.48123,-8.825,2.8706
-0.1748,0.038104,0.0441,-0.49081,-8.9591,3.1699
-0.2169,0.055025,0.03917,-0.56024,-8.8155,3.1627
-0.24248,0.04783,0.023315,-0.48842,-8.8801,3.3184
-0.21877,0.027845,0.024781,-0.68953,-8.8777,3.5769
-0.13856,-0.0026646,0.038637,-0.82361,-8.928,3.7637
-0.071945,-0.05156,0.053292,-0.77333,-8.9088,3.7493
0.1243,-0.095527,0.03544,-0.72065,-9.2464,3.2537
0.2193,-0.10072,0.10912,-0.69911,-9.0812,3.134
0.23249,-0.092995,0.10845,-0.62249,-8.8322,3.1867
0.16014,-0.073677,0.071545,-0.73502,-8.9519,3.122
-0.17813,-0.02638,0.054758,-0.85712,-8.9807,3.292
-0.32722,-0.019718,0.044766,-0.67756,-8.9902,3.2058
-0.34733,0.0047963,0.047297,-0.64643,-9.1626,3.1316
-0.33481,0.020384,0.04823,-0.55067,-9.0812,3.1484
-0.27206,0.046631,0.049296,-0.54827,-9.1123,2.8204
-0.11072,0.072211,0.037704,-0.66559,-9.1315,2.9592
-0.044233,0.057423,0.047297,-0.62728,-9.2751,3.4189
0.015988,0.0082603,0.050361,-0.826,-9.3685,3.7733
0.10658,-0.038237,0.041701,-0.92656,-9.493,3.7804
0.20225,-0.090064,0.10485,-0.87628,-9.3422,3.2872
0.052227,-0.071145,0.063818,-0.62489,-9.335,2.5738
-0.10259,-0.050894,0.057289,-0.47405,-9.2129,2.4349
-0.20424,-0.02145,0.03544,-0.72544,-9.3948,2.4134
-0.22303,0.0042634,0.016254,-0.88585,-9.1051,2.4708
-0.1708,0.0014655,0.021184,-0.89783,-9.493,3.0191
-0.11151,-0.021983,0.018919,-0.85712,-9.7109,2.7869
-0.17,0.033708,-0.014256,-0.85712,-9.7971,2.5235
-0.081271,0.013989,-0.030243,-0.8691,-9.7157,2.5115
-0.067681,-0.014789,-0.0055957,-1.0726,-9.3063,3.237
0.024115,-0.029844,0.013323,-1.0678,-9.2799,3.1963
-0.016121,-0.0015988,-0.0037305,-0.83797,-9.4667,2.7749
-0.081538,0.0027979,0.0045299,-0.71108,-9.4164,2.8754
-0.064884,0.019851,0.00079939,-0.68714,-9.3565,2.7677
-0.066882,0.034907,-0.0079939,-0.6608,-9.3541,2.7557
-0.11924,0.0067948,0.018652,-0.95529,-9.3925,3.201
-0.039836,-0.011591,-0.034107,-0.9098,-9.4308,2.988
-0.032775,0.0041302,-0.011591,-0.79966,-9.3661,2.6504
-0.028245,0.0087933,-0.0070613,-0.68474,-9.1961,2.7581
-0.06555,0.0023982,-0.020118,-0.67038,-9.0549,2.9856
-0.11898,-0.0066616,-0.029311,-0.60573,-9.1698,3.0765
-0.14216,-0.0055957,-0.037571,-0.70868,-9.2416,2.9592
-0.041968,-0.020118,-0.023715,-0.81163,-9.153,3.2753
0.029844,-0.044366,0.0071945,-0.91937,-9.0501,3.4572
0.098458,-0.01692,0.010792,-0.73502,-9.3063,2.7869
-0.046231,-0.011058,0.023582,-0.46687,-9.0788,2.7677
-0.093528,-0.0025314,0.033175,-0.69911,-9.1506,2.8491
-0.086067,-0.0046631,0.047164,-0.65362,-9.2344,2.988
-0.053026,-0.017453,0.019052,-0.59616,-9.5505,3.0382
-0.11325,-0.022516,0.010259,-0.66559,-9.323,3.2058
-0.10832,-0.029844,0.023315,-0.67995,-9.2608,2.9808
-0.069813,-0.043567,0.03544,-0.70629,-9.2895,2.8754
-0.064617,-0.028911,0.045032,-0.68953,-9.1913,2.6863
0.071279,-0.017587,0.047164,-0.577,-9.2536,2.7605
0.089531,-0.013856,0.039303,-0.59137,-9.414,2.9113
0.14615,-0.062752,0.05689,-0.65362,-9.3326,3.3016
0.10032,-0.058355,0.031976,-0.59616,-9.3757,2.6863
-0.0866,-0.055291,0.024914,-0.60094,-9.4571,2.7485
-0.18413,-0.05609,0.035173,-0.64883,-9.414,2.8683
-0.14043,-0.045165,0.057289,-0.59137,-9.3948,2.4086
-0.11858,-0.02638,0.048096,-0.65841,-9.4379,2.2529
-0.13576,-0.023449,0.025047,-0.73023,-9.5026,2.4948
-0.14615,-0.015855,0.011991,-0.80685,-9.6941,2.5905
-0.13989,-0.037838,0.016121,-0.73023,-9.912,2.5881
-0.0866,-0.058222,0.0043966,-0.77812,-9.7324,2.4062
-0.021983,-0.062219,0.0014655,-0.64165,-9.7683,2.2673
-0.12444,-0.044899,-0.037838,-0.85712,-9.6103,2.1524
-0.29058,0.028511,-0.013057,-1.1684,-9.3494,2.2242
-0.18279,0.031976,-0.006928,-1.0942,-9.2129,2.6504
0.14256,0.11445,0.00066616,-0.91219,-9.1099,2.1117
0.26939,0.15535,-0.0011991,-1.0558,-8.8202,2.1715
0.2225,0.14855,-0.01772,-0.80685,-9.0884,2.5642
0.040369,0.172,-0.07874,-1.008,-9.2608,2.8012
0.050495,0.13949,-0.065949,-0.76854,-9.1411,3.292
0.16654,0.096593,-0.0050628,-0.84755,-8.9591,3.0718
0.28578,0.10778,0.019185,-0.91698,-8.7412,2.909
0.33734,0.10632,0.024648,-0.82121,-8.8705,2.7102
0.23768,0.17613,0.03544,-0.86191,-8.6957,2.794
0.18173,0.16121,0.017187,-0.82839,-9.0166,3.316
0.53372,0.20091,-0.044766,-1.0822,-9.2727,3.6464
0.75049,0.19785,-0.11325,-0.66798,-9.3494,3.6559
0.88359,0.18106,-0.12297,-0.73263,-9.3709,3.6296
0.86001,0.22623,-0.1323,-0.51715,-8.4659,3.7733
0.79193,0.25634,-0.055025,-0.62728,-8.3246,3.9552
0.74063,0.25154,-0.037971,-0.70629,-8.1834,4.8961
0.58768,0.24248,-0.040236,-0.76614,-8.4851,5.0422
0.6118,0.27139,-0.066216,-0.72305,-8.5976,5.0374
0.95034,0.23222,-0.1327,-0.83318,-8.9711,5.3032
0.64377,0.32815,-0.11005,-0.57221,-8.0254,4.9823
0.52533,0.33974,-0.080605,-0.57221,-7.6399,5.3103
0.45205,0.34587,-0.037172,-0.66798,-7.4388,5.9687
0.28978,0.3011,-0.0054625,-0.75896,-7.7764,6.1746
0.087666,0.3043,0.010658,-0.64643,-8.1307,6.0358
0.17373,0.21117,0.031576,-0.62968,-8.0541,6.3662
0.41288,0.13923,0.041168,-0.75417,-8.4276,6.4117
0.49202,0.051028,-0.053026,-0.81403,-9.2464,5.7748
0.27552,0.077008,-0.066349,-0.79248,-8.7915,5.1619
0.15495,0.092329,-0.073677,-0.73741,-8.3007,5.1906
0.19558,0.10952,-0.054092,-0.67756,-8.1403,5.2553
0.17467,0.089931,-0.027179,-0.67038,-7.9368,5.7892
0.080871,0.042634,-0.00026646,-0.69911,-8.1642,6.1028
-0.026646,-0.0087933,-0.044632,-0.5794,-8.6574,5.8969
-0.054225,0.0039969,-0.062885,-0.9074,-8.7077,5.1667
0.050894,0.045698,-0.041568,-0.72305,-8.4922,5.126
-0.013323,0.034907,-0.02638,-0.74699,-8.2887,5.3247
-0.11924,0.029444,0.0099923,-0.73023,-8.1954,5.7604
0.070346,-0.031976,0.020518,-0.91937,-8.4707,5.9568
0.14296,-0.042234,0.014256,-0.74699,-8.6694,5.7868
0.089665,-0.051161,0.0023982,-0.67995,-8.7604,5.466
0.010658,-0.041701,-0.022516,-0.82121,-8.77,5.3415
-0.0021317,-0.046631,-0.034907,-0.85473,-8.6742,5.6192
0.12297,-0.070746,-0.053292,-0.83318,-8.6598,5.6024
0.16814,-0.095793,-0.059421,-0.75657,-8.6503,5.8059
0.14096,-0.097925,-0.061686,-0.8691,-8.6215,5.7317
0.093528,-0.10778,-0.050628,-0.79248,-8.4515,5.8227
0.16734,-0.12124,-0.067948,-0.7039,-8.157,5.782
0.32508,-0.12111,-0.028911,-0.63446,-8.2887,5.6192
0.43207,-0.12484,-0.022649,-0.77093,-8.3941,5.4875
0.54878,-0.13749,-0.073544,-0.79248,-8.4539,5.4612
0.71838,-0.15388,-0.12351,-0.7422,-8.6574,5.5091
0.83483,-0.1243,-0.16934,-0.73502,-8.4324,5.2912
0.95127,-0.097126,-0.17094,-0.71826,-8.4443,5.272
1.0543,-0.099391,-0.18106,-0.63207,-8.2145,5.6168
1.2075,-0.13576,-0.10765,-0.51236,-8.09,6.2058
1.2395,-0.14123,-0.058489,-0.64643,-7.5992,6.2656
1.2766,-0.16014,-0.016654,-0.577,-7.4364,6.0789
1.3235,-0.11564,-0.0097259,-0.48363,-7.367,5.624
1.2814,-0.098325,0.0027979,-0.3711,-7.5944,5.6599
1.3486,0.0023982,0.063418,-0.33519,-7.0749,5.6647
1.5978,0.083536,0.099391,-0.31603,-6.8043,5.9209
1.93,0.11111,0.22942,-0.23703,-6.7469,6.1124
2.2775,0.15521,0.26566,0.023942,-6.6176,5.9328
2.1402,0.041701,0.4763,-0.63686,-5.9616,8.2672
2.2609,0.023848,0.81018,-1.1061,-5.5881,7.1874
1.9501,0.052093,0.87,-0.72784,-5.5737,7.2832
1.2834,-0.011191,0.90344,-0.69911,-6.3853,7.276
1.3395,0.033441,0.72877,-0.84036,-7.173,6.687
1.5324,0.12377,0.5212,-0.75417,-7.5298,6.3925
1.6526,0.20651,0.36399,-0.46448,-7.2903,6.1411
1.777,0.3532,0.26526,-0.59376,-6.9192,5.9089
2.0197,0.41888,0.14922,-0.79727,-6.9264,6.5003
2.2058,0.43553,0.013856,-1.1253,-7.2472,7.2305
2.2126,0.36465,-0.075276,-1.4892,-6.9528,8.6526
2.2532,0.27113,-0.052893,-1.6352,-6.4548,9.8378
2.668,0.05236,-0.079273,-1.3934,-4.944,9.1051
2.6605,0.029044,-0.016387,-1.1851,-4.1994,8.9543
2.6709,0.13443,0.049695,-0.88346,-3.9504,7.7572
2.7512,0.25008,0.11631,-0.95529,-3.8235,7.094
2.7707,0.35373,0.13816,-0.84515,-3.8164,7.2161
2.1835,0.40356,0.20025,-0.89064,-3.9002,8.928
1.6565,0.26513,0.10339,-1.2306,-4.0438,10.736
1.3416,0.048496,0.11631,-1.4269,-4.0869,12.028
1.5276,-0.18199,0.14709,-1.4605,-3.1556,10.25
1.8694,-0.11684,0.14802,-1.1827,-3.1627,9.1794
1.8892,-0.079406,0.13097,-0.80924,-3.1149,8.916
2.0298,-0.045432,0.10325,-0.79009,-3.0933,9.2823
2.2162,-0.015588,0.07341,-1.1612,-3.3351,9.4284
1.8245,-0.09526,-0.024515,-1.0008,-2.8443,10.424
1.3713,-0.16734,-0.016787,-1.0271,-2.375,10.992
1.0271,-0.22769,-0.0010658,-1.1947,-2.1596,10.819
0.92156,-0.25394,-0.054092,-1.2186,-2.3703,10.613
0.91996,-0.27872,-0.053825,-1.0199,-2.4469,10.364
0.95194,-0.26753,-0.033841,-0.90501,-1.9585,10.206
0.99191,-0.26273,0.079273,-1.0511,-1.1372,10.046
1.2085,-0.24368,0.15855,-0.69192,-1.2833,9.8809
1.2784,-0.29164,0.018386,-1.0702,-2.6935,10.549
1.0766,-0.3901,-0.011458,-1.1851,-2.4493,10.774
0.97352,-0.40609,-0.03464,-0.93134,-1.8914,10.477
0.88825,-0.40795,-0.03917,-0.68235,-1.075,9.8952
0.84815,-0.41888,-0.0079939,-0.50039,-0.42617,9.8689
0.91183,-0.42567,0.061686,-0.48602,0.13408,9.6175
1.0311,-0.38131,0.073943,-0.50757,-0.52912,9.4619
1.0512,-0.34947,0.028911,-0.64883,-0.9481,9.7252
1.071,-0.3925,0.032908,-0.90501,-1.1277,10.405
1.1009,-0.42634,0.03504,-0.9912,-1.0127,10.432
1.115,-0.43766,0.023315,-0.69192,-0.59616,10.19
1.2072,-0.40982,-0.053426,-0.56024,-0.47405,9.4068
0.89665,-0.40889,-0.081005,-0.064643,0.11253,9.8497
0.69254,-0.40502,-0.010259,-0.13647,0.61052,9.6079
0.68334,-0.3873,-0.014123,-0.55067,0.60094,9.2871
0.87919,-0.29711,-0.032242,-0.47166,0.047884,9.3805
0.90517,-0.33228,-0.068481,-0.49081,-0.019154,10.044
1.0921,-0.40995,-0.29178,-0.47645,-0.46926,10.185
1.1314,-0.42767,-0.28591,-0.27533,0.49799,10.123
1.1249,-0.45512,-0.20931,0.043096,0.72065,10.036
1.1838,-0.6924,-0.019585,-0.69911,0.84276,9.8474
1.1818,-0.21583,-0.015055,-0.026336,-0.43814,8.5449
0.83509,-0.62805,-0.014789,1.2522,1.6328,11.499
0.64177,-0.31189,0.0031975,-0.13647,0.77572,8.8202
0.6503,-0.35719,-0.042767,-0.39504,0.48123,10.101
0.74077,-0.33574,-0.0083936,0.083797,1.2426,10.345
0.65337,-0.31936,0.063685,0.13647,1.5802,10.309
0.58822,-0.29511,0.012923,-0.15802,0.60334,10.534
0.53626,-0.25194,0.027446,0.071826,1.5299,10.523
0.45245,-0.23382,0.065683,0.27533,1.7645,10.341
0.42048,-0.20518,0.073144,0.16999,1.5874,10.216
0.38277,-0.15881,0.090997,0.34955,1.9968,10.24
0.38104,-0.16641,0.099124,0.2466,1.5395,10.321
0.35466,-0.23515,0.041435,0.25139,1.1851,10.017
0.27805,-0.17187,0.014256,0.3735,1.6113,9.8043
0.21344,-0.11258,-0.033441,0.16759,2.0566,9.9431
0.20211,-0.071145,-0.039037,0.21069,1.8938,10.487
0.21823,-0.12244,0.018519,0.21069,1.8364,10.81
0.20025,-0.12644,0.0429,0.48123,2.0375,10.676
0.023715,0.067948,-0.02558,0.46448,1.9896,9.9383
-0.19851,0.14123,-0.044766,0.64404,2.3056,10.041
-0.33921,0.14989,-0.01692,0.80445,2.6073,10.625
-0.36465,0.11205,0.077407,0.59616,2.8659,11.497
0.019718,0.11751,0.048096,0.25618,1.9561,10.53
0.10099,0.058755,-0.032242,-0.11253,1.4222,10.709
-0.011591,0.029311,0.051427,0.11492,1.3216,11.097
-0.10325,-0.082204,0.086734,0.39983,1.3144,11.052
-0.46631,-0.0027979,0.03464,0.24421,1.664,9.2512
-0.47017,0.0429,0.068747,0.10295,2.0494,9.4667
-0.42221,0.1347,0.055557,0.3304,1.8579,9.1291
-0.44299,0.1736,0.0433,0.11492,1.4006,9.0166
-0.55997,0.3047,0.019452,0.20111,1.506,8.8849
-0.62858,0.31309,0.044499,0.021548,1.4509,9.8641
-0.48523,0.24981,0.085534,0.19393,1.2043,9.6606
-0.41901,0.26926,0.021983,0.11971,0.43574,9.0429
-0.37038,0.28631,-0.033708,-0.095768,0.29928,9.4379
-0.2586,0.23768,0.019585,0.07422,1.8076,10.824
-0.26287,0.10552,0.12391,0.076614,1.834,11.056
-0.33001,0.080472,0.11018,0.035913,1.9178,10.613
-0.36319,0.097126,0.092063,0.038307,1.8723,10.257
-0.36892,0.1299,0.020651,-0.021548,1.6903,10.027
-0.2141,0.13816,-0.00039969,-0.13168,1.8555,10.235
