-0.036239,0.031709,0.0078606,1.2043,-0.10774,10.12
-0.00093262,-0.0023982,0.0089265,1.2258,-0.11253,10.206
-0.067815,-0.0019985,0.0067948,1.2043,-0.12929,10.18
-0.031576,-0.0035972,0.0073277,1.1732,-0.13647,10.183
-0.036772,-0.0018652,0.0085268,1.1085,-0.1221,10.192
-0.034374,0.00053292,0.0078606,1.2426,-0.13886,10.144
-0.067948,-0.0010658,0.010126,1.221,-0.12689,10.108
-0.068214,0.0019985,0.0058622,1.245,-0.11013,10.099
-0.03091,0.0023982,0.0063951,1.154,-0.10534,10.309
-0.00053292,0.0013323,0.011458,1.1947,-0.11971,10.185
-0.068081,0.0037305,0.010925,1.2067,-0.13647,10.281
-0.030377,0.0011991,0.0085268,1.2234,-0.15083,10.183
-0.029844,0.0026646,0.0087933,1.1636,-0.12689,10.195
-0.033175,0.0026646,0.0090597,1.2186,-0.11732,10.197
-0.032508,0.0019985,0.0089265,1.1684,-0.098162,10.161
-0.031309,-0.0027979,0.0094594,1.1779,-0.083797,10.171
-0.033041,0.0030643,0.009193,1.3431,-0.11971,10.23
-0.00053292,0.0050628,0.0087933,1.1827,-0.11253,10.092
-0.034773,0.0030643,0.0067948,1.0918,-0.17717,10.238
-0.037438,0.0053292,0.0085268,1.1229,-0.15323,10.156
-0.038237,0.0041302,0.0094594,1.0989,-0.14126,10.163
-0.038904,0.0038637,0.0083936,1.3288,-0.098162,10.058
-0.041302,0.0029311,0.0066616,1.1923,-0.1221,10.111
-0.037704,0.0038637,0.0078606,1.2115,-0.19154,10.099
-0.037704,0.0037305,0.0099923,1.1899,-0.0095768,10.262
-0.036505,0.00013323,0.0049296,1.1588,-0.30167,10.226
-0.033175,0.0015988,0.010792,1.142,-0.098162,10.209
-0.033708,-0.0029311,0.010392,1.1612,-0.13647,10.168
-0.036372,-0.0010658,0.0081271,1.1516,-0.13647,10.25
-0.00026646,0.0030643,0.0075942,1.1899,-0.10774,10.168
-0.034374,0.0011991,0.0097259,1.3384,-0.15083,10.206
-0.031842,-0.00053292,0.009193,1.1803,-0.11013,10.199
-0.033974,0.0013323,0.0067948,1.1588,-0.17717,10.175
-0.00039969,0.00039969,0.012524,1.1588,-0.098162,10.178
-0.033841,0.032242,0.0083936,1.1564,-0.17478,10.218
-0.036106,0.0059954,0.011191,1.2761,-0.16041,9.9766
-0.036106,-0.032775,0.011591,1.3455,-0.038307,10.108
-0.033974,-0.00066616,0.0094594,1.2115,-0.12929,10.156
-0.035306,0.0011991,0.0079939,1.1109,-0.14126,10.135
-0.036372,0.0010658,0.0055957,1.1612,-0.076614,10.223
-0.032775,-0.0015988,0.011058,1.1803,-0.12929,10.034
-0.036239,0.033041,0.0059954,1.1636,-0.28012,10.264
-0.031576,-0.00066616,0.010259,1.2043,-0.11971,10.072
-0.035706,0.0014655,0.0097259,1.1444,-0.10534,10.257
-0.03504,0.0029311,0.0075942,1.1947,-0.12929,10.161
-0.031176,0.0022649,0.0085268,1.2091,-0.014365,10.173
-0.037438,0.00079939,0.011991,1.166,-0.13168,10.149
-0.032642,0.00079939,0.0089265,1.1588,-0.12689,10.202
-0.031842,0.00053292,0.0079939,1.2091,-0.29688,10.159
-0.032109,0.0025314,0.0087933,1.2091,-0.0071826,10.13
-0.033308,0.001732,0.011724,1.1684,-0.30167,10.154
-0.034374,-0.0011991,0.006928,1.1684,-0.0071826,10.137
-0.034107,0.0011991,0.011058,1.1923,-0.095768,10.12
-0.031842,0.0023982,0.01279,1.166,-0.10534,10.4
-0.037038,0.033441,0.0075942,1.1588,-0.10295,10.18
-0.00053292,0.0022649,0.0047963,1.1612,-0.18914,10.116
-0.034374,0.005196,0.009193,1.1684,-0.12689,10.142
-0.036239,0.0029311,0.00866,1.2019,-0.15323,10.178
-0.036239,-0.0031975,0.0062619,1.1708,-0.28491,10.046
-0.032642,0.00039969,0.012124,1.1588,-0.20111,10.166
-0.032375,0,0.010658,1.1516,-0.055067,10.154
-0.032642,-0.001732,0.011724,1.1899,-0.11492,10.135
-0.028911,-0.0021317,0.0083936,1.1827,-0.0047884,10.381
-0.035306,-0.00093262,0.010259,1.1732,-0.10295,10.262
-0.03504,0.0042634,0.00866,1.1684,-0.18675,10.123
-0.031842,0.0041302,0.013723,1.166,-0.25139,10.247
-0.0070613,-0.0099923,0.33255,1.5443,-6.0597,10.142
-0.011991,-0.0071945,0.25807,1.2139,-0.68953,10.47
-0.024648,-0.0059954,0.25607,1.1492,-0.4142,10.336
-0.019985,0.010658,0.3099,1.1588,-1.7142,10.616
-0.015855,0.026779,0.35266,0.98162,-2.6456,10.613
-0.017587,-0.028511,0.20211,1.0965,-1.1396,10.513
-0.024381,0.067415,0.13936,1.4629,-4.1851,9.4691
-0.037038,0.060087,0.1716,0.77093,-2.7222,9.9886
-0.057822,0.010658,0.0042634,1.4341,-0.59855,11.207
-0.050894,0.038637,-0.11631,1.7573,-1.3767,12.122
-0.00053292,-0.011591,-0.064217,1.664,-0.69671,8.5952
-0.032775,-0.0098591,-0.019985,1.9201,-0.050278,10.889
-0.023049,-0.062752,-0.016654,3.0239,-2.0279,11.346
-0.033574,-0.029178,0.16414,0.53151,-0.7015,10.187
-0.045965,0.026513,0.030243,1.5658,-2.7869,12.052
-0.040636,0.012391,-0.19758,-0.22266,0.043096,10.427
-0.048896,0.014389,-0.28645,0.57221,-0.54109,10.623
-0.048096,0.027446,-0.18426,2.1093,0.39504,9.7444
-0.047697,-0.011325,-0.17467,1.9824,-1.5778,12.89
-0.027845,0.046764,-0.13323,1.4174,-0.81403,7.9057
-0.05609,-0.031976,-0.20904,1.2594,1.798,9.5672
-0.0061286,-0.038371,-0.27486,1.5083,-0.67995,9.6606
-0.038504,-0.025314,-0.24981,0.56264,0.02873,9.1554
-0.054358,0.028645,-0.26886,0.081403,2.3559,10.657
-0.053692,0.028245,-0.17866,0.68714,1.1205,10.463
-0.054758,0.033708,-0.13296,1.8387,2.0686,9.8881
-0.041302,0.0067948,-0.1359,1.0175,3.7469,10.57
-0.049562,0.016654,-0.16601,1.5802,0.80924,10.664
-0.05236,0.0095926,-0.078207,0.14844,2.8826,10.271
-0.046631,0.0062619,-0.0061286,0.20111,1.3336,10.156
-0.044766,-0.0067948,0.0095926,1.1109,-0.10056,10.266
-0.04823,-0.011858,0.010126,1.0942,-0.076614,10.216
-0.05156,-0.0010658,-0.068481,-0.34237,5.3271,10.247
-0.0437,-0.01279,-0.14349,0.79009,2.4349,10.214
-0.0058622,0.019319,-0.11165,0.4118,2.4493,9.9647
-0.030776,-0.005196,-0.0042634,0.68714,4.5394,11.801
-0.026113,-0.0077274,0.077674,1.5131,4.1372,11.511
-0.016521,-0.0087933,0.37251,0.69671,1.7549,8.6622
-0.00866,-0.024381,0.50708,1.3288,0.75657,8.5234
0.0027979,-0.026113,0.61473,0.34716,4.9368,11.559
-0.0099923,-0.038237,0.67322,1.5443,2.6576,9.2943
-0.016787,-0.011591,0.68161,0.78051,1.2019,8.983
-0.0066616,0.0059954,0.43154,0.76614,4.3574,10.97
-0.027312,-0.032508,0.37824,0.63446,-0.60334,10.862
-0.018119,0.057822,0.19438,0.56264,1.1947,9.821
0.0071945,-0.011458,0.31003,1.2019,1.2761,9.6965
-0.061953,0.028245,0.37478,1.8794,-0.74699,10.707
-0.052493,-0.041968,0.27113,1.7071,-2.3152,11.243
-0.010392,-0.012257,0.14642,0.56982,-3.3734,9.086
-0.0074609,0.078473,0.18173,0.72305,-4.6256,12.876
-0.022383,-0.027446,0.2137,1.1133,-5.0039,8.9878
-0.060221,0.0095926,0.21264,1.7286,-8.6933,8.6215
-0.018119,-0.029178,0.14123,0.88346,-4.142,7.7309
-0.025314,-0.022916,0.11471,1.2689,-5.7604,9.4332
-0.016654,-0.023848,0.085934,2.3679,-6.2393,10.005
-0.015455,-0.015188,0.010525,2.3248,-1.98,10.041
-0.023449,0.021717,-0.0071945,1.2234,-0.40701,10.195
-0.031576,-0.010925,-0.2177,2.6193,-8.7628,10.245
-0.047297,0.027845,-0.11405,0.68235,-4.956,10.405
-0.054092,0.01279,-0.045965,1.1899,-5.3127,9.6127
-0.043966,-0.025447,-0.088066,1.7933,-5.035,11.281
-0.060354,0.011191,-0.013323,1.8172,-5.533,11.59
-0.053026,-0.0062619,-0.058222,0.51954,-5.4803,11.14
-0.03917,-0.022116,-0.078074,2.1572,-3.3136,11.858
-0.039436,0.063685,-0.18572,0.72065,-2.478,11.875
-0.062219,0.083802,-0.28818,1.9034,-0.95289,9.663
-0.040502,0.0026646,-0.18626,1.3479,-1.6185,10.252
-0.058222,-0.08207,-0.23888,1.7238,-0.80924,10.743
-0.038504,0.032242,-0.46178,0.87867,-1.8316,9.177
-0.05156,-0.056757,-0.61087,1.0989,-0.70629,12.687
-0.050761,-0.022116,-0.53053,2.4253,-0.29688,9.8904
-0.048096,-0.042767,-0.51481,1.6281,-1.6472,11.796
-0.063285,-0.0033308,-0.54172,2.5115,1.47,6.9623
-0.08287,-0.029977,-0.6543,1.1851,1.1061,10.86
-0.080205,-0.028112,-0.62992,0.16041,4.9728,8.746
-0.056623,0.015322,-0.47404,1.7669,5.0135,10.209
-0.06475,0.020118,-0.10365,-1.0367,0.38786,11.935
-0.022783,0.019851,-0.076208,1.8675,3.9361,10.355
-0.019319,0.0441,0.099257,2.4277,4.3646,8.2815
-0.02598,0.0030643,0.037971,0.34477,4.5633,12.141
-0.031576,0.0078606,0.046231,0.098162,3.1388,10.053
-0.00039969,0.022916,0.040902,0.34716,3.5793,10.19
-0.032908,0.0070613,0.032375,-0.25379,2.3415,10.3
-0.046098,-0.010925,0.0078606,1.1253,-0.13647,10.178
-0.054225,-0.0083936,0.011458,1.1468,-0.0095768,10.001
-0.021583,0.0045299,0.31376,-1.1133,6.8235,10.307
-0.027845,-0.0067948,0.11724,0.52672,3.2848,9.2488
-0.024648,0.0067948,0.12284,1.2378,3.1005,10.573
-0.020784,0.029577,0.20971,0.77093,2.3176,10.58
0.0018652,-0.010658,0.12657,0.56743,2.5881,6.0932
-0.02558,0.06142,0.16361,0.55545,2.059,9.5648
0.00013323,-0.043567,0.1768,1.4006,0.63686,10.556
-0.024115,0.011458,0.10339,0.77572,4.1013,9.9671
-0.038504,-0.005196,0.34027,2.059,4.0725,9.6391
-0.029711,-0.064084,0.41755,1.3455,0.22027,11.566
-0.046364,0.03464,0.49202,1.9273,1.8866,10.489
-0.064884,-0.014389,0.46538,1.2833,-0.53151,10.554
-0.023582,0.0013323,0.37505,0.50996,0.64404,9.4619
-0.013989,0.058755,0.28791,0.54348,-2.7342,11.588
0.014789,-0.01692,0.22649,1.5443,-4.1324,10.197
-0.029044,-0.031842,0.17213,0.64883,-0.43096,10.353
0.0071945,0.0057289,0.24648,0.52912,-3.2609,10.321
-0.032908,0.012257,0.10006,0.40701,-3.79,10.353
-0.021583,-0.020384,0.10938,1.0894,-3.1005,10.853
-0.010392,0.042368,0.010259,0.93374,-5.9759,10.781
-0.045165,-0.010925,-0.081538,1.5969,-2.8922,9.7061
-0.038371,0.0090597,-0.013723,1.7621,-1.8196,10.082
-0.040902,0.031842,-0.00093262,1.6017,-2.5714,10.206
-0.034507,-0.001732,0.0023982,1.3886,-1.1277,10.094
-0.027446,0.0026646,0.0074609,1.166,-0.4142,10.149
-0.028778,0.0059954,0.0087933,1.1732,-0.14365,10.139
-0.034107,0.00866,0.0098591,1.1827,-0.081403,10.159
-0.035706,0.0073277,0.012391,1.2163,-0.13647,10.187
-0.03917,0.009193,0.0094594,1.1756,-0.17957,10.204
-0.033841,0.0053292,0.010525,1.1636,-0.20351,10.19
-0.068214,-0.001732,0.011591,1.142,-0.16041,10.118
-0.033974,-0.0018652,0.0098591,1.1468,-0.10774,10.159
-0.035306,-0.0027979,0.009193,1.1516,-0.14605,10.171
-0.034507,0.0025314,0.0087933,1.1468,-0.069432,10.142
-0.038904,0.0045299,0.0090597,1.1349,-0.16041,10.125
-0.040502,0.0050628,0.0079939,1.1468,-0.12929,10.19
-0.038504,0.003464,0.0067948,1.1468,-0.14605,10.178
-0.040902,0.0055957,0.0078606,1.1349,-0.19393,10.197
-0.00013323,0.00039969,0.0062619,1.1803,-0.14844,10.185
-0.031176,-0.0019985,0.0094594,1.1588,-0.13168,10.072
-0.032375,0.0029311,0.0097259,1.1372,-0.16999,10.13
-0.032775,-0.0013323,0.0073277,1.1468,-0.17478,10.156
-0.032775,-0.00066616,0.0094594,1.0391,-0.15323,10.144
-0.035839,-0.0029311,0.0070613,1.1301,-0.13647,10.195
-0.036239,0.033841,0.0099923,1.0726,-0.15562,10.147
-0.00079939,-0.0019985,0.011058,1.0894,-0.16759,10.228
-0.033841,0.00026646,0.0074609,1.1516,-0.16759,10.178
-0.035972,-0.0031975,0.011325,1.1253,-0.12689,10.233
-0.032775,0.0015988,0.0097259,1.1923,-0.13886,10.245
-0.032242,0.033974,0.0082603,1.2306,-0.18196,10.297
-0.032109,-0.0026646,0.0075942,1.1468,-0.16041,10.199
-0.030243,0.0014655,0.0099923,1.221,-0.16999,10.08
-0.031709,-0.032908,0.0095926,1.1779,-0.16281,10.221
-0.033041,0.0027979,0.0095926,1.154,-0.15802,10.192
-0.030643,-0.001732,0.0079939,1.2043,-0.13886,10.178
-0.039969,0.00013323,0.0095926,1.1803,-0.11971,10.266
-0.036239,-0.0011991,0.0097259,1.2019,-0.15323,10.18
-0.037438,0.0018652,0.0094594,1.1756,-0.14126,10.19
-0.00039969,0.0022649,0.0090597,1.1564,-0.11013,10.139
-0.03544,0.00079939,0.011591,1.1349,-0.17238,10.046
-0.03957,0.0070613,0.0075942,1.1253,-0.13168,10.195
-0.036639,0.0029311,0.009193,1.1827,-0.15323,10.127
-0.039836,0.0026646,0.0089265,1.0846,-0.11732,10.262
-0.036505,0.0058622,0.00866,1.154,-0.13647,10.163
-0.033574,-0.033574,0.0074609,1.1899,-0.11732,10.259
-0.034773,0.0045299,0.0098591,1.1325,-0.14126,10.19
-0.037704,0.033974,0.0085268,1.1875,-0.035913,10.089
-0.037305,0.0029311,0.0075942,1.154,-0.14365,10.125
-0.034907,-0.00013323,0.0063951,1.2091,-0.0047884,10.221
-0.033175,0.0014655,0.00866,1.1588,-0.16041,10.151
-0.038237,-0.0011991,0.0087933,1.1827,-0.16041,10.23
-0.03877,0.033441,0.006928,1.1564,-0.16041,10.159
-0.036505,0.0025314,0.0081271,1.1085,-0.16999,10.166
-0.067815,-0.0014655,0.009193,1.0894,-0.15323,10.175
-0.0013323,0.0022649,0.0050628,1.3455,-0.088585,10.082
-0.036639,-0.00093262,0.011325,1.1516,-0.19872,10.266
-0.031576,0.0010658,0.0085268,1.2067,-0.13886,10.192
-0.034773,0.0021317,0.0085268,1.2019,-0.14844,10.197
-0.036239,0.0042634,0.010925,1.1372,-0.0023942,10.221
-0.0022649,0.0010658,0.009193,1.154,-0.17238,10.149
-0.067282,0.0030643,0.0078606,1.2186,-0.16999,10.209
-0.035972,0.0023982,0.0053292,1.1205,-0.30646,10.171
-0.035306,-0.0031975,0.0078606,1.1708,-0.22745,10.123
-0.031976,-0.033974,0.0098591,1.0846,-0.0095768,10.06
-0.00013323,0.0014655,0.010126,1.1803,-0.17478,10.149
-0.034907,-0.0018652,0.0089265,1.0918,-0.13647,10.142
-0.033308,-0.0021317,0.0078606,1.1708,-0.1652,10.163
-0.031576,0.0022649,0.0077274,1.257,-0.02873,10.211
-0.035173,0.0010658,0.0098591,1.142,-0.16281,10.393
-0.038904,0.00079939,0.0095926,1.154,-0.16999,10.099
-0.068081,0.005196,0.0087933,1.1779,-0.18675,10.309
-0.035706,0.00053292,0.0057289,1.2019,-0.29928,10.118
-0.034773,-0.0014655,0.0063951,1.1588,-0.21548,10.211
-0.033841,-0.0023982,0.0079939,1.1732,-0.098162,10.18
-0.033175,0.032775,0.0054625,1.1827,-0.0095768,10.168
-0.067815,0.033974,0.0095926,1.1396,-0.11492,10.142
-0.043567,0.033441,0.010925,1.1899,-0.0095768,9.9886
-0.0429,-0.003464,0.0057289,1.142,-0.22027,10.221
-0.036772,-0.0018652,0.0089265,1.1827,-0.30646,10.484
-0.034507,-0.0011991,0.0089265,1.1636,-0.13168,10.312
-0.023582,0.003464,0.0063951,1.1396,-0.19393,10.336
-0.029311,0.033841,0.0053292,1.1971,-0.30406,10.056
-0.035839,-0.033308,0.010792,1.1947,-0.2466,10.084
-0.040369,0.0022649,0.0078606,1.2761,-0.02873,9.9719
-0.040769,0.00066616,0.0097259,1.2163,-0.19632,10.223
-0.037838,0.0019985,0.0097259,1.2474,-0.04549,10.238
-0.037571,0.0043966,0.0089265,1.1779,-0.10295,10.362
-0.00013323,0.0010658,0.0070613,1.1133,-0.026336,10.13
-0.032775,0.0025314,0.011591,1.1396,-0.0023942,10.139
-0.03091,-0.0013323,0.0058622,1.142,-0.30167,9.9599
-0.00013323,0.0011991,0.010925,1.1612,-0.15083,9.9742
-0.038504,0.00039969,0.006928,1.1947,-0.15802,10.178
-0.037438,-0.0031975,0.0085268,1.2043,-0.11732,10.175
-0.032508,-0.0014655,0.0098591,1.245,-0.11253,10.192
-0.030643,0.0019985,0.0097259,1.2594,-0.20351,10.132
-0.00053292,-0.0021317,0.0093262,1.1827,-0.16759,10.247
-0.068081,-0.0021317,0.010658,1.2067,-0.15562,10.163
-0.067815,-0.033308,0.0082603,1.166,-0.11253,9.9838
-0.067282,-0.0019985,0.0075942,1.1325,-0.15802,10.204
-0.033708,0.0014655,0.010392,1.1013,-0.1221,10.221
-0.033574,0.00093262,0.0062619,1.1708,-0.15562,10.226
-0.032908,-0.00026646,0.011058,1.1133,-0.1221,10.209
-0.032375,0.0059954,0.0083936,1.0822,-0.25139,10.12
-0.036239,-0.0011991,0.011858,1.1444,-0.10056,10.245
-0.032642,0.0019985,0.010259,1.221,-0.081403,10.123
-0.032109,0.0023982,0.0083936,1.1732,-0.14126,10.25
-0.033708,-0.033175,0.0081271,1.1636,-0.13886,10.171
-0.032642,0.00053292,0.0097259,1.245,-0.17717,10.209
-0.035306,-0.0033308,0.0082603,1.1947,-0.11732,10.197
-0.03544,0.0011991,0.0083936,1.1851,-0.17478,10.151
-0.033708,-0.0013323,0.0083936,1.1779,-0.15562,10.171
-0.033308,-0.033041,0.0089265,1.2043,-0.18914,10.221
-0.03464,0.0033308,0.012657,1.1181,-0.1652,10.175
-0.067282,-0.00013323,0.011191,1.1061,-0.13647,10.175
-0.03464,0.033041,0.0081271,1.1205,-0.098162,10.132
-0.03544,0.0031975,0.0083936,1.1444,-0.15802,10.144
-0.036239,0.0013323,0.0071945,1.1923,-0.14605,10.192
-0.033708,-0.00013323,0.011191,1.154,-0.13408,10.235
-0.033574,-0.00053292,0.0089265,1.1492,-0.13168,10.151
-0.03504,-0.033841,0.011991,1.1708,-0.1652,10.154
-0.036905,0.0013323,0.009193,1.166,-0.13647,10.18
-0.068081,-0.033974,0.0079939,1.1444,-0.10295,10.099
-0.031709,0.0033308,0.0077274,1.2067,-0.15802,10.139
-0.03424,0.00079939,0.0081271,1.2091,-0.18435,10.053
-0.00026646,0.00026646,0.0059954,1.2043,-0.21787,10.166
-0.036905,-0.0019985,0.010126,1.1708,-0.18196,10.254
-0.033974,0.0010658,0.0066616,1.1588,-0.1221,10.254
-0.036905,0.0019985,0.010525,1.2091,-0.16759,10.147
-0.034773,0.032375,0.0089265,1.166,-0.17717,10.266
-0.032642,-0.0021317,0.0054625,1.142,-0.17957,10.185
-0.036639,0.0027979,0.011191,1.1588,-0.15083,10.204
-0.067681,-0.00039969,0.010126,1.1037,-0.10774,10.209
-0.036905,-0.0011991,0.0098591,1.1803,-0.19872,10.168
-0.036505,0.0039969,0.010525,1.1444,-0.18435,10.12
-0.033574,0.033708,0.0082603,1.1516,-0.12689,10.089
-0.038237,0.0023982,0.0094594,1.1636,-0.18435,10.111
-0.035173,0.00066616,0.010525,1.2163,-0.1221,10.199
-0.035573,0.0013323,0.006928,1.1636,-0.14126,10.199
-0.00053292,0.0010658,0.0078606,1.1947,-0.14365,10.187
-0.034107,0.0013323,0.0094594,1.1612,-0.14365,10.218
-0.032642,0.0023982,0.00866,1.1708,-0.17238,10.187
-0.035173,0.0054625,0.0070613,1.154,-0.18435,10.192
-0.037571,-0.033308,0.0097259,1.0918,-0.15802,10.178
-0.035306,-0.0019985,0.0087933,1.221,-0.11971,10.183
-0.0014655,0.00079939,0.0063951,1.1325,-0.095768,10.147
-0.034773,0.0011991,0.0081271,1.1492,-0.18914,10.185
-0.034374,0.00066616,0.0097259,1.1205,-0.11732,10.204
-0.032375,-0.00066616,0.0074609,1.1827,-0.18914,10.269
-0.033708,0.0035972,0.0085268,1.1444,-0.15323,10.257
-0.036106,-0.00093262,0.0081271,1.154,-0.10056,10.163
-0.037438,0.0014655,0.0062619,1.1875,-0.17717,10.214
-0.03504,0.0021317,0.0073277,1.1253,-0.13886,10.235
-0.036639,0.0014655,0.0089265,1.1708,-0.29928,10.161
-0.031576,0.0018652,0.010925,1.1779,-0.16041,10.206
-0.035573,0.00053292,0.0097259,1.1827,-0.17478,10.199
-0.034907,0.0015988,0.005196,1.1468,-0.17717,10.175
-0.036639,0.0013323,0.010925,1.1947,-0.11971,10.142
-0.033708,0.0013323,0.0089265,1.2091,-0.17478,10.149
-0.00039969,0.0033308,0.0087933,1.1732,-0.17717,10.197
-0.033841,-0.0013323,0.010525,1.0774,-0.18435,10.214
-0.067815,0.00039969,0.0082603,1.1971,-0.17717,10.216
-0.037438,-0.033175,0.0077274,1.1875,-0.15562,10.118
-0.034507,-0.0022649,0.0066616,1.1684,-0.13168,10.12
-0.033308,0.0013323,0.006928,1.154,-0.14844,10.171
-0.039436,0.0025314,0.010126,1.1779,-0.0023942,10.163
-0.00026646,0.0018652,0.0093262,1.1875,-0.14605,10.321
-0.037038,-0.00093262,0.0079939,1.1229,-0.27533,10.149
-0.037172,0.033708,0.0099923,1.1157,-0.011971,10.19
-0.031709,-0.00013323,0.012124,1.3216,-0.19393,10.154
-0.034507,0.00013323,0.0073277,1.1995,-0.17478,10.005
-0.032642,-0.0035972,0.0033308,1.1923,-0.0023942,10.197
-0.035173,0.00093262,0.0094594,1.1253,-0.18196,10.23
-0.037438,0.0011991,0.0083936,1.1564,-0.11013,10.259
-0.067415,0.0014655,0.0082603,1.1516,-0.15083,10.173
-0.034773,0.0014655,0.00866,1.2091,-0.1652,10.262
-0.067815,-0.0030643,0.0046631,1.1803,-0.0095768,10.214
-0.039303,0.0010658,0.0062619,1.1492,-0.019154,10.151
-0.068214,-0.00079939,0.012124,1.3479,-0.093374,10.166
-0.035573,-0.0019985,0.0094594,1.1205,-0.18196,9.9695
-0.00093262,0.0022649,0.010392,1.1947,-0.10774,10.163
-0.033175,0.0046631,0.0089265,1.1756,-0.15083,10.171
-0.036905,0.0031975,0.0085268,1.1253,-0.2897,10.195
-0.036772,0.033308,0.0057289,1.2115,-0.15083,10.192
-0.066882,0.0025314,0.0078606,1.1516,-0.16999,10.223
-0.035306,-0.033574,0.00866,1.1564,-0.15802,10.118
-0.038504,-0.0025314,0.0083936,1.1803,-0.18675,10.3
-0.00066616,0.0029311,0.0090597,1.1396,-0.17957,10.257
-0.032642,0.00039969,0.0093262,1.1636,-0.2897,10.171
-0.033574,0.0015988,0.010525,1.1732,-0.30406,10.163
-0.067548,-0.0030643,0.010925,1.1756,-0.15562,10.221
-0.036372,-0.0013323,0.0058622,1.1803,-0.0047884,10.238
-0.031976,0.0033308,0.0062619,1.1947,-0.16759,10.245
-0.032508,0.0013323,0.0070613,1.1827,-0.22505,10.19
-0.031976,-0.003464,0.0067948,1.2282,-0.21548,10.159
-0.067015,0.0014655,0.009193,1.142,-0.13647,10.171
-0.032642,0.00053292,0.009193,1.1181,-0.21069,10.192
-0.035972,0.001732,0.0061286,1.166,-0.18675,10.005
-0.037571,0.0033308,0.0065283,1.142,-0.11013,10.12
-0.035839,0.00093262,0.0079939,1.1229,-0.10295,10.017
-0.031309,0.0050628,0.0078606,1.1636,-0.16999,10.139
-0.031976,0.0023982,0.0071945,1.0989,-0.15323,10.218
-0.036505,-0.0027979,0.010392,1.1636,-0.18196,10.168
-0.029311,0.0050628,0.0062619,1.1875,-0.14844,10.18
-0.0013323,0.0011991,0.0083936,1.1444,-0.12689,10.254
-0.034374,0.0041302,0.0067948,1.1396,-0.18675,10.259
-0.035173,0.0029311,0.0078606,1.1157,-0.15802,10.113
-0.036505,-0.00053292,0.0078606,1.1732,-0.10295,10.171
-0.039436,0.0018652,0.0097259,1.1899,-0.15802,10.19
-0.035306,0.0015988,0.0074609,1.1492,-0.15083,10.173
-0.037571,0.0066616,0.0099923,1.1971,-0.10295,10.206
-0.033041,0.00093262,0.0058622,1.1779,-0.15562,10.187
-0.035972,-0.033574,0.0098591,1.166,-0.2083,10.159
-0.036505,0.00079939,0.00866,1.1372,-0.16281,10.13
-0.036106,0.0027979,0.0073277,1.1732,-0.18675,10.264
-0.03544,-0.00013323,0.0066616,1.1253,-0.15802,10.338
-0.036239,0.0018652,0.012524,1.1875,-0.12929,10.18
-0.038371,0,0.010925,1.2139,-0.15083,10.235
-0.035706,-0.0031975,0.0057289,1.1803,-0.14605,10.221
-0.036505,-0.0014655,0.0087933,1.1851,-0.17717,10.297
-0.034507,-0.0025314,0.0073277,1.1181,-0.11732,10.077
-0.067015,-0.00026646,0.0078606,1.1756,-0.13886,10.151
-0.033041,0.0015988,0.011724,1.1636,-0.14126,10.144
-0.032508,0.0018652,0.009193,1.1277,-0.16041,10.18
-0.032109,0.001732,0.010126,1.2402,-0.18196,10.192
-0.034107,0.0030643,0.0093262,1.2402,-0.16759,10.221
-0.037438,-0.00039969,0.0073277,1.1181,-0.18675,10.202
-0.037172,-0.0010658,0.0085268,1.1229,-0.14605,10.206
-0.00026646,0,0.0089265,1.1803,-0.19632,10.19
-0.036772,0.0023982,0.010126,1.1636,-0.15562,10.111
-0.067815,0.0039969,0.0082603,1.166,-0.18914,10.18
-0.031709,0.0027979,0.0079939,1.154,-0.13647,10.132
-0.034907,0.0027979,0.0085268,1.1396,-0.13647,10.199
-0.035173,0.0026646,0.010792,1.2043,-0.16999,10.147
-0.031443,0.00093262,0.011191,1.1971,-0.16999,10.195
-0.036239,0.0031975,0.0095926,1.1396,-0.2059,10.139
-0.032109,0.00013323,0.0095926,1.2043,-0.11971,10.147
-0.068214,0.001732,0.010925,1.1325,-0.11732,10.197
-0.032642,0.00093262,0.0090597,1.1899,-0.20351,10.24
-0.037704,0.0021317,0.0065283,1.1612,-0.16281,10.142
-0.030243,0.00013323,0.010392,1.1875,-0.071826,10.111
-0.067548,0,0.0081271,1.1396,-0.1245,10.147
-0.033974,-0.00066616,0.0085268,1.1708,-0.15083,10.195
-0.032375,-0.00066616,0.0089265,1.1253,-0.1221,10.139
-0.033841,0.0033308,0.0065283,1.2091,-0.13408,10.247
-0.035972,0.0030643,0.0089265,1.1564,-0.13647,10.127
-0.034773,0.00039969,0.0075942,1.166,-0.16281,10.144
-0.033841,0.0041302,0.0094594,1.1444,-0.17238,10.104
-0.037038,0.0038637,0.012124,1.1779,-0.18435,10.151
-0.03544,-0.00013323,0.0078606,1.1229,-0.18196,10.214
-0.03504,0.0030643,0.010392,1.1995,-0.20351,10.173
-0.041035,0.0031975,0.012124,1.1468,-0.10056,10.204
-0.035706,-0.032775,0.010126,1.3455,-0.14605,10.135
-0.032375,0.00066616,0.0083936,1.1708,-0.13886,10.274
-0.031842,-0.0039969,0.0093262,1.1636,-0.16281,10.147
-0.028112,-0.0035972,0.012124,1.1564,-0.14365,10.271
-0.028911,-0.0011991,0.010259,1.221,-0.12689,10.127
-0.027712,-0.0014655,0.010925,1.1157,-0.086191,10.211
-0.032775,-0.033441,0.010126,1.1372,-0.14605,10.163
-0.036639,0.0011991,0.0095926,1.3384,-0.11492,10.19
-0.036905,0.0023982,0.0095926,1.1133,-0.12689,10.168
-0.039436,0.0033308,0.011724,1.2067,-0.11013,10.139
-0.037838,0.0037305,0.0057289,1.142,-0.11492,10.142
-0.034507,0.003464,0.0098591,1.1612,-0.016759,10.123
-0.032508,0.0022649,0.010658,1.1732,-0.28491,10.104
-0.028911,-0.0014655,0.010525,1.1349,-0.17717,10.192
-0.031842,-0.033441,0.032242,1.2043,-0.23463,10.257
-0.016254,-0.0041302,0.3051,0.5387,-2.7605,9.742
-0.02598,0.021184,0.10179,0.93374,-1.0391,9.1602
-0.052093,0.058089,-0.12137,1.1756,-1.2881,10.805
-0.055957,0.0054625,-0.26406,1.6161,-2.9161,10.01
-0.03544,-0.00039969,-0.099391,1.7621,-0.52912,10.314
-0.052227,-0.00013323,-0.10712,1.2809,-0.44293,9.4882
-0.10032,-0.0083936,-0.36545,0.60813,-5.8706,12.838
-0.068348,0.001732,-0.31136,0.87149,-4.3239,10.113
-0.094594,-0.019585,-0.41155,1.1827,-1.1947,7.7381
-0.07421,0.014655,-0.4755,2.4373,0.49321,10.93
-0.082204,0.022516,-0.45312,1.889,0.89304,7.9416
-0.09526,-0.010658,-0.45991,1.0822,0.92416,11.449
-0.0075942,-0.093395,-0.36052,1.3503,0.39983,11.147
-0.053026,-0.020917,-0.3023,1.5347,-1.6496,11.815
-0.054891,0.060487,-0.22982,1.4772,-1.142,10.81
-0.040502,0.019585,-0.20504,0.086191,-4.1252,13.657
-0.057289,0.019985,-0.47284,0.20111,-1.9632,7.367
-0.063551,0.015588,-0.39716,0.38547,1.0271,10.032
-0.098591,0.011858,-0.31256,-0.72784,2.715,11.832
-0.059554,-0.0066616,-0.18053,1.6496,2.9544,9.9144
-0.055291,0.025714,-0.18999,1.3384,2.7845,12.392
-0.056623,0.026113,-0.0874,-0.09098,0.62968,11.49
-0.036772,-0.0089265,-0.16427,1.4341,0.34955,10.427
-0.042501,0.016521,-0.094194,-0.15562,1.8794,10.324
-0.030377,0.029577,-0.096992,0.47884,3.2681,10.307
-0.036505,0.0042634,-0.0035972,1.3288,2.241,10.226
-0.036239,-0.0061286,0.0039969,0.61052,1.2186,10.302
-0.036239,-0.01279,0.010126,1.1205,-0.13647,10.19
-0.049296,-0.0042634,-0.053692,1.0223,0.026336,10.199
-0.059821,0.012524,-0.29324,1.2067,3.2825,10.173
-0.05156,-0.011458,-0.082737,0.92895,3.2178,10.075
-0.0031975,-0.03917,0.22942,2.7653,5.3223,12.823
0.032508,0.032242,0.36692,0.81163,2.3846,10.288
-0.029977,-0.083536,0.37451,0.82121,0.79009,9.0908
-0.011991,0.061686,0.36852,0.37828,1.7621,7.6926
-0.036639,0.0037305,0.27219,0.69671,2.9521,8.7125
-0.012257,0.022783,0.28645,1.0391,1.0391,10.388
-0.014655,0.03011,0.18239,1.2163,-0.82361,11.866
-0.02145,0.0073277,0.16427,0.3735,3.6536,6.7756
-0.032109,-0.016121,0.14016,2.3535,3.043,11.356
-0.00066616,-0.062885,0.52147,0.81163,4.379,7.2042
0.019985,-0.10832,0.66109,0.6201,0.56982,10.3
-0.019718,-0.03091,0.51321,1.2929,-1.1995,11.717
-0.064351,0.033308,0.38437,0.47884,-0.14844,9.6223
-0.038504,0.0063951,0.32908,0.81403,-0.33758,11.451
-0.028778,-0.040636,0.083403,0.98162,-3.3471,13.199
-0.032242,-0.0083936,0.019452,1.2881,-2.6815,9.2177
-0.038637,-0.031576,0.1756,1.7023,-1.7502,9.3494
-0.025714,-0.029178,0.37132,1.5682,-2.083,8.6335
-0.018253,-0.072744,0.43207,1.4246,-4.1037,8.8825
-0.032375,-0.0038637,0.2149,0.63686,-3.6966,8.7867
0.0018652,-0.022116,0.25647,0.56024,-4.6831,12.074
-0.042501,-0.032908,0.13496,0.57221,-5.9017,9.0549
-0.035839,0.020518,0.13563,0.76375,-4.3958,12.091
-0.044366,-0.0065283,0.077674,0.98162,-4.6663,10.556
-0.03917,0.021717,0.042501,1.7358,-5.8275,11.011
-0.030377,-0.0031975,0.037704,2.0016,-3.1196,10.123
-0.02638,0.0023982,0.0077274,1.6233,-1.6448,10.092
-0.019851,0.0047963,0.012257,1.1947,-0.16041,10.116
-0.020251,0.0083936,0.010392,1.2163,-0.15083,10.168
-0.02598,0.010925,0.0073277,1.2474,-0.26336,10.104
-0.032109,0.03051,-0.15122,1.7645,-2.0111,10.247
-0.018119,-0.0021317,-0.011991,1.0247,-2.6911,9.6798
-0.0026646,0.048096,0.2189,0.39504,-4.2282,10.111
-0.062752,-0.0015988,0.098724,1.8507,-2.909,11.147
-0.047164,0.00066616,-0.026113,1.5969,-3.2489,10.161
-0.033308,-0.025847,-0.041968,1.4078,-0.22984,11.36
-0.05196,0.0031975,-0.013989,2.6312,-2.2673,10.774
-0.059954,-0.010792,-0.055025,0.076614,-2.0087,8.3677
-0.057289,0.036106,-0.07421,1.743,-3.8618,8.5928
-0.088865,0.055957,-0.20864,-0.30406,-2.6145,9.3134
-0.063951,0.0079939,-0.14749,-0.89304,-2.1931,8.4563
-0.062885,0.042501,-0.37864,-0.31843,-2.7653,9.1554
-0.087133,0.01732,-0.52786,-1.233,-0.67995,12.16
-0.080472,-0.02185,-0.70213,0.34955,-2.332,7.999
-0.035573,-0.01692,-0.67535,1.2378,-0.04549,10.961
-0.040636,-0.088599,-0.71012,1.5945,1.6544,10.101
-0.028778,-0.00066616,-0.51161,0.47405,-0.93374,9.3805
-0.054492,0.10938,-0.38197,0.38547,-2.6193,10.975
-0.0079939,0.024115,-0.3885,1.4844,-1.403,7.1443
-0.058355,0.028112,-0.44473,1.7813,0.60573,8.9328
-0.040236,0.066083,-0.28871,0.78769,3.7828,9.4691
-0.040636,-0.064617,-0.26873,2.5019,0.50757,11.281
-0.055291,-0.022383,-0.26846,1.8268,2.4086,10.654
-0.040902,0.02558,-0.19985,2.8659,7.0174,7.6495
-0.046498,-0.046231,-0.21623,1.4078,6.4069,5.4612
-0.037305,0.052493,-0.088199,1.7526,5.7868,8.7173
-0.040236,-0.013057,-0.074077,2.2266,6.1459,10.843
-0.036639,0.011591,0.011325,1.9776,4.8315,9.3518
-0.0041302,0.042234,0.011991,1.9561,1.3743,11.59
-0.028378,0.02185,-0.011724,1.0702,4.7645,9.6558
-0.033175,0.020917,0.0070613,0.85234,2.4995,10.154
-0.03464,-0.001732,0.00866,0.2897,1.743,10.3
-0.037438,-0.015455,0.00866,1.1396,-0.095768,10.206
-0.042368,-0.01692,0.0082603,1.0894,-0.098162,10.314
-0.046897,0.0046631,-0.019319,0.92416,0.73263,10.197
-0.054225,-0.0083936,-0.19119,-0.24181,2.8395,10.463
-0.058622,-0.021051,-0.22969,0.8667,2.4636,10.022
-0.059554,-0.0097259,-0.23302,0.51954,3.4644,9.0046
-0.057423,-0.014655,0.13097,1.5347,2.7102,9.3853
-0.01732,0.0094594,0.10432,1.7933,-0.45729,8.5018
-0.067015,-0.031576,0.21823,1.7526,1.743,9.2943
-0.036772,-0.055025,0.28165,1.6352,4.956,13.295
-0.02185,-0.05609,0.33108,1.8292,-0.7853,9.0261
-0.013323,-0.06102,0.37185,0.98881,4.2258,10.618
-0.010392,-0.054358,0.25367,1.3599,5.0159,8.521
-0.012391,0.0035972,0.46618,2.0686,2.0279,10.319
-0.033041,-0.08327,0.53985,1.7645,3.0813,12.871
0.0071945,-0.027845,0.54731,0.39744,1.0726,11.451
-0.029977,-0.020251,0.47017,1.2234,1.0415,11.001
-0.037971,-0.066083,0.50361,0.87149,-2.2218,12.711
-0.063285,-0.00866,0.37238,0.80685,-0.019154,10.446
0.0026646,0.030776,0.31656,1.2785,-2.9832,10.506
-0.031976,-0.012657,0.2113,1.8603,-3.1939,10.032
-0.0074609,-0.015322,0.29018,1.0439,0.72305,9.6989
-0.023715,-0.027845,0.40609,1.4892,-7.0461,10.47
-0.019718,0.057423,0.29218,1.0558,-4.2282,10.307
-0.026247,-0.028778,0.16481,0.51715,-4.5155,9.6678
-0.03011,-0.016787,0.096726,1.0654,-3.541,10.391
-0.00079939,-0.024248,0.10539,0.7853,-5.4133,10.566
-0.030643,-0.0042634,0.12883,1.2258,-2.624,10.036
-0.023848,-0.00026646,0.080605,1.6161,-2.5235,10.022
-0.027446,-0.0042634,0.055158,1.2378,-1.9441,10.233
-0.025314,-0.003464,0.018519,1.3144,-1.7526,10.151
-0.028378,0.0019985,0.010925,1.2091,-0.58419,10.171
-0.024515,0.0018652,0.0075942,1.1492,-0.16041,10.008
-0.029844,0.0013323,0.0094594,1.2186,-0.15083,10.18
-0.033574,0.0039969,0.010925,1.1851,-0.050278,10.135
-0.033041,0.0014655,0.0087933,1.1851,-0.0071826,10.132
-0.037305,0.0010658,0.0087933,1.1109,-0.0071826,10.226
-0.035706,-0.0018652,0.0083936,1.1301,-0.15083,10.19
-0.00013323,0,0.0038637,1.1564,-0.17478,10.156
-0.03464,0.00093262,0.010658,1.1564,-0.14365,10.195
-0.035972,0,0.0054625,1.2019,-0.16041,10.025
-0.038104,0.00013323,0.0081271,1.1349,-0.13408,10.168
-0.067948,-0.0050628,0.0070613,1.1109,-0.26815,10.3
-0.035972,-0.00053292,0.0071945,1.1301,-0.14365,10.166
-0.00079939,-0.00026646,0.006928,1.2139,-0.30646,10.113
-0.032642,-0.033175,0.009193,1.1851,-0.14605,10.228
-0.034507,-0.0023982,0.0098591,1.1923,-0.1245,10.139
-0.033308,-0.0013323,0.010792,1.1516,-0.0071826,10.216
-0.032908,0.00026646,0.0087933,1.1396,-0.14844,10.206
-0.037305,-0.0027979,0.0082603,1.1684,-0.19632,9.991
-0.035573,-0.00079939,0.0073277,1.2258,-0.21069,10.118
-0.037838,-0.0027979,0.009193,1.1803,-0.12689,9.9958
-0.035972,0.0031975,0.011058,1.2043,-0.13886,10.226
-0.037305,-0.00066616,0.0071945,1.1995,-0.14605,10.123
-0.036772,0.00013323,0.0067948,1.1349,-0.17717,10.125
-0.039703,-0.00053292,0.0077274,1.1588,-0.11492,9.9719
-0.034107,-0.0026646,0.00866,1.1827,-0.17238,10.199
-0.033841,-0.00079939,0.0074609,1.1684,-0.14126,10.187
-0.029044,-0.00079939,0.0089265,1.1588,-0.16759,10.245
-0.035306,-0.0013323,0.0089265,1.1612,-0.1245,10.166
-0.035173,-0.00013323,0.0059954,1.1468,-0.15802,10.218
-0.035706,-0.00053292,0.0089265,1.2115,-0.14844,10.209
-0.033175,0.0023982,0.0089265,1.1636,-0.15083,10.068
-0.037704,-0.033841,0.0094594,1.1301,-0.11971,10.135
-0.038237,-0.0014655,0.00866,1.2067,-0.17957,10.185
-0.038904,0.033574,0.010126,1.1684,-0.17238,10.23
-0.042368,0.0042634,0.0055957,1.1229,-0.14126,10.214
-0.034773,0.0062619,0.0087933,1.1157,-0.19393,10.171
-0.036106,0.0058622,0.011325,1.2354,-0.19872,10.216
-0.037038,0.0039969,0.0078606,1.1301,-0.19393,10.142
-0.034507,0.0049296,0.0079939,1.1492,-0.14126,10.218
-0.033041,-0.00079939,0.0098591,1.1516,-0.19393,10.221
-0.036239,-0.0035972,0.0090597,1.1779,-0.15802,10.206
-0.033175,0.00079939,0.0047963,1.1779,-0.10534,10.166
-0.035972,0.00039969,0.0087933,1.1588,-0.17478,10.173
-0.032775,-0.034107,0.0071945,1.1588,-0.16281,10.214
-0.032109,-0.0030643,0.010259,1.1349,-0.14605,10.094
-0.036106,0.033841,0.0070613,1.1037,-0.16281,10.166
-0.033574,-0.0035972,0.011724,1.1732,-0.20351,10.233
-0.067948,0.00013323,0.0081271,1.1923,-0.20111,10.187
-0.035972,-0.00039969,0.0099923,1.1995,-0.16999,10.175
-0.03051,0.033441,0.0098591,1.1732,-0.12689,10.187
-0.034107,0.0062619,0.0085268,1.2091,-0.13168,10.204
-0.035173,0.00066616,0.0077274,1.1372,-0.12929,10.161
-0.036905,0.001732,0.0073277,1.2019,-0.19632,10.082
-0.034907,-0.0014655,0.0094594,1.154,-0.19632,10.283
-0.029178,-0.0021317,0.010392,1.1636,-0.15083,10.142
-0.00093262,0.0022649,0.0073277,1.1492,-0.19393,10.245
-0.031576,-0.0013323,0.0071945,1.2043,-0.18914,10.226
-0.067948,0.0018652,0.0083936,1.1133,-0.11492,10.139
-0.035306,-0.00039969,0.0087933,1.1061,-0.16281,10.283
-0.028378,-0.0011991,0.0097259,1.1037,-0.13647,10.233
-0.033175,0.0029311,0.0059954,1.1372,-0.15562,10.111
-0.033041,-0.0019985,0.0087933,1.1684,-0.14365,10.089
-0.033574,-0.0014655,0.0061286,1.1779,-0.11971,10.125
-0.033974,-0.00079939,0.0083936,1.1947,-0.15562,10.197
-0.032109,-0.00079939,0.009193,1.2091,-0.1652,10.187
-0.035972,0.033841,0.0083936,1.2163,-0.15323,10.175
-0.035972,0.0043966,0.0094594,1.1827,-0.13408,10.269
-0.037438,-0.00013323,0.011325,1.1899,-0.11971,10.269
-0.038371,0,0.0046631,1.1325,-0.10534,10.118
-0.032642,0.0029311,0.0049296,1.1612,-0.21548,10.223
-0.03424,0.0027979,0.0090597,1.1899,-0.15083,10.221
-0.034773,0.0031975,0.00866,1.1468,-0.10295,10.175
-0.035839,-0.00026646,0.0071945,1.1947,-0.20351,10.084
-0.033708,0.00079939,0.010259,1.1588,-0.29209,10.092
-0.032908,-0.00039969,0.0081271,1.1947,-0.20111,10.101
-0.031842,0.033974,0.010525,1.1708,-0.11492,10.113
-0.068081,0.0025314,0.011191,1.1564,-0.13886,10.063
-0.035706,-0.0037305,0.0073277,1.1851,-0.21308,10.199
-0.031576,-0.00093262,0.0093262,1.1157,-0.13886,10.242
-0.036106,-0.0027979,0.010392,1.1923,-0.14605,10.173
-0.033974,0.0023982,0.0087933,1.1612,-0.038307,10.123
-0.035306,-0.00026646,0.0085268,1.1684,-0.15802,10.106
-0.035573,0.001732,0.0094594,1.0989,-0.11013,10.226
-0.036639,0.00013323,0.011058,1.2234,-0.13647,10.235
-0.067282,0.0026646,0.011191,1.1516,-0.2083,10.147
-0.031443,0.0030643,0.0067948,1.1708,-0.16281,10.259
-0.037305,-0.034107,0.0063951,1.166,-0.15323,10.226
-0.036505,-0.033308,0.0089265,1.1779,-0.16041,10.206
-0.0013323,0.033574,0.011325,1.166,-0.035913,10.228
-0.036106,0.00013323,0.0078606,1.0918,-0.21069,10.185
-0.03504,-0.0019985,0.006928,1.1181,-0.23463,10.202
-0.032908,-0.0010658,0.0087933,1.1779,-0.098162,10.147
-0.036106,-0.0029311,0.0070613,1.1564,-0.19154,10.118
-0.035173,0.00026646,0.0063951,1.1899,-0.04549,10.168
-0.033974,-0.0013323,0.0082603,1.2067,-0.29209,10.154
-0.032908,0.00026646,0.0098591,1.1061,-0.20111,10.001
-0.037172,0,0.012124,1.1875,-0.16759,10.202
-0.067149,0.00026646,0.0075942,1.1564,-0.17717,10.262
-0.036505,-0.033441,0.0077274,1.1229,-0.14126,10.257
-0.035173,0.0018652,0.0081271,1.1349,-0.0095768,10.218
-0.036772,0.00079939,0.0061286,1.166,-0.15083,10.206
-0.036372,0.00066616,0.0083936,1.1349,-0.10295,10.259
-0.036106,-0.034107,0.0071945,1.1612,-0.17478,10.127
-0.067948,0.0027979,0.010792,1.1779,-0.2897,10.137
-0.067815,0.0023982,0.0079939,1.1564,-0.13408,10.228
-0.034507,0.003464,0.0054625,1.1253,-0.11732,10.159
-0.03504,0.0011991,0.0081271,1.1516,-0.0047884,10.127
-0.035839,-0.033041,0.0054625,1.1325,-0.26576,10.163
-0.035173,0.0026646,0.0075942,1.1468,-0.1245,10.142
-0.034107,0.0015988,0.011191,1.1708,-0.30406,10.173
-0.031576,0.0013323,0.0065283,1.1875,-0.17717,10.247
-0.067948,0.00013323,0.0050628,1.1756,-0.088585,9.979
-0.0018652,0.0014655,0.006928,1.1779,-0.17478,10.144
-0.031976,0.005196,0.0066616,1.2043,-0.2059,10.137
-0.033308,0.0019985,0.006928,1.2019,-0.17478,10.175
-0.035573,-0.00053292,0.0077274,1.1325,-0.038307,10.149
-0.031842,0,0.0094594,1.1301,-0.17238,10.07
-0.034773,0.0025314,0.011191,1.245,-0.18435,10.008
-0.033974,-0.00079939,0.0059954,1.2713,-0.1245,10.204
-0.037438,0.033308,0.0078606,1.166,-0.13408,10.197
-0.033441,0.033974,0.0093262,1.154,-0.16759,10.106
-0.00039969,0.00013323,0.009193,1.1923,-0.17717,10.262
-0.067948,0.0019985,0.0065283,1.1444,-0.16759,10.25
-0.036905,0.0030643,0.0065283,1.1636,-0.12689,10.206
-0.032642,0.0026646,0.0077274,1.1899,-0.11971,10.199
-0.036372,-0.032375,0.0093262,1.2234,-0.18435,10.24
-0.032642,0.033974,0.011058,1.1995,-0.15562,10.202
-0.031709,0.0013323,0.0066616,1.1444,-0.16281,10.175
-0.034907,0.0038637,0.0093262,1.166,-0.16999,10.151
-0.03091,-0.032775,0.0087933,1.1636,-0.15802,10.147
-0.036639,0.0019985,0.009193,1.1444,-0.098162,10.209
-0.036639,0.0021317,0.010792,1.2091,-0.13886,10.147
-0.03544,0.0027979,0.0083936,1.1468,-0.13168,10.075
-0.035972,0.0019985,0.011858,1.1301,-0.16281,10.154
-0.037038,0.0027979,0.0077274,1.1995,-0.19632,10.242
-0.035706,0.00079939,0.0083936,1.1468,-0.15323,10.144
-0.034907,0.033841,0.0063951,1.1803,-0.13647,10.195
-0.035573,0.0019985,0.0067948,1.2258,-0.2059,10.245
-0.03011,0.00039969,0.010658,1.1349,-0.13408,10.175
-0.032375,-0.0015988,0.0090597,1.1325,-0.19632,10.238
-0.035573,-0.0019985,0.0081271,1.2234,-0.17238,10.187
-0.033574,0.033441,0.010658,1.1588,-0.16759,10.159
-0.033574,0.001732,0.005196,1.1875,-0.17957,10.262
-0.067948,-0.00053292,0.0071945,1.1492,-0.14844,10.192
-0.034907,0.00079939,0.010126,1.1708,-0.14844,10.127
-0.033574,0.0023982,0.0093262,1.2067,-0.10534,10.202
-0.035706,-0.00093262,0.0067948,1.1588,-0.16759,10.075
-0.032109,0.033974,0.0089265,1.2043,-0.19632,10.154
-0.036239,-0.0025314,0.010658,1.1756,-0.17238,10.178
-0.032508,0.0033308,0.0074609,1.2139,-0.15323,10.209
-0.066349,0.00053292,0.0089265,1.1779,-0.2083,10.187
-0.037438,0.00079939,0.00866,1.1564,-0.15083,10.183
-0.035173,0.00079939,0.0081271,1.1803,-0.11013,10.192
-0.034773,-0.0022649,0.010658,1.2139,-0.20351,10.211
-0.037305,0.0022649,0.010658,1.1851,-0.07422,10.192
-0.033574,0.0023982,0.0085268,1.1708,-0.19872,10.154
-0.031443,-0.00013323,0.0095926,1.1636,-0.13408,10.209
-0.038371,-0.00066616,0.010925,1.1588,-0.13647,10.166
-0.035839,0.003464,0.0089265,1.1372,-0.17717,10.168
-0.067815,0.0023982,0.0071945,1.166,-0.14844,10.12
-0.035173,-0.0043966,0.012524,1.1684,-0.11492,10.166
-0.035573,0.0030643,0.0073277,1.154,-0.18196,10.156
-0.040502,0.00039969,0.0077274,1.1779,-0.16759,10.144
-0.036905,0.0038637,0.0087933,1.1636,-0.15562,10.075
-0.034773,-0.0019985,0.0082603,1.2234,-0.11492,10.166
-0.032642,0.032908,0.0097259,1.1564,-0.15323,10.147
-0.032908,-0.0018652,0.0094594,1.221,-0.13168,10.195
-0.036905,0.0010658,0.0085268,1.1756,-0.1245,10.111
-0.031709,-0.00079939,0.010392,1.1923,-0.17238,10.206
-0.036372,0.0027979,0.0071945,1.1732,-0.16281,10.199
-0.067815,0.001732,0.010525,1.1803,-0.1245,10.18
-0.038237,0.001732,0.0094594,1.1779,-0.11971,10.137
-0.068214,0.00066616,0.009193,1.0989,-0.19154,10.23
-0.036505,0.00079939,0.0094594,1.0726,-0.17717,10.183
-0.039703,0.0030643,0.0066616,1.1588,-0.14844,10.218
-0.036639,0.0039969,0.0059954,1.1372,-0.095768,10.135
-0.035972,0.0053292,0.010792,1.1396,-0.12689,10.139
-0.035573,-0.00013323,0.0074609,1.1444,-0.19154,10.185
-0.034374,-0.0010658,0.0094594,1.1396,-0.22745,10.235
-0.032109,0.00013323,0.00866,1.1492,-0.27294,10.147
-0.032908,-0.0025314,0.0085268,1.1468,-0.16041,10.142
-0.067015,-0.0018652,0.0071945,1.1229,-0.2873,10.082
-0.035173,-0.033175,0.0087933,1.3264,-0.026336,10.257
-0.065949,-0.0011991,0.0099923,1.166,-0.16281,10.168
-0.033574,0.00066616,0.0077274,1.1588,-0.29688,10.226
-0.037172,0.0015988,0.0071945,1.1492,-0.057461,10.108
-0.037038,0.0014655,0.00866,1.1636,-0.043096,10.094
-0.033308,0.00079939,0.0087933,1.2139,-0.2059,10.135
-0.03464,-0.00039969,0.0073277,1.1732,-0.29688,10.147
-0.035972,0.00066616,0.0094594,1.1756,-0.059855,10.178
-0.031309,0.0023982,0.0093262,1.2043,-0.29449,10.206
-0.033308,0.0021317,0.006928,1.154,-0.12689,10.101
-0.067548,-0.0022649,0.011724,1.1708,-0.16281,10.223
-0.00066616,-0.0011991,0.0077274,1.2977,-0.16759,10.338
-0.035706,0.032109,0.0082603,1.1468,-0.014365,10.197
-0.033175,0.0061286,0.0083936,1.166,-0.13168,10.183
-0.034907,0.00039969,0.006928,1.1396,-0.30167,10.053
-0.035306,0.0014655,0.0075942,1.2091,-0.11971,10.195
-0.03544,0.0011991,0.010126,1.1396,-0.30646,9.9862
-0.036372,0.0022649,0.0065283,1.166,-0.13408,10.206
-0.068214,0.00066616,0.0079939,1.1516,-0.1221,10.135
-0.038504,0.0025314,0.006928,1.1205,-0.21548,10.214
-0.038904,0.001732,0.009193,1.3384,-0.27054,10.221
-0.040902,0.0039969,0.0049296,1.1708,-0.1245,10.242
-0.034773,0.0027979,0.010792,1.1756,-0.18675,10.187
-0.036372,0.0023982,0.010658,1.1277,-0.17957,10.02
-0.03424,0.0033308,0.0066616,1.1349,-0.18914,10.187
-0.037305,0.00013323,0.0081271,1.1229,-0.18196,10.372
-0.035173,-0.032908,0.0090597,1.0798,-0.29688,10.178
-0.035173,-0.00093262,0.010126,1.1636,-0.13408,10.214
-0.00013323,-0.00093262,0.0098591,1.1803,-0.29209,10.013
-0.037038,-0.0019985,0.0070613,1.1708,-0.10774,10.123
-0.035839,0.0023982,0.0065283,1.1756,-0.04549,10.209
-0.037838,-0.0011991,0.0077274,1.1372,-0.0095768,10.252
-0.031842,-0.0019985,0.0073277,1.1947,-0.11971,10.147
-0.00079939,0.00079939,0.011325,1.0965,-0.16759,10.144
-0.03424,-0.00079939,0.0094594,1.1396,-0.09098,10.183
-0.03544,-0.00079939,0.011191,1.2186,-0.019154,10.223
-0.037838,-0.0021317,0.010792,1.1492,-0.17957,10.187
-0.034374,0.0018652,0.0073277,1.221,-0.15802,10.171
-0.037571,-0.0011991,0.0071945,1.1827,-0.14605,10.144
-0.036239,0.0023982,0.0098591,1.1899,-0.17478,10.175
-0.067681,0.0022649,0.0058622,1.1899,-0.25379,10.192
-0.038371,0.0015988,0.0085268,1.1779,-0.16999,10.106
-0.035573,0.0018652,0.0071945,1.0894,-0.1245,10.197
-0.00053292,0.00093262,0.0090597,1.142,-0.14844,10.144
-0.033175,0.005196,0.0074609,1.1899,-0.10056,10.214
-0.0010658,0.033441,0.0031975,1.1372,-0.17957,10.206
-0.033441,-0.0018652,0.0098591,1.1516,-0.14844,10.161
-0.035306,0.0011991,0.0074609,1.1636,-0.12689,10.247
-0.036239,-0.0042634,0.010525,1.1756,-0.19154,10.19
-0.03464,0.0021317,0.0070613,1.1684,-0.19632,10.132
-0.037838,0.033708,0.011191,1.1444,-0.12929,10.195
-0.035972,0.0059954,0.0097259,1.2091,-0.14605,10.206
-0.035706,0,0.0053292,1.1827,-0.15562,10.264
-0.040502,0.0010658,0.0075942,1.1229,-0.15083,10.206
-0.040902,0.00066616,0.0094594,1.1684,-0.14126,10.13
-0.032242,-0.00079939,0.010658,1.154,-0.20111,10.163
-0.036505,-0.0011991,0.0047963,1.1564,-0.14844,10.206
-0.067548,0,0.0058622,1.2139,-0.15083,10.147
-0.032242,-0.033441,0.0097259,1.142,-0.13647,10.18
-0.034907,-0.0031975,0.0094594,1.2234,-0.13886,10.151
-0.036772,0.0019985,0.0065283,1.1803,-0.10534,10.096
-0.031976,-0.003464,0.0057289,1.1181,-0.10774,10.13
-0.029577,0.00013323,0.0073277,1.1325,-0.18196,10.087
-0.036106,-0.0042634,0.0061286,1.1971,-0.19154,10.223
-0.03504,-0.0010658,0.0079939,1.1516,-0.16759,10.18
-0.03544,0.0055957,0.0074609,1.1923,-0.16041,10.178
-0.068081,-0.001732,0.0071945,1.1229,-0.12929,10.154
-0.00093262,-0.00053292,0.0057289,1.1995,-0.18675,10.159
-0.033574,0.00066616,0.0093262,1.1181,-0.15083,10.226
-0.00093262,-0.00039969,0.0073277,1.2115,-0.071826,10.139
-0.033175,0.0022649,0.0058622,1.1612,-0.16759,10.175
-0.035573,-0.00039969,0.00866,1.1396,-0.14605,10.168
-0.068214,0.00053292,0.010126,1.1779,-0.16759,10.12
-0.035173,-0.00066616,0.0077274,1.1708,-0.1245,10.185
-0.032908,0.0014655,0.0061286,1.1827,-0.15562,10.092
-0.036639,0.0025314,0.0093262,1.166,-0.11253,10.07
-0.036505,-0.032775,0.0093262,1.2139,-0.22027,10.173
-0.033441,0.0027979,0.010525,1.1588,-0.12689,10.082
-0.034107,0.0011991,0.0097259,1.1396,-0.18196,10.159
-0.033308,-0.0021317,0.0053292,1.2474,-0.18435,10.178
-0.033974,0.033441,0.0085268,1.1899,-0.1245,10.183
-0.00066616,0.0026646,0.0078606,1.1468,-0.15562,10.171
-0.036505,-0.0025314,0.0058622,1.1875,-0.11971,10.23
-0.067681,0.033574,0.0078606,1.166,-0.14844,10.113
-0.031842,0.0023982,0.006928,1.1229,-0.20111,10.077
-0.035972,0.0014655,0.0079939,1.1372,-0.17717,10.154
-0.033708,0.033574,0.0085268,1.2306,-0.15323,10.137
-0.035839,0.033441,0.010658,1.1564,-0.14844,10.223
-0.035573,0.00013323,0.011191,1.1971,-0.16281,10.144
-0.036106,0.033841,0.0089265,1.1301,-0.18675,10.266
-0.033708,-0.0011991,0.0098591,1.1325,-0.15562,10.19
-0.033308,0.033574,0.0093262,1.2139,-0.17717,10.139
-0.034907,0.0038637,0.011591,1.0774,-0.16041,10.113
-0.03091,-0.033308,0.010658,1.1923,-0.13408,10.204
-0.067948,-0.0037305,0.0082603,1.1396,-0.10295,10.195
-0.033308,-0.005196,0.0078606,1.2115,-0.1245,10.144
-0.00013323,0.0027979,0.00866,1.1253,-0.29928,10.123
-0.033175,0.0039969,0.012657,1.1109,-0.15802,10.216
-0.034773,-0.0015988,0.0097259,1.166,-0.15562,10.211
-0.035573,0.00026646,0.012923,1.1349,-0.14605,10.218
-0.032109,-0.0029311,0.010392,1.166,-0.10774,10.19
-0.034107,-0.034107,0.0073277,1.142,-0.30646,10.218
-0.038104,-0.0018652,0.0095926,1.1372,-0.19154,10.142
-0.033041,-0.0041302,0.0058622,1.1756,-0.29449,10.099
-0.068081,-0.031309,0.0087933,1.1588,-0.0095768,10.125
-0.033974,-0.0025314,0.0071945,1.166,-0.0095768,10.209
-0.037305,0.00039969,0.0071945,1.142,-0.12929,10.159
-0.032908,0.0019985,0.0085268,1.154,-0.2897,10.254
-0.032242,0.00039969,0.0078606,1.166,-0.2059,10.125
-0.034507,0.0010658,0.0094594,1.1492,-0.27533,10.233
-0.032109,-0.00039969,0.0095926,1.1803,-0.11013,10.238
-0.035173,0.0023982,0.0087933,1.154,-0.15802,10.111
-0.03544,0.00079939,0.0079939,1.1468,-0.17478,9.9958
-0.033441,0.0018652,0.01359,1.075,-0.14365,10.264
-0.037305,-0.00079939,0.005196,1.1803,-0.16999,10.245
-0.036639,-0.0014655,0.0095926,1.1923,-0.0047884,10.233
-0.038637,0.00093262,0.0070613,1.1732,-0.16281,10.228
-0.067415,0.0061286,0.0081271,1.154,-0.021548,10.139
-0.037438,0.001732,0.009193,1.1564,-0.29449,10.197
-0.036106,-0.0011991,0.0087933,1.1851,-0.30406,10.058
-0.035706,0.0015988,0.0085268,1.1851,-0.10295,10.068
-0.035573,-0.00026646,0.0061286,1.1708,-0.1245,10.379
-0.034507,0.0030643,0.0081271,1.142,-0.18196,10.209
-0.032375,0.0023982,0.0075942,1.1588,-0.28491,10.132
-0.035573,-0.0014655,0.0074609,1.1779,-0.19632,10.204
-0.033175,0.032508,0.0073277,1.2378,-0.13408,9.9982
-0.037571,0.00026646,0.0066616,1.1803,-0.15323,10.125
-0.03504,-0.001732,0.0095926,1.1708,-0.083797,10.171
-0.031709,0.033974,0.006928,1.1325,-0.17238,10.187
-0.037571,-0.0015988,0.0079939,1.1971,-0.016759,10.171
-0.067948,0.0018652,0.0081271,1.3408,-0.18196,10.221
-0.00066616,-0.0023982,0.0085268,1.1636,-0.15323,10.156
-0.037438,0.0029311,0.0061286,1.1708,-0.16759,10.223
-0.031576,-0.0013323,0.0070613,1.1803,-0.27533,10.135
-0.032508,0.0050628,0.0085268,1.1277,-0.019154,10.221
-0.037438,0.0021317,0.0095926,1.1827,-0.0047884,10.139
-0.03544,0.0039969,0.0093262,1.1803,-0.21787,10.405
-0.037438,0.0030643,0.011325,1.1732,-0.026336,10.386
-0.03504,0.033574,0.0081271,1.166,-0.1652,10.417
-0.036505,0.0045299,0.0099923,1.2115,-0.30406,10.257
-0.037038,0,0.0065283,1.1396,-0.13408,10.18
-0.032242,-0.0019985,0.0070613,1.1253,-0.038307,10.135
-0.036372,0.0049296,0.010259,1.1013,-0.29928,10.156
-0.034907,0.0019985,0.0081271,1.1325,-0.16759,10.12
-0.035972,0.00053292,0.010126,1.1636,-0.27294,10.202
-0.001732,0.00026646,0.012124,1.166,-0.17957,10.192
-0.03504,0.00079939,0.0081271,1.1851,-0.047884,10.206
-0.03424,0.033308,0.0087933,1.2258,-0.18435,10.137
-0.031976,-0.033841,0.0098591,1.1803,-0.19872,10.264
-0.00026646,0.0029311,0.012524,1.1851,-0.17717,10.211
-0.035173,-0.0035972,0.0098591,1.1923,-0.12929,10.144
-0.032908,-0.00079939,0.006928,1.1947,-0.16281,10.19
-0.036106,-0.0011991,0.0095926,1.1253,-0.11971,10.123
-0.031576,-0.034107,0.0094594,1.233,-0.10295,10.195
-0.033574,-0.031842,0.010392,1.1205,-0.13647,10.209
-0.037704,-0.00039969,0.010126,1.1732,-0.13168,10.252
-0.036639,0.0015988,0.006928,1.1325,-0.19632,10.221
-0.034773,0.0025314,0.0079939,1.1349,-0.16041,10.082
-0.029844,-0.00013323,0.0079939,1.1636,-0.13408,10.149
-0.034907,-0.0011991,0.0083936,1.1947,-0.1652,10.199
-0.032775,-0.0022649,0.0067948,1.1301,-0.086191,9.991
-0.03544,0.0013323,0.0085268,1.1756,-0.11013,10.147
-0.029044,0.0026646,0.0073277,1.166,-0.16281,10.25
-0.031043,0.033041,0.0066616,1.1756,-0.2083,10.163
-0.031043,-0.0031975,0.0078606,1.1372,-0.13886,10.092
-0.032375,-0.001732,0.0075942,1.1181,-0.15802,10.228
-0.030776,0.00026646,0.0065283,1.1277,-0.13408,10.168
-0.030243,0.0054625,0.0098591,1.1396,-0.11971,10.147
-0.029977,0.0010658,0.010259,1.1516,-0.16281,10.12
-0.031842,0.0031975,0.0077274,1.1732,-0.23703,10.159
-0.062352,0.014522,0.074609,1.2713,-1.142,10.159
-0.061153,0.016654,-0.21011,1.4772,-0.13647,9.5265
-0.06102,-0.016387,-0.2117,1.506,-1.0439,11.229
-0.10072,0.017054,-0.27885,0.79727,0.61052,10.779
-0.069147,0.06102,-0.34534,1.0726,-1.5179,11.454
-0.052493,0.029444,-0.15695,1.6568,-2.8156,10.836
-0.052093,-0.021983,-0.23222,0.1652,-2.4995,8.3079
-0.046231,-0.023848,-0.18679,0.80924,-0.18196,10.046
-0.061686,0.020917,-0.12883,1.4174,-1.0439,11.176
-0.048096,-0.032642,-0.075542,1.4724,-5.2385,12.531
-0.05156,-0.062485,-0.1696,1.0415,-1.5203,9.4954
-0.089931,-0.03917,-0.17373,2.0518,-6.292,11.195
-0.10139,-0.052626,-0.31056,0.9098,-0.71108,9.153
-0.10006,-0.013456,-0.45019,1.2378,-2.2577,9.0668
-0.050495,-0.027579,-0.36559,0.88107,-0.78769,11.602
-0.043167,0.034907,-0.3444,2.0614,-0.42377,8.3127
-0.058089,0.025047,-0.32935,1.0678,1.0175,10.458
-0.051161,0.041435,-0.21943,2.8204,-0.37828,12.526
-0.045832,-0.028778,-0.081538,1.3647,3.3782,9.3039
-0.039969,0.017453,-0.10019,1.9704,1.415,7.1275
-0.052626,0.0029311,-0.067681,1.6975,-1.7933,11.605
-0.10192,0.045565,-0.18159,2.4517,-0.79727,10.499
-0.0429,0.022516,-0.37664,1.0151,-0.0023942,12.076
-0.053959,-0.0085268,-0.20877,2.4948,-0.36152,10.836
-0.053426,-0.025314,-0.24461,0.83558,5.1858,8.4779
-0.06102,0.013057,-0.16161,1.6544,1.1923,10.752
-0.068614,0.058755,-0.23329,2.5211,4.1922,11.315
-0.062086,-0.031443,-0.049296,1.1325,2.3152,11.229
-0.03011,0.017054,0.02185,0.7422,2.2649,10.563
-0.021317,0.017853,-0.048096,0.71826,0.44293,10.127
-0.064084,0.028378,-0.0079939,-0.33279,2.3056,10.384
-0.035839,0.0095926,-0.034107,0.014365,2.6288,10.139
-0.033041,0.0073277,-0.0047963,0.26097,2.9113,10.29
-0.039303,-0.0041302,0.0087933,0.68714,0.577,10.274
-0.043167,-0.010126,0.005196,1.1013,-0.10295,10.18
-0.045565,-0.00866,0.0063951,0.97205,-0.2059,9.9288
-0.054492,-0.0019985,-0.013723,0.9505,-0.043096,10.199
-0.07834,-0.0049296,-0.49535,-0.63686,2.5905,10.393
-0.071145,0.0075942,-0.51654,1.0678,2.1261,9.9575
-0.068081,0.0059954,-0.37931,0.35434,3.9552,10.546
-0.05609,0.014256,-0.35666,0.0071826,4.956,9.1291
-0.035573,-0.00866,0.0050628,0.7829,4.0414,9.5409
-0.031309,-0.028378,0.20571,1.4437,3.3639,10.985
-0.020384,-0.010792,0.46111,0.17957,5.4372,12.16
0.026247,-0.067282,0.49495,-0.40941,8.3893,11.868
0.031576,-0.028778,0.5276,1.7549,-0.68953,8.1547
0.0094594,-0.0033308,0.57862,1.008,3.146,8.5712
0.029977,-0.025847,0.61366,0.44053,4.221,13.628
0.013057,0.022383,0.70812,2.2194,2.3798,11.1
0.047564,-0.018253,0.87586,1.7621,3.1556,9.335
-0.0063951,-0.010525,0.71905,1.2689,0.76614,8.2337
0.016387,0.0067948,0.67362,0.91698,1.506,10.58
0.0087933,-0.028645,0.68867,0.34716,1.4413,9.833
0.0013323,-0.03091,0.74636,0.81882,0.65601,12.893
-0.021317,-0.066616,0.59634,-0.60094,1.889,9.402
0.033574,0.030643,0.48549,0.69432,-1.142,8.3438
0.026113,0.027179,0.50788,1.8124,-0.87149,9.5888
-0.030643,-0.053825,0.54412,0.47645,2.2793,11.205
0.01319,-0.0082603,0.56157,1.5107,2.8252,10.178
-0.0054625,-0.051161,0.67988,1.64,-1.8866,11.315
-0.032642,-0.03091,0.40809,0.20351,-2.3104,9.2009
-0.01732,0.016654,0.27179,0.26097,-5.0111,11.037
-0.048363,-0.025047,0.13536,0.88825,-6.5577,9.3182
-0.055424,-0.018519,0.19412,1.2186,-7.118,9.4116
-0.065283,-0.0050628,0.17213,1.6544,-6.7086,9.9527
-0.042634,-0.010126,0.020384,1.652,-4.6471,9.335
-0.027979,-0.019452,0.003464,2.0542,-2.9185,9.9766
-0.0077274,0.0067948,0.013456,1.1947,-0.16041,10.257
-0.010925,0.0085268,0.026247,1.2617,-0.33279,10.259
0.014256,-0.049695,0.42168,1.7286,-5.1595,10.226
-0.0015988,-0.0030643,0.35879,1.1684,-5.5641,9.2703
-0.017853,-0.02558,0.085135,1.5251,-3.3351,9.7348
-0.056357,-0.027046,-0.097392,0.70868,-5.4253,9.9575
-0.062485,0.0057289,-0.25367,3.7757,-2.8012,9.5912
-0.10219,0.0013323,-0.24901,1.7861,-8.7269,11.892
-0.080072,0.03877,-0.20891,2.3415,-3.7876,8.1163
-0.067149,0.011191,-0.31709,0.15562,-4.3072,12.088
-0.046364,0.063951,-0.40103,1.9154,-1.166,9.0908
-0.055957,0.028378,-0.37558,1.2857,-1.9513,9.9024
-0.052093,-0.062485,-0.60887,0.52672,-2.2027,11.157
-0.072611,0.061953,-0.54691,1.5275,-2.6001,9.7899
-0.072744,-0.03011,-0.524,-0.16041,1.549,7.7357
-0.076874,0.0079939,-0.52879,0.71826,-2.569,10.472
-0.038237,-0.068081,-0.57929,1.1037,-1.5323,12.261
-0.029311,-0.023315,-0.71918,0.23942,3.3806,9.3757
-0.052626,0.016787,-0.60873,0.52912,0.62728,10.082
