-0.047297,-0.018119,0.021184,-0.84994,-9.5529,1.1564
-0.049828,-0.023182,0.018519,-0.85473,-9.5816,1.1444
-0.049162,-0.019585,0.015988,-0.8691,-9.5385,1.1085
-0.049029,-0.01692,0.0089265,-0.87628,-9.5888,1.3479
-0.046364,-0.01772,0.0037305,-0.79009,-9.6462,1.2115
-0.047564,-0.0061286,0.0022649,-0.81882,-9.5768,1.1349
-0.044366,0.0083936,0.00066616,-0.79487,-9.5768,1.0367
-0.040502,0.012923,-0.0010658,-0.7422,-9.5672,1.2163
-0.039303,0.019851,-0.0039969,-0.80445,-9.5768,1.1253
-0.042634,0.016654,-0.0029311,-0.87628,-9.5289,1.3192
-0.042101,0.0078606,-0.001732,-0.94571,-9.56,1.2043
-0.043034,-0.0058622,-0.0047963,-0.87388,-9.596,1.0271
-0.040502,0.0037305,-0.0075942,-0.75178,-9.5816,1.1564
-0.037704,0.012923,-0.0053292,-0.826,-9.6079,1.0822
-0.039303,0.016521,-0.0063951,-0.79248,-9.5816,0.92895
-0.03504,0.017054,-0.0071945,-0.82361,-9.5696,1.2019
-0.03504,0.02145,-0.0065283,-0.75178,-9.6031,1.0942
-0.033441,0.022783,-0.0053292,-0.82839,-9.4667,1.0463
-0.026646,0.02225,-0.017453,-0.89543,-9.6367,1.0032
-0.016787,0.024648,-0.024914,-0.85234,-9.5529,0.9912
-0.016387,0.0437,-0.032242,-0.75417,-9.5337,1.0487
-0.0055957,0.055691,-0.036639,-0.83079,-9.5744,0.77333
-0.0059954,0.047564,-0.043433,-0.91459,-9.5529,0.68235
0.0071945,0.10219,-0.063685,-0.71587,-9.6702,0.93613
0.0031975,0.13097,-0.058622,-0.54827,-9.6319,1.2115
0.00053292,0.14456,-0.050361,-0.52672,-9.6606,1.3312
-0.0057289,0.13057,-0.035972,-0.79727,-9.572,1.1947
-0.017986,0.09606,-0.015055,-1.0989,-9.4643,1.2833
-0.031976,0.049029,-0.0046631,-1.142,-9.5529,1.5299
-0.04743,0.018119,0.014522,-0.82839,-9.5936,1.5419
-0.034374,0.014655,0.0010658,-0.43574,-9.5577,1.5945
-0.0874,0.025314,0.055691,-0.31843,-9.3853,1.5131
-0.10765,0.06102,0.087533,-0.49081,-9.3589,1.2737
-0.1307,0.083669,0.12084,-0.77333,-9.4499,1.3001
-0.15881,0.085801,0.1704,-1.087,-9.4355,1.2163
-0.18852,0.05649,0.10818,-1.1372,-9.4379,1.2019
-0.2133,0.036106,0.068881,-0.88585,-9.4834,1.3168
-0.23822,0.049962,0.040236,-0.62968,-9.4308,1.3336
-0.26753,0.059421,0.0035972,-0.93134,-9.2344,1.3575
-0.32522,0.08327,-0.022516,-0.97205,-9.2009,1.0367
-0.3877,0.091397,-0.051427,-1.1971,-9.4116,1.1157
-0.45285,0.079273,-0.10166,-1.2953,-9.3805,1.1205
-0.52293,0.051028,-0.2217,-1.0798,-9.3134,1.3671
-0.60047,0.055025,-0.33321,-1.063,-9.0477,1.5802
-0.6924,0.06515,-0.45978,-1.1803,-8.8418,1.5658
-0.94421,0.10006,-0.71692,-1.5874,-8.849,1.8052
-1.1345,0.13576,-0.90251,-1.9704,-8.6119,1.7334
-1.2946,0.034907,-1.066,-2.4493,-9.2488,2.2314
-1.4246,-0.0071945,-1.1277,-3.2058,-9.8952,2.6432
-1.473,-0.23369,-1.2524,-4.1132,-11.021,3.6248
-1.4625,-0.4302,-1.2886,-4.2617,-12.756,4.4125
-1.4306,-0.55291,-1.2931,-3.7326,-14.222,4.5945
-1.4444,-0.68654,-1.3622,-2.9544,-15.4,3.6823
-1.4909,-0.68388,-1.3749,-1.6281,-15.409,2.4541
-1.4254,-0.56916,-1.2814,-0.55545,-16.063,3.1987
-1.2185,-0.13483,-1.2532,1.6448,-15.225,3.8475
-1.0849,0.36545,-1.2168,3.0526,-13.47,3.6966
-0.88506,0.82337,-1.1135,3.3112,-12.27,3.632
-0.64111,1.3195,-0.99257,2.2003,-11.799,3.4979
-0.32842,1.6738,-0.80618,-0.81163,-11.609,4.2425
0.022116,2.0592,-0.54132,-3.9121,-10.633,4.5298
0.28378,2.1069,-0.29391,-6.9552,-8.7747,4.1659
0.47537,1.6654,-0.067015,-9.1554,-7.0413,3.9361
0.63032,1.1377,0.3035,-9.6319,-5.9185,3.8044
0.76994,0.73224,0.63245,-9.1554,-5.2529,3.5314
0.8716,0.39357,0.91583,-7.9799,-4.7477,2.9497
0.94901,0.16108,1.1799,-6.62,-5.047,2.2936
1.0096,0.01772,1.4277,-5.6982,-5.6527,1.8292
1.0633,-0.261,1.7872,-4.7022,-7.197,0.94571
1.0908,-0.46831,1.8744,-3.3136,-8.0996,0.73741
1.1482,-0.56663,1.922,-1.3886,-8.9376,0.66798
1.218,-0.49242,1.963,0.11013,-9.6319,0.76375
1.3026,-0.3075,1.995,0.96486,-10.032,0.76614
1.3964,-0.083403,2.0218,1.2761,-10.324,0.95289
1.4814,0.091397,2.0458,1.0606,-10.563,1.0319
1.5428,0.20264,2.0703,0.56743,-10.527,1.0678
1.5812,0.25074,2.0909,-0.040701,-10.824,0.93134
1.5958,0.27219,2.0975,-0.42856,-11.14,0.79248
1.595,0.28565,2.0905,-0.46448,-11.497,0.57221
1.5844,0.28085,2.0663,-0.27533,-11.578,0.043096
1.5685,0.27459,2.0344,-0.10056,-11.349,-0.3711
1.4899,0.25421,2.0121,0.25618,-11.157,-0.60573
1.4441,0.23609,1.8838,0.82361,-10.961,-0.44053
1.3872,0.27752,1.796,1.2594,-10.865,-0.34477
1.3061,0.35626,1.698,1.2689,-10.752,-0.29209
1.2068,0.40356,1.6339,0.83797,-10.597,-0.44772
1.1062,0.38557,1.4895,0.20351,-10.302,-0.23703
1.0104,0.33694,1.343,-0.35913,-10.022,-0.064643
0.91183,0.14989,1.1663,-0.56743,-9.517,-0.15323
0.80765,0.033841,1.0164,-0.50757,-8.9926,-0.27773
0.70839,-0.091663,0.80365,-0.35913,-8.5401,-0.36152
0.60634,-0.058489,0.67228,-0.29688,-8.0278,-1.0582
0.49229,0.011058,0.60567,-0.46687,-7.8626,-1.2091
0.3861,0.1315,0.52866,-0.76375,-7.671,-0.97444
0.38744,0.57196,0.40875,0.36631,-9.0261,0.60334
0.41715,0.787,0.33175,-0.07422,-9.1578,1.1803
0.44246,0.94994,0.30323,-1.3982,-9.2464,1.585
0.44113,0.87799,0.27139,-3.067,-9.1794,2.2817
0.42061,0.62419,0.21957,-4.47,-9.0477,2.6528
0.39463,0.28032,0.16374,-4.786,-8.758,2.739
0.34827,-0.055824,0.079939,-3.8786,-8.6742,2.4493
0.2995,-0.28818,-0.016787,-2.2266,-8.442,1.549
0.24928,-0.35599,-0.11964,-0.60573,-8.8801,1.1612
0.1788,-0.34507,-0.26926,1.154,-9.4643,0.55785
0.069547,-0.30923,-0.43154,2.4038,-9.5098,-0.30406
-0.06555,-0.26566,-0.58635,2.8898,-9.0597,-0.98162
-0.20278,0.029444,-0.781,3.5147,-9.3422,-1.5083
-0.22916,0.43833,-1.0304,2.9616,-12.974,-1.2665
-0.20105,1.0972,-1.1631,1.1708,-14.863,-0.51715
-0.0011991,1.7091,-0.92343,-2.6384,-13.915,0.93134
0.31562,1.9677,-0.75356,-7.1611,-13.891,4.7884
0.015322,1.5599,-1.0224,-9.2009,-10.915,1.7286
-0.19718,0.023982,-1.508,-8.8633,-12.215,0.3304
-0.10126,-1.1295,-1.8973,-0.43814,-15.902,-0.088585
-0.089398,-0.2622,-1.6278,4.968,-12.728,0.33279
-0.16241,0.94981,-1.3098,3.5889,-8.8753,-0.11971
-0.13163,1.1358,-1.1959,-0.37589,-7.3023,0.84276
0.022383,0.93795,-1.1658,-3.0119,-7.8913,3.8571
-0.0079939,0.28551,-1.1413,-4.9392,-8.3606,4.865
-0.16627,-0.4362,-1.0503,-6.2177,-8.576,4.7046
-0.22556,-0.84415,-0.98525,-6.3183,-8.1882,4.0462
-0.25314,-1.0261,-0.99271,-4.7621,-8.1187,3.0143
-0.25367,-1.07,-0.96046,-2.2027,-8.7604,1.798
-0.23795,-0.85321,-0.89145,0.27773,-9.9503,1.1851
-0.14869,-0.47244,-0.84615,1.8938,-10.448,1.0223
-0.1291,-0.029311,-0.85761,2.0351,-10.132,1.6448
-0.13217,0.24435,-0.89092,0.60813,-9.256,2.2338
-0.14269,0.37118,-0.89931,-1.0367,-8.8466,2.66
-0.15668,0.33241,-0.89278,-2.0542,-8.7819,2.9521
-0.18626,0.21184,-0.8696,-2.2003,-8.8585,3.1915
-0.2237,0.08247,-0.83696,-1.8603,-9.0022,3.2178
-0.25381,-0.0099923,-0.80831,-1.5347,-8.9974,3.1173
-0.27859,-0.097792,-0.77754,-1.4413,-8.8705,3.134
-0.31789,-0.2558,-0.72425,-1.3623,-8.9711,3.0191
-0.33121,-0.27619,-0.72105,-1.0343,-9.1961,2.909
-0.35599,-0.30577,-0.71572,-0.69671,-8.916,2.5235
-0.36066,-0.24488,-0.72997,-0.60573,-9.3541,2.0351
-0.36905,-0.17853,-0.76861,-0.27054,-9.6151,1.9585
-0.36625,-0.070879,-0.77621,-0.14844,-9.6486,2.1668
-0.34813,0.045299,-0.76794,-0.16999,-9.5385,2.1715
-0.33334,0.12777,-0.76182,0.019154,-9.3541,2.5259
-0.32655,0.2197,-0.72091,0.10295,-8.9807,2.5259
-0.34987,0.15841,-0.71479,-0.35674,-9.0764,2.6624
-0.36825,0.068081,-0.65403,-0.89304,-9.2536,2.7007
-0.38517,-0.11644,-0.63165,-1.2809,-9.4044,2.6504
-0.39916,-0.23848,-0.63351,-1.0391,-9.5241,2.3296
-0.41648,-0.30657,-0.63085,-0.36152,-9.3805,2.0518
-0.42954,-0.21157,-0.63272,0.4549,-9.4403,1.9154
-0.43447,-0.1307,-0.64351,0.81882,-9.584,1.7597
-0.44473,-0.062752,-0.66402,0.17957,-9.5792,1.8818
-0.45352,-0.10592,-0.68388,-0.24421,-9.3948,1.9632
-0.47177,-0.14136,-0.7004,-0.21069,-9.2727,2.0494
-0.50082,-0.16814,-0.71425,-0.0095768,-9.2488,2.0375
-0.52773,-0.17094,-0.7409,0.32322,-9.414,2.1165
-0.55091,-0.13217,-0.76062,0.56264,-9.3087,2.229
-0.5693,-0.1291,-0.7794,0.59855,-9.3613,1.992
-0.59501,-0.15388,-0.80085,0.73741,-9.2895,1.731
-0.66802,-0.17826,-0.87946,0.58897,-9.3278,1.6376
-0.69533,-0.1676,-0.92915,0.61292,-9.3446,1.8579
-0.68241,-0.14709,-0.97525,0.58658,-9.2464,2.0423
-0.74423,-0.1359,-1.0083,0.72784,-9.3015,1.9058
-0.77954,-0.16401,-1.0231,0.89064,-9.3901,1.5275
-0.80498,-0.22676,-1.0277,1.0822,-9.7037,1.3312
-0.83163,-0.27872,-1.0388,1.3647,-9.9359,1.324
-0.85934,-0.25754,-1.0576,1.664,-9.6989,1.1564
-0.8728,-0.2161,-1.1065,1.7693,-9.7133,0.91459
-0.88959,-0.22902,-1.1214,1.8986,-10.384,0.71347
-0.91983,-0.29417,-1.1374,1.6305,-11.229,0.75417
-0.94354,-0.37358,-1.1467,1.154,-11.87,1.0271
-0.9634,-0.47683,-1.1574,0.84276,-12.131,0.95768
-0.8756,-0.69667,-1.192,0.87867,-13.415,3.5267
-1.0998,-0.86347,-1.1715,-0.10534,-10.757,0.40701
-1.1751,-0.90624,-1.2347,0.29928,-11.686,-2.3918
-1.1636,-1.0159,-1.2692,0.79487,-13.197,-1.2426
-1.3159,-0.76182,-1.3479,2.2458,-13.589,-1.7023
-1.3749,-0.62099,-1.4197,2.15,-14.959,-0.47166
-1.4214,-0.57449,-1.5453,0.87867,-14.878,0.10774
-1.4989,-0.67735,-1.6634,-1.5347,-14.277,0.66319
-1.6371,-1.0688,-1.9031,-3.5674,-15.079,1.7286
-1.6535,-1.1535,-2.0033,-3.2274,-15.404,1.6831
-1.6804,-1.1125,-2.0133,-2.897,-15.28,1.8411
-1.676,-1.0283,-2.0336,-3.4165,-15.632,2.1739
-1.619,-0.85148,-1.7884,-6.1962,-15.095,3.3734
-1.6142,-0.6567,-1.5024,-6.687,-12.838,3.5698
-1.6874,-0.72105,-1.3995,-4.9249,-9.0932,2.8515
-1.8079,-1.1874,-1.4959,0.46687,-7.1228,1.3647
-2.034,-1.5973,-1.4598,6.2393,-6.4859,-2.0111
-1.6004,-1.7316,-1.5801,11.952,-13.182,1.4916
-1.1642,-0.67415,-1.6012,17.188,-15.083,2.5043
-0.79259,1.0103,-1.0937,13.396,-14.171,4.209
-0.24421,2.0658,-0.43034,5.2098,-12.213,5.6336
0.12377,2.6802,0.02225,-0.84755,-8.4659,4.8818
0.21051,2.4824,0.071678,-5.375,-5.3846,3.7589
0.21477,1.5772,0.14735,-9.4092,-4.1132,3.3662
0.24794,0.51574,0.42487,-10.903,-3.2657,3.4285
0.29004,-0.34054,0.8644,-10.408,-3.1532,3.1795
0.36892,-0.93675,1.2653,-7.8913,-4.0223,2.7773
0.42527,-1.3796,1.5304,-4.5993,-4.956,1.9465
0.52133,-1.5123,1.6421,-1.233,-6.201,0.89304
0.71532,-1.3459,1.8049,1.5802,-7.3143,0.22505
0.96926,-0.91437,1.9817,3.9552,-8.2528,-0.19154
1.2023,-0.28964,2.187,5.2744,-8.746,-0.09098
1.4425,0.31722,2.3808,5.5426,-9.0405,0.21548
1.6637,0.78673,2.4905,4.8219,-8.8394,0.40701
1.7984,1.0284,2.689,3.0957,-8.406,0.50518
1.9011,1.0844,2.8322,1.2617,-8.0948,0.50757
2.0572,0.69427,3.182,-0.81642,-8.6981,0.58658
2.1114,0.44393,3.2899,-1.0199,-9.3661,0.35674
2.1473,0.21757,3.3554,-0.5387,-10.305,0.30167
2.239,0.0090597,3.4395,1.0702,-11.973,-0.040701
2.2898,0.029311,3.4608,1.3862,-12.661,-0.32082
2.3134,0.098058,3.4593,1.7406,-13.082,-0.32801
2.3479,0.17746,3.4788,1.8699,-12.972,-1.0678
2.3558,0.23609,3.4817,1.9824,-12.773,-1.0774
2.3478,0.29751,3.4887,1.7502,-12.634,-1.1181
2.3144,0.34494,3.4908,1.6712,-12.591,-1.1756
2.2589,0.34853,3.5007,1.3743,-12.649,-1.0846
2.2096,0.2586,3.5042,0.82121,-12.926,-1.0271
2.1579,0.1243,3.5,0.68714,-13.261,-0.86431
2.1241,-0.046364,3.5122,0.82121,-13.724,-0.72065
2.0913,-0.27259,3.3907,0.92416,-14.023,-0.74939
2.0779,-0.37798,3.2666,1.5897,-14.188,-1.1708
1.9907,-0.50122,3.0822,2.375,-13.867,-1.494
1.9256,-0.53173,2.8951,3.1651,-13.491,-1.6783
1.8362,-0.50401,2.6384,3.7038,-13.07,-1.9824
1.5617,-0.31922,2.1819,4.4077,-12.184,-3.462
1.2839,-0.11818,1.9749,4.458,-11.677,-4.5155
0.9999,0.040769,1.677,4.695,-10.798,-5.296
0.73837,0.22636,1.3011,5.6072,-10.331,-5.2026
0.55091,0.3452,0.86027,7.288,-10.23,-4.3551
0.39117,0.49362,0.39423,8.7029,-10.048,-3.4046
0.19199,0.54159,-0.13123,8.6455,-8.9495,-3.8523
-0.12137,0.56037,-0.51347,7.3287,-8.6311,-4.2018
-0.36772,0.59821,-0.86161,6.0238,-9.3685,-4.3694
-0.54905,0.62605,-1.1702,5.7054,-10.53,-4.391
-0.73504,0.6507,-1.4444,6.28,-11.145,-4.0438
-0.79606,0.84362,-1.5978,6.9959,-11.375,-2.9161
-0.38317,1.0901,-1.5711,5.7988,-13.956,3.5937
0.24901,3.1149,-0.31376,2.557,-16.237,14.43
0.37744,4.3656,0.22143,-13.439,-14.815,2.6097
-0.36652,1.5785,-1.1692,-19.613,-12.153,6.6942
-1.2195,-3.6854,-1.9733,-11.633,-12.924,-1.3408
-0.56623,-4.3657,-2.2443,2.8204,-17.959,2.4301
-0.62792,-3.0106,-2.062,13.23,-12.141,0.81403
-0.98551,-0.97472,-1.8199,12.5,-10.013,-0.58419
-0.84322,-0.06928,-1.5399,9.5385,-10.609,-1.3815
-0.21397,0.74609,-1.2926,7.5537,-11.873,0.57221
-0.069413,1.51,-1.3129,4.8937,-10.06,1.4533
-0.071012,1.5974,-1.224,0.49799,-9.244,2.071
-0.046231,1.4135,-1.0563,-2.4469,-9.6151,1.5682
-0.066616,1.0357,-0.9522,-4.7812,-10.022,1.5897
-0.14442,0.47883,-0.97099,-6.1962,-10.295,1.7717
-0.2113,-0.037571,-1.006,-6.5098,-10.326,2.0782
-0.24555,-0.43393,-0.9967,-5.2385,-9.9192,2.1715
-0.28085,-0.6527,-0.96446,-3.0861,-9.1602,2.6049
-0.31762,-0.70253,-0.90464,-1.2378,-8.5473,2.7438
-0.32269,-0.6102,-0.79526,0.29449,-8.4515,2.7821
-0.32349,-0.39183,-0.70053,1.0822,-8.4922,2.897
-0.33121,-0.22156,-0.66323,1.0319,-8.8681,3.371
-0.37798,-0.084469,-0.64364,0.2466,-8.9232,2.8539
-0.38197,-0.020784,-0.65323,-0.99599,-9.0573,3.0502
-0.36372,-0.076741,-0.65137,-1.8268,-9.1578,2.7605
-0.40902,-0.2209,-0.62326,-2.1572,-8.8945,2.32
-0.3853,-0.34547,-0.59128,-2.0016,-9.2153,2.0566
-0.3941,-0.51401,-0.62885,-1.2546,-9.7731,2.3128
-0.38717,-0.46578,-0.66216,-0.56024,-9.7013,2.624
-0.38624,-0.39237,-0.65203,-0.079009,-9.019,2.7629
-0.40436,-0.31602,-0.63591,0.22984,-8.6622,2.7557
-0.41248,-0.27153,-0.62845,0.23463,-8.7747,2.478
-0.41901,-0.18666,-0.62725,0.0095768,-9.1219,2.308
-0.43287,-0.1796,-0.6142,-0.31843,-9.4212,2.229
-0.44819,-0.20731,-0.60554,-0.4956,-9.5984,2.1069
-0.46258,-0.20531,-0.60314,-0.38547,-9.6391,1.7957
-0.47111,-0.18226,-0.6138,-0.18675,-9.6486,1.7071
-0.47484,-0.16934,-0.62459,-0.0023942,-9.5217,1.6544
-0.47404,-0.080205,-0.64284,0.24181,-9.5313,1.834
-0.48096,-0.029311,-0.65457,0.37589,-9.414,1.913
-0.53905,0.0098591,-0.68134,0.10295,-9.3518,1.7549
-0.55824,-0.02225,-0.70279,-0.10295,-9.5433,1.7047
-0.57782,-0.062352,-0.72984,-0.30885,-9.4427,1.8794
-0.60274,-0.10352,-0.74956,-0.26336,-9.3111,1.8699
-0.63565,-0.11938,-0.78087,-0.016759,-9.2009,1.9465
-0.66989,-0.092995,-0.81031,0.34716,-9.232,1.9154
-0.70359,-0.073144,-0.8291,0.67756,-9.3015,1.8866
-0.72611,-0.045965,-0.86027,0.85712,-9.335,1.8507
-0.75609,-0.019185,-0.89451,0.9098,-9.2703,1.6927
-0.80245,-0.020651,-0.94914,0.85234,-9.1219,1.6137
-0.79019,-0.011058,-0.94541,0.89783,-9.2656,1.3479
-0.8652,-0.045565,-0.97245,0.67277,-9.1985,1.3695
-0.92569,-0.054092,-1.0411,0.89783,-9.6893,1.7645
-0.94075,-0.051827,-1.0548,1.2953,-9.7109,1.4485
-0.96886,-0.03464,-1.038,1.4461,-9.8641,0.58897
-0.95513,-0.15228,-1.0276,1.4844,-10.178,0.31125
-1.0131,-0.18546,-1.0332,1.6137,-10.566,0.34237
-1.0312,-0.19505,-1.0202,1.4365,-10.795,0.098162
-1.0448,-0.22436,-1.0178,1.3743,-11.143,-0.46926
-1.0896,-0.23129,-1.0367,1.4748,-11.368,-0.66559
-1.1453,-0.2205,-1.0693,1.3288,-11.657,-0.66798
-1.1664,-0.21983,-1.1165,1.0846,-12.258,-0.011971
-1.3206,-0.24195,-1.1469,0.90022,-11.609,-0.73741
-1.4075,-0.2193,-1.2193,0.62249,-12.629,-1.7238
-1.5055,-0.14655,-1.2821,0.88346,-13.726,-0.80206
-1.6092,-0.087933,-1.3584,1.1612,-15.22,0.062249
-1.7641,-0.092995,-1.5841,-0.94332,-15.809,1.1325
-1.8571,-0.25647,-1.7251,-2.7509,-15.505,1.8268
-1.8963,-0.41528,-1.829,-3.5985,-16.149,2.1787
-1.8993,-0.53932,-1.9041,-3.984,-16.613,2.2889
-1.8638,-0.46631,-1.7391,-4.6495,-16.661,3.3279
-1.7994,-0.3512,-1.5198,-6.0406,-15.792,4.3694
-1.7447,-0.45219,-1.6144,-6.9216,-14.183,5.691
-1.6562,-0.5204,-1.7034,-5.3151,-11.935,6.2225
-1.671,-0.49709,-1.6406,-1.3168,-8.4587,5.4133
-1.7557,-0.85188,-1.7405,3.6081,-7.4029,3.8618
-1.8906,-1.0172,-1.7375,9.1051,-8.1307,-0.13408
-1.4164,-1.0629,-1.8277,13.309,-13.317,2.2649
-1.2069,0.1315,-1.4769,14.844,-12.85,2.0135
-0.75542,1.1521,-0.8728,7.1778,-13.606,3.9959
-0.067015,1.8275,-0.068881,-3.7326,-7.5992,4.2066
0.012391,1.1349,-0.099391,-7.0461,-5.0182,3.5626
0.053959,0.20078,0.090064,-8.8753,-3.7996,3.237
0.11018,-0.65043,0.40609,-8.2959,-2.9521,2.66
0.18253,-1.2421,0.71012,-6.1004,-3.2968,2.0423
0.28165,-1.6145,0.89305,-2.9233,-4.3024,1.0774
0.42141,-1.6542,1.0649,0.21308,-5.387,0.53151
0.91263,-0.80458,1.3359,5.0254,-7.3406,0.15083
1.4505,0.70373,1.7376,6.2752,-7.6207,0.39504
1.653,1.2989,1.8736,5.3678,-7.6543,0.51954
1.8266,1.6978,2.0041,3.9528,-7.7931,0.90501
1.9706,1.8485,2.1669,2.3296,-7.6064,0.93853
2.1003,1.8907,2.383,0.91937,-7.7524,0.85952
2.2122,1.8165,2.6223,0.15083,-7.9033,0.65841
2.2945,1.6992,2.8304,-0.2059,-8.3486,0.46926
2.3453,1.4845,2.9777,-0.47645,-8.8585,0.75896
2.3506,1.27,3.0373,-0.54348,-9.3589,0.63925
2.3514,1.0512,3.1345,-0.65362,-10.161,0.50278
2.3589,0.81831,3.1861,-0.55785,-10.927,0.3735
2.3709,0.64404,3.2377,-0.27054,-11.619,0.29928
2.3736,0.49042,3.2812,0.079009,-12.067,-0.2059
2.3694,0.38077,3.3176,0.26815,-12.45,-0.64165
2.3193,0.2658,3.3481,-0.22027,-12.814,-0.58419
2.3441,0.15748,3.3831,-0.40941,-13.166,-0.56982
2.3277,-0.026779,3.3826,-0.30406,-13.4,-0.2873
2.3073,-0.16974,3.4023,0.49081,-13.637,-0.39265
2.2926,-0.2995,3.4182,0.91219,-14.31,-0.4956
2.3112,-0.35413,3.4651,1.3144,-14.801,-0.4956
2.3109,-0.43034,3.4526,1.6233,-15.32,-0.3735
2.3069,-0.47857,3.4037,2.0614,-15.294,-1.0415
2.262,-0.4783,3.3392,2.6145,-14.875,-1.3048
2.1096,-0.46564,2.9596,4.0701,-14.013,-2.2314
1.987,-0.39996,2.8262,4.2569,-13.405,-2.6576
1.8123,-0.35626,2.5932,3.7421,-12.474,-2.9305
1.6086,-0.344,2.3245,3.4668,-11.808,-3.3543
1.4036,-0.47057,2.0291,3.3519,-11.523,-3.395
1.172,-0.55211,1.7223,3.9265,-11.502,-4.0797
0.92263,-0.67482,1.456,4.6878,-11.126,-4.4652
0.66669,-0.72851,1.0644,5.7126,-10.625,-4.6232
0.42301,-0.71425,0.59488,7.3765,-9.9982,-4.6376
0.19505,-0.65763,0.071945,8.9208,-8.9352,-4.5969
-0.1299,-0.52999,-0.3484,9.7827,-8.157,-4.9728
-0.38451,-0.36705,-0.76461,9.5361,-8.023,-5.2361
-0.67149,-0.11671,-1.1165,8.6933,-9.1387,-4.9416
-0.82244,0.03011,-1.416,7.8578,-10.831,-4.2665
-0.961,0.22116,-1.5884,6.8139,-11.408,-3.1077
0.057023,0.76342,-1.3949,4.2473,-19.613,11.648
0.001732,4.0886,-0.15708,-1.2929,-12.321,5.2241
-0.2133,4.3453,-0.45832,-15.833,-10.774,3.0095
-0.77061,1.6108,-1.2428,-19.613,-10.223,1.1851
-1.0776,-0.68041,-1.4751,-17.466,-9.1937,-3.5219
-1.015,-2.4709,-1.9701,-8.406,-14.494,-0.69671
-0.2999,-2.9705,-2.3978,4.6831,-19.613,5.0637
-0.59981,-1.5204,-2.1502,13.534,-13.46,1.403
-0.87773,0.10512,-1.6268,9.8904,-9.7229,-0.72305
-0.5653,0.94981,-1.3829,7.5202,-10.218,-0.46448
-0.089398,1.6298,-1.3896,6.019,-11.037,2.5379
-0.066749,2.0296,-1.4208,3.7565,-8.9854,3.4429
-0.13763,1.8584,-1.2072,-0.63925,-7.8913,3.4333
-0.10752,1.4091,-0.99217,-4.3886,-8.5114,3.9073
-0.13763,0.75569,-0.95753,-6.8881,-8.7436,3.7685
-0.34001,-0.14296,-1.091,-8.1116,-9.0046,3.3591
-0.49296,-0.86134,-1.1486,-7.2832,-9.651,2.49
-0.51227,-1.2303,-1.1287,-4.6184,-10.319,2.5546
-0.50601,-1.398,-1.0898,-1.9776,-9.7731,2.3559
-0.46671,-1.1947,-0.99284,0.50518,-9.4619,2.375
-0.41168,-0.9117,-0.89332,2.4493,-9.4068,1.8507
-0.38064,-0.4354,-0.80898,3.7948,-9.651,1.8364
-0.3877,0.11564,-0.76515,4.0151,-9.2847,2.0614
-0.38477,0.51787,-0.81244,2.6887,-9.3972,2.1069
-0.35853,0.71892,-0.84575,0.59137,-9.4978,2.4541
-0.34907,0.64098,-0.80232,-1.3743,-9.3206,2.8994
-0.37305,0.28125,-0.7449,-2.7198,-9.1291,3.1268
-0.41075,-0.036905,-0.72238,-3.0909,-9.2057,2.9784
-0.41994,-0.36905,-0.71132,-2.8012,-9.3733,2.5929
-0.40769,-0.51854,-0.71079,-1.8675,-9.4691,2.5522
-0.38411,-0.56543,-0.70932,-0.65362,-9.6007,2.3511
-0.36652,-0.51347,-0.69507,0.40941,-9.5313,2.2362
-0.34454,-0.31829,-0.71265,1.7286,-9.7109,2.0542
-0.32722,-0.08207,-0.71638,1.901,-9.5433,1.9944
-0.31749,0.076741,-0.698,1.5251,-9.3565,2.162
-0.31229,0.14416,-0.69613,1.0343,-9.5457,2.4588
-0.31722,0.11578,-0.68228,0.26576,-9.2703,2.5786
-0.36092,-0.016121,-0.67055,-0.60334,-8.9687,2.4325
-0.39716,-0.14349,-0.6996,-1.0942,-9.2177,2.3343
-0.42594,-0.31523,-0.72385,-1.1851,-9.4379,2.4588
-0.45951,-0.36505,-0.75156,-0.59616,-9.5361,2.2482
-0.48643,-0.32362,-0.7842,0.4525,-9.5217,2.0566
-0.51747,-0.22849,-0.81538,1.3001,-9.4763,2.0518
-0.55704,-0.09073,-0.84802,1.6472,-9.2177,2.1452
-0.58742,0.010925,-0.89212,1.3695,-9.0932,2.2721
-0.61926,-0.012923,-0.92369,0.6177,-9.1004,2.4301
-0.65163,-0.11178,-0.95993,0.081403,-9.2249,2.1356
-0.67908,-0.20824,-1.0036,-0.42377,-9.3829,1.9321
-0.70106,-0.33668,-1.0429,-0.026336,-9.5265,1.8842
-0.72571,-0.38957,-1.0769,0.52433,-9.5553,1.889
-0.72571,-0.36519,-1.1058,1.1109,-9.5577,2.1548
-0.71985,-0.32428,-1.1222,1.6592,-9.4499,2.1691
-0.72091,-0.36079,-1.1349,1.7406,-9.4499,1.7693
-0.70093,-0.41981,-1.1611,2.4325,-9.7492,0.15323
-0.73251,-0.4294,-1.1555,1.6783,-9.6319,1.008
-0.74756,-0.45312,-1.184,1.6879,-10.01,1.2258
-0.75849,-0.44419,-1.1964,1.8938,-10.314,1.5969
-0.77794,-0.49429,-1.1882,2.0135,-10.791,1.6759
-0.80365,-0.57729,-1.1923,2.1213,-11.119,1.5443
-0.8319,-0.63471,-1.2011,1.9154,-11.25,1.4629
-0.87679,-0.71212,-1.2343,1.5634,-11.09,1.4461
-0.89745,-0.79086,-1.2859,1.4198,-11.837,2.3487
-1.042,-0.8636,-1.2999,1.1612,-11.138,0.74699
-1.1004,-0.92955,-1.4256,1.2139,-11.973,0.42138
-1.1827,-1.0104,-1.5254,1.0487,-12.464,0.77333
-1.2867,-1.0662,-1.6092,0.76375,-13.003,0.40941
-1.446,-1.0781,-1.7297,1.1612,-13.484,0.55306
-1.504,-1.1314,-1.8289,0.40701,-16.63,2.0135
-1.5649,-1.3222,-1.9885,-0.57461,-18.136,2.873
-1.5829,-1.3859,-2.1222,-2.3415,-17.681,3.237
-1.5729,-1.5448,-2.2489,-4.0414,-17.31,3.2968
-1.5428,-1.7996,-2.3315,-4.8171,-17.169,3.2537
-1.5119,-1.8908,-2.3466,-5.0733,-16.53,3.3926
-1.5126,-2.0391,-2.2632,-5.9999,-16.046,3.7661
-1.5138,-2.1833,-2.0316,-8.2791,-15.526,4.1108
-1.5536,-2.4794,-1.7195,-10.446,-14.207,3.5171
-1.7032,-3.1862,-1.5235,-9.9216,-10.156,1.5706
-1.7572,-4.1963,-1.5244,-4.8291,-8.2217,1.1013
-1.8048,-4.3657,-1.524,2.9113,-7.0749,-2.0949
-1.4741,-4.3657,-1.5517,10.163,-11.059,-0.2466
-1.1767,-3.7345,-1.6637,15.974,-13.056,2.1308
-1.0609,-1.8471,-1.4713,18.735,-10.726,0.83318
-0.66096,-0.59954,-1.0845,13.127,-9.912,1.7765
-0.036239,0.19358,-0.66309,7.4962,-8.5856,2.387
0.38864,0.69227,-0.40755,2.4684,-6.8498,2.3056
0.615,0.88532,-0.11551,-1.5562,-5.2385,1.6759
0.8307,0.55837,0.18652,-5.2194,-4.2401,1.0606
0.9558,0.066749,0.41328,-7.2999,-3.4788,0.91459
1.0689,-0.51081,0.66056,-7.5896,-3.043,-0.71347
1.0768,-0.93102,0.89332,-7.3741,-2.6576,-2.047
1.1306,-1.2894,1.1353,-5.7485,-3.7852,-2.5546
1.2532,-1.3606,1.3153,-3.4644,-5.1404,-3.0765
1.4398,-1.1499,1.4634,-0.86191,-6.3805,-3.0885
1.6357,-0.62112,1.6306,1.4796,-6.9599,-3.1125
1.7742,-0.11778,1.7664,3.1316,-7.4675,-2.8395
1.9926,0.42181,1.9011,3.9504,-8.0996,-2.6887
2.1982,0.92582,2.1464,3.5674,-8.5521,-2.0087
2.361,1.4025,2.4589,2.1452,-8.509,-1.506
2.4718,1.7182,2.7298,-0.026336,-8.3031,-1.1037
2.5189,1.8053,2.9868,-1.6783,-8.0014,-1.0942
2.5145,1.6052,3.176,-2.7916,-7.8937,-0.92895
2.4624,1.261,3.4352,-3.8595,-7.9703,-1.2258
2.3724,0.79712,3.6023,-3.9672,-8.7317,-1.0846
2.2799,0.39197,3.7218,-3.735,-9.6606,-1.2953
2.2182,0.096992,3.8245,-3.225,-10.752,-1.3455
2.1883,-0.15295,3.8897,-2.6528,-11.677,-1.403
2.1983,-0.27965,4.0029,-2.0446,-12.519,-1.2378
2.2208,-0.46191,4.0386,-1.336,-13.115,-1.2737
2.2368,-0.57782,4.0329,-0.73502,-13.487,-1.2043
2.2691,-0.64431,4.0568,-0.47645,-14.023,-0.81163
2.2933,-0.67815,4.0891,-0.61292,-14.439,-1.0702
2.3186,-0.6487,4.1649,-0.44532,-15.433,-0.82361
2.3457,-0.73197,4.1371,0.014365,-16.539,-0.99838
2.3669,-0.79419,4.0862,1.1588,-17.435,-1.5323
2.3697,-0.7425,4.0489,2.7318,-17.688,-1.7669
2.3554,-0.57876,3.986,4.4915,-17.332,-2.3942
2.3237,-0.26193,3.778,6.098,-16.908,-2.6624
2.2346,0.087,3.4619,6.7995,-15.878,-2.9592
2.0805,0.26833,3.1516,6.4835,-14.612,-3.1819
1.8555,0.29338,2.7717,6.2273,-13.508,-3.6105
1.6062,0.15268,2.3383,6.4476,-13.233,-4.1156
1.3948,-0.10166,1.8346,7.7045,-13.647,-4.2497
1.0882,-0.37398,1.3447,9.0381,-12.694,-5.7461
0.64071,-0.58822,0.70692,10.839,-10.281,-7.3598
-0.32109,-0.38877,-0.77594,15.17,-7.7309,-8.8202
-0.70772,0.11218,-1.3756,16.874,-7.9033,-7.9895
-0.93395,0.85921,-1.7966,17.104,-9.5553,-6.2345
-0.90251,1.5557,-2.049,14.528,-12.325,-2.0542
0.46258,2.6261,-1.7247,7.6662,-19.613,19.003
0.5605,4.3656,0.24541,-8.0325,-19.613,0.36871
0.29431,4.3656,-0.7417,-19.613,-11.447,4.2713
-0.72385,0.80019,-1.9815,-19.613,-9.1506,0.64643
-1.3679,-3.1087,-2.3322,-19.613,-8.1187,-2.1237
-0.11111,-4.3657,-2.1721,4.7429,-19.163,7.0916
-0.59048,-2.5718,-1.8912,13.664,-10.487,0.93613
-1.1345,-1.0585,-1.7215,11.626,-8.9926,-1.5993
-0.49815,-0.72105,-1.5468,12.493,-14.77,1.4868
-0.21144,0.79752,-1.3376,15.689,-11.064,-0.11492
-0.24168,2.1097,-1.2169,9.2727,-8.6119,-0.10295
-0.14003,2.3136,-1.0914,2.1213,-9.0788,0.14605
-0.050894,2.1338,-0.94741,-2.8156,-10.23,0.42617
-0.064617,1.4738,-0.87866,-7.1778,-10.745,1.4293
-0.14695,0.44486,-0.82883,-10.147,-10.841,2.9449
-0.24688,-0.45938,-0.82523,-9.8474,-10.046,3.4261
-0.36918,-1.0926,-0.83749,-6.9695,-8.983,3.1412
-0.43247,-1.4063,-0.81964,-3.304,-8.8298,2.466
-0.40223,-1.2969,-0.75369,-0.086191,-9.0429,1.5012
-0.32921,-0.93688,-0.66149,2.3727,-9.3398,1.154
-0.27939,-0.42527,-0.59621,3.881,-9.5481,1.3384
-0.32282,0.37398,-0.62792,2.0446,-9.3254,2.8323
-0.35892,0.38504,-0.66056,-0.95289,-8.8825,3.4381
-0.36226,0.2113,-0.66469,-3.3208,-8.6024,3.8331
-0.35613,-0.12417,-0.66389,-4.5418,-8.3558,3.8523
-0.37838,-0.47484,-0.65483,-3.9983,-8.3222,3.6799
-0.37651,-0.64897,-0.66442,-2.1859,-8.6479,3.4548
-0.46644,-0.57729,-0.71332,0.67277,-8.9447,2.8371
-0.47071,-0.36172,-0.72518,1.0558,-8.9854,2.4708
-0.46178,-0.17826,-0.7337,1.0678,-8.9998,2.2266
-0.47137,-0.026779,-0.75329,1.0008,-9.1195,2.1141
-0.49149,0.099391,-0.76755,0.50996,-9.414,1.719
-0.49709,0.14695,-0.76595,-0.052672,-9.7372,1.4844
-0.49256,0.11085,-0.7774,-0.35913,-9.7707,1.6783
-0.51547,0.096726,-0.78113,-0.43335,-9.4379,1.6352
-0.54238,0.08207,-0.79592,-0.19632,-9.2895,1.7957
-0.57463,0.10499,-0.80085,-0.04549,-9.2584,1.7549
-0.58702,0.10605,-0.81524,0.11253,-9.3948,1.9178
-0.60101,0.097126,-0.83629,0.33519,-9.5217,2.1548
-0.62445,0.081404,-0.86201,0.34955,-9.335,2.2242
-0.67921,0.11231,-0.89438,0.73502,-8.8633,1.7693
-0.72784,0.08207,-0.92636,0.026336,-8.9064,1.64
-0.78407,0.0015988,-1.0261,-0.035913,-9.6151,1.3838
-0.78606,-0.028645,-1.0749,0.057461,-9.7133,1.3551
-0.86933,-0.011591,-1.1289,0.60573,-9.5912,1.0798
-0.91943,0.03091,-1.1799,0.95529,-9.4188,1.2522
-0.95394,0.0429,-1.2247,1.0439,-9.7396,1.4078
-0.95887,0.061953,-1.2664,1.2617,-9.8689,1.0223
-1.0344,0.047297,-1.277,1.4078,-10.175,0.9912
-1.073,0.0066616,-1.2881,1.4964,-10.501,0.7422
-1.1041,-0.041701,-1.2624,1.4916,-11.159,0.63925
-1.1478,-0.1295,-1.2973,0.80206,-11.923,-0.09098
-1.1932,-0.2125,-1.3062,0.35434,-12.438,-0.94571
-1.244,-0.26553,-1.3265,0.249,-12.742,-1.0295
-1.2967,-0.29271,-1.3572,0.59137,-12.491,-1.233
-1.4168,-0.25207,-1.4092,0.81163,-12.457,-1.8699
-1.4801,-0.18999,-1.4743,1.1181,-12.579,-1.3479
-1.5815,-0.21104,-1.5039,0.75178,-12.929,-0.68474
-1.6438,-0.28272,-1.6018,-0.023942,-13.319,-0.15083
-1.7761,-0.27312,-1.6325,-0.44772,-14.011,0.2466
-1.85,-0.41182,-1.6808,-0.43335,-16.379,3.0598
-1.9015,-0.61486,-1.7411,-1.7789,-16.005,3.1053
-1.9257,-0.85201,-1.8568,-3.6248,-14.456,3.4692
-1.9504,-1.0916,-1.9577,-4.2928,-14.404,3.1436
-1.9734,-1.1735,-2.0183,-3.5913,-14.19,2.4541
-1.9721,-1.1547,-2.0642,-3.6751,-14.662,2.3152
-1.9935,-1.1327,-2.0765,-4.7238,-15.043,2.32
-2.0232,-1.1493,-1.9835,-6.9408,-15.699,2.4876
-2.1338,-1.2462,-1.8563,-8.43,-14.176,2.6336
-2.3938,-1.6988,-1.8754,-6.3877,-11.315,0.50518
-2.4471,-2.5281,-1.9724,0.58897,-11.207,0.71347
-2.2457,-2.9637,-1.889,8.0804,-13.034,1.5275
-2.0975,-1.8635,-1.6124,14.212,-13.12,2.2673
-2.017,-0.058489,-1.4025,16.146,-14.933,3.8403
-1.7569,1.546,-1.1631,14.863,-13.549,2.0135
-1.3696,2.3942,-0.98977,11.037,-11.43,1.324
-0.86241,2.7384,-0.7882,5.7509,-10.7,2.4469
-0.47564,2.8811,-0.49988,0.8691,-9.4786,3.4213
-0.16028,2.703,-0.065683,-3.2825,-7.7883,3.8906
0.039969,2.187,0.34134,-6.4691,-5.6551,3.5314
0.0874,1.4861,0.6102,-7.8769,-3.7661,3.1556
0.088732,0.70599,0.71812,-7.5346,-2.4876,2.7509
0.073277,-0.0089265,0.93182,-6.213,-2.1237,2.0853
0.22036,-0.63245,1.4494,-0.95529,-4.0725,0.62728
0.35972,-0.5228,1.6166,1.3551,-4.9991,0.52672
1.9328,0.97605,3.5639,1.0367,-9.6414,1.4246
1.9843,0.85574,3.5825,1.8699,-10.57,1.312
2.045,0.82004,3.6525,2.5977,-11.291,1.1061
2.1225,0.86014,3.6893,3.0119,-12.347,0.84036
2.1963,0.92396,3.7218,3.122,-13.003,0.60334
2.2384,1.0396,3.7257,2.9497,-13.099,0.16041
2.2596,1.0777,3.7374,2.3391,-13.317,0.25857
2.2699,1.074,3.7632,1.6975,-13.719,0.27054
2.2704,0.97219,3.7819,1.0367,-14.14,0.32322
2.2846,0.73397,3.7358,0.87867,-14.6,0.6201
2.3537,0.38544,3.7066,2.0542,-15.421,1.1971
2.4376,0.36186,3.6962,2.6288,-15.699,0.9481
2.5109,0.28019,3.4989,2.9185,-16.005,0.0095768
2.5127,0.19732,3.3652,2.6384,-15.766,-0.32561
2.4363,0.10499,3.2157,2.3104,-14.777,-1.3312
2.2676,0.031976,3.0363,2.229,-13.7,-2.3942
2.0348,-0.12444,2.7992,2.5498,-13.278,-3.7469
1.795,-0.19332,2.5017,3.8666,-13.405,-4.8626
1.6309,-0.1756,2.1376,5.9783,-13.915,-5.2672
1.4662,-0.088466,1.6569,8.9711,-14.155,-5.3582
1.2041,0.049296,1.1768,11.253,-12.854,-6.1794
0.82244,0.20065,0.65057,11.904,-10.25,-7.3526
0.41062,0.30883,0.076608,11.918,-8.7293,-7.5441
0.067282,0.53492,-0.49975,11.88,-8.1163,-7.0509
-0.21717,0.71519,-0.90024,11.337,-8.6598,-5.7437
-0.54105,0.85748,-1.3201,8.2791,-10.554,-2.5402
-0.48696,0.80711,-1.4019,5.5976,-11.382,0.34477
0.45285,1.5922,-0.62525,0.80924,-16.278,11.083
0.48829,4.3656,0.64724,-8.3079,-12.673,0.15802
0.089665,3.2827,-0.67455,-19.613,-13.352,2.4636
-0.79299,-0.48896,-1.4855,-19.613,-11.983,-2.9425
-0.89038,-3.1765,-1.8534,-14.456,-13.755,-2.2194
-0.37078,-4.2152,-2.0063,-1.7071,-16.29,0.87628
0.51281,-2.6409,-1.8783,10.036,-15.337,6.9408
-0.25194,-0.15295,-2.0354,14.526,-9.3374,2.9305
-0.54598,0.24834,-2.2816,13.257,-12.309,0.63446
-0.23049,1.1413,-1.8904,14.358,-12.115,0.48123
-0.097792,3.0109,-1.3929,9.6223,-8.6359,0.50757
0.076075,3.5545,-1.2057,0.44772,-7.6519,1.6951
0.12417,2.7532,-1.189,-6.7229,-7.829,3.1173
-0.0062619,1.3781,-1.1774,-11.497,-7.7333,4.4341
-0.26793,-0.026513,-1.1836,-14.08,-7.7357,6.6248
-0.45365,-1.2128,-1.3612,-11.751,-8.0014,6.2489
-0.60833,-1.7881,-1.4406,-6.7564,-8.7005,4.5442
-0.50042,-1.643,-1.2438,-1.3647,-9.7205,1.7957
-0.18173,-1.1564,-0.94301,3.6272,-10.197,0.62249
-0.11698,-0.3428,-0.80365,7.7213,-9.7995,-0.071826
-0.14269,0.63804,-0.68361,7.8075,-8.9016,0.96726
-0.20118,1.1345,-0.87173,2.909,-9.2249,1.5395
-0.14562,1.1251,-0.90664,-3.1101,-9.3302,2.1955
-0.17493,0.43007,-0.80019,-7.0916,-9.0956,3.0933
-0.25087,-0.26393,-0.80298,-7.0509,-9.4092,3.5434
-0.33654,-0.53359,-0.86614,-4.3742,-9.2512,3.1077
-0.38184,-0.36345,-0.81538,0.95768,-9.0142,2.0877
-0.36958,-0.20784,-0.80498,0.86431,-9.2943,1.9369
-0.36612,-0.14162,-0.79659,0.031125,-9.6223,1.8962
-0.36465,-0.090331,-0.76888,-0.26097,-9.5313,1.8483
-0.37185,-0.085801,-0.75182,-0.45969,-9.5313,2.0423
-0.39023,-0.12071,-0.71718,-0.49081,-9.4667,1.9944
-0.39157,-0.13896,-0.69707,-0.33279,-9.4523,2.0686
-0.39396,-0.14562,-0.6503,-0.25618,-9.6199,1.8675
-0.38344,-0.15388,-0.62219,-0.059855,-9.7875,1.8771
-0.37864,-0.12137,-0.60287,0.40462,-9.8186,1.8411
-0.37718,-0.074743,-0.57716,0.58897,-9.572,1.9728
-0.38397,-0.029977,-0.53812,0.42617,-9.4571,1.9393
-0.3857,-0.071412,-0.52373,-0.14126,-9.5624,1.8603
-0.3873,-0.10872,-0.5164,-0.16999,-9.7971,1.731
-0.39117,-0.14789,-0.50681,-0.064643,-9.6343,1.6592
-0.42674,-0.17547,-0.51281,0.249,-9.402,1.6017
-0.45805,-0.18679,-0.51281,0.18914,-9.4499,1.5538
-0.47404,-0.20624,-0.52147,0.067038,-9.6247,1.4653
-0.48843,-0.20025,-0.52813,0.24421,-9.6845,1.5586
-0.51974,-0.20704,-0.51028,0.53151,-9.5648,1.482
-0.54931,-0.21504,-0.48696,0.66798,-9.6199,1.6113
-0.57276,-0.24821,-0.45379,0.47884,-9.7205,1.3336
-0.59768,-0.24075,-0.39743,0.65122,-9.5289,0.99838
-0.58782,-0.30243,-0.35133,0.826,-9.4475,0.87628
-0.58942,-0.31403,-0.28432,1.221,-9.1435,0.8691
-0.61007,-0.35839,-0.2157,1.3168,-8.7173,0.64165
-0.62565,-0.40529,-0.19665,1.1396,-8.7652,0.62968
-0.63844,-0.43447,-0.25008,0.9074,-8.7628,0.84515
-0.63285,-0.3909,-0.33628,1.1349,-9.3015,1.4054
-0.62832,-0.20518,-0.346,1.5155,-9.9216,1.1372
-0.66043,-0.039836,-0.31269,1.4629,-11.19,1.1157
-0.68547,0.0033308,-0.26819,1.1349,-12.471,1.9489
-0.68574,-0.15202,-0.096326,-1.063,-10.714,1.8627
-0.59927,-0.48709,-0.046631,-0.0047884,-9.9647,1.9297
-0.54412,-0.53706,0.0025314,0.45729,-10.558,1.5778
-0.52333,-0.71265,-0.082204,0.49321,-10.477,1.245
-0.46618,-0.80991,-0.10992,0.97923,-10.242,1.2139
-0.40289,-0.78273,-0.022916,0.73741,-10.276,2.1644
-0.41648,-0.95194,-0.080738,0.28252,-9.9527,1.4341
-0.4354,-1.2161,-0.093928,0.58658,-9.4212,0.59376
-0.42767,-1.1976,-0.045432,1.3264,-9.1051,-0.23942
-0.41981,-1.1539,-0.053959,1.6903,-8.7484,-1.0439
-0.40262,-1.0564,-0.06475,2.5235,-8.576,-1.4317
-0.37998,-0.80645,-0.039703,3.2058,-8.1738,-1.324
-0.3536,-0.6078,-0.031842,3.2657,-8.272,-1.3815
-0.30763,-0.26526,-0.030377,2.8683,-8.3079,-0.97205
-0.29124,-0.16654,-0.045165,2.3056,-8.6024,-0.64643
-0.27366,-0.073144,-0.062885,2.2194,-9.0692,-0.4549
-0.24714,0.015322,-0.079273,2.0111,-9.6654,0.016759
-0.22996,0.076608,-0.083669,1.6616,-9.7899,0.014365
-0.2217,0.13296,-0.078074,1.3599,-9.6391,-0.1245
-0.2161,0.16614,-0.034374,1.1995,-9.3039,-0.16759
-0.20544,0.19545,-0.057956,1.4437,-9.0621,-0.27054
-0.18612,0.24728,-0.040769,1.6759,-9.2249,-0.011971
-0.16534,0.27046,-0.043433,1.585,-9.3494,-0.19632
-0.15575,0.28045,-0.039969,1.5658,-9.3182,-0.095768
-0.14829,0.24941,-0.031709,1.245,-9.0285,-0.39983
-0.14695,0.18426,-0.027845,1.075,-9.0357,-0.50039
-0.13816,0.097792,-0.011991,0.90261,-9.0812,-0.35195
-0.12177,0.027845,-0.0057289,0.95768,-9.4547,-0.40941
-0.10325,-0.013989,0.00026646,1.0774,-10.168,-0.38068
-0.090198,-0.027179,0.0070613,1.2833,-10.333,-0.40223
-0.071412,-0.0074609,0.0062619,1.5874,-10.314,-0.75178
-0.01359,0.14802,-0.023982,1.8771,-10.805,-0.77333
0.028645,0.20864,-0.039836,1.7166,-11.54,-0.51715
0.034107,0.28138,-0.042234,1.1708,-11.791,-0.44293
0.088865,0.28445,-0.034773,0.62968,-11.27,-0.25618
0.10352,0.27272,-0.0077274,0.22745,-10.432,-0.13886
0.11165,0.17933,0.01692,0.12929,-9.7755,-0.011971
0.11431,0.1363,0.02598,0.32082,-9.4332,-0.10056
0.12111,0.041701,0.035706,0.7015,-9.3613,0.0095768
0.13003,0.019851,0.036639,1.7933,-9.4475,0.21069
0.1351,0.077674,0.044499,1.9034,-9.3805,0.49799
0.13883,0.10605,0.051294,1.573,-9.3637,0.71108
0.14096,0.099524,0.057956,1.3815,-9.584,0.71108
0.13949,0.071012,0.073011,1.2091,-9.7348,0.4525
0.13789,0.043034,0.078606,1.2067,-9.8067,0.32322
0.11791,0.00093262,0.081138,1.221,-9.5433,0.23703
0.09526,0.026646,0.079806,1.1301,-9.5122,0.25379
0.08207,-0.0078606,0.069147,0.89783,-9.7276,0.32322
0.080738,-0.024115,0.059554,0.88825,-9.9407,0.18914
0.07341,-0.039969,0.054492,0.88107,-9.8258,0.1221
0.067415,-0.052227,0.039836,0.89064,-9.7564,0.19154
0.056757,-0.00093262,0.0058622,1.2426,-9.5577,0.1245
0.049162,0.016254,-0.003464,1.3408,-9.6319,0.47645
0.042368,0.020917,-0.00039969,1.4198,-9.663,0.49321
0.032242,0.015588,0.0059954,1.2139,-9.6486,0.65841
0.029178,-0.02145,0.019319,1.0511,-9.6319,0.46448
0.029977,-0.06062,0.025447,1.0798,-9.5792,0.40701
0.019585,-0.062619,0.024515,1.2761,-9.5672,0.2466
0.023449,-0.048096,0.019052,1.4198,-9.56,0.1245
0.024115,-0.010658,0.016654,1.4126,-9.6726,0.07422
0.023848,0.0010658,0.013723,1.3886,-9.8019,-0.076614
0.023982,0.055691,0.01359,1.3767,-9.8569,-0.32082
0.031176,0.073943,0.0075942,1.3072,-9.8976,-0.24421
0.039836,0.098191,-0.033974,1.2186,-9.8354,0.10056
0.040103,0.1363,0.0011991,1.0918,-9.7061,0.35674
0.03957,0.088199,0.0081271,1.1205,-9.7181,0.50039
0.041035,0.047564,0.011458,1.1133,-9.6798,0.36392
0.023715,0.024115,0.018386,1.0798,-9.481,0.28252
0.014123,-0.0021317,0.016254,1.0223,-9.4475,0.49321
0.010392,-0.03051,0.020784,0.90261,-9.6127,0.54588
0.015988,-0.064084,0.026913,0.91459,-9.7683,0.37589
0.014655,-0.086067,0.032242,1.1971,-9.7276,0.32801
0.016787,-0.073943,0.029844,1.4653,-9.6798,0.29928
0.014655,-0.025181,0.028378,1.561,-9.6151,0.29688
0.020384,0.0062619,0.030776,1.4844,-9.7348,0.34237
0.024781,0.019319,0.024248,1.3958,-9.8474,0.37828
0.020118,0.03957,0.018119,1.154,-9.584,0.35195
0.022116,0.022383,0.01279,1.0415,-9.6295,0.45011
0.023049,0.023982,0.0097259,1.1875,-9.7229,0.46448
0.023182,0.031309,0.0070613,1.2641,-9.6845,0.64404
0.016121,0.051827,0.012524,1.2426,-9.5768,0.33998
0.010658,0.067948,0.013456,1.154,-9.5984,0.25618
0.010126,0.020118,0.0074609,1.1444,-9.6606,0.30646
0.010658,0.014922,0.0050628,1.0965,-9.675,0.52912
0.0067948,0.0077274,0.0019985,1.1349,-9.6726,0.56743
0.00066616,0.0066616,-0.010658,1.087,-9.4739,0.56503
-0.0026646,0.027046,-0.017054,1.3455,-9.5241,0.66559
-0.0035972,0.036239,-0.015988,1.1971,-9.6726,0.55067
-0.0075942,0.029977,-0.0085268,1.3671,-9.7899,0.50278
-0.0073277,0.018519,-0.0050628,1.1732,-9.7995,0.4142
-0.0050628,0.00026646,-0.0047963,1.1229,-9.6798,0.42856
-0.0053292,0.0055957,-0.0071945,1.221,-9.6414,0.34716
-0.0037305,0.019052,-0.010658,1.1756,-9.6462,0.3304
-0.0087933,0.036639,-0.0079939,1.5036,-9.6822,0.44532
-0.011991,0.055424,-0.0090597,1.336,-9.7612,0.38786
-0.012657,0.050495,-0.0074609,1.0822,-9.7396,0.47884
-0.017853,0.027712,-0.0055957,1.0199,-9.5146,0.51475
-0.019052,0.015455,-0.0038637,1.0367,-9.5553,0.44293
-0.025047,0.0018652,-0.0015988,1.1923,-9.6582,0.50278
-0.020118,0.00093262,0.006928,1.3144,-9.7181,0.48123
-0.021317,0.013456,0.00866,1.4461,-9.7276,0.59855
-0.024781,0.022516,0.0082603,1.3838,-9.6127,0.55067
-0.027312,0.02598,0.0055957,1.2665,-9.4379,0.59137
-0.029711,0.022783,-0.0010658,1.1516,-9.4092,0.46687
-0.034374,0.012923,0.0015988,0.9505,-9.7037,0.57221
-0.03424,0.00039969,0.003464,1.1899,-9.8234,0.46926
-0.068081,-0.0054625,0.0099923,1.2186,-9.7468,0.49081
-0.00066616,-0.017187,0.010392,1.1947,-9.5146,0.29928
-0.036639,-0.019319,0.0098591,1.1732,-9.6271,0.46926
-0.037838,-0.020251,0.010259,1.2067,-9.6414,0.5387
-0.039037,-0.020651,0.0097259,1.2091,-9.6726,0.7039
-0.043567,-0.021717,0.011458,1.3024,-9.5146,0.58179
-0.048629,-0.027712,0.010126,1.3527,-9.6007,0.60094
-0.050894,-0.033708,0.010126,1.0798,-9.6391,0.56743
-0.047963,-0.026113,0.0094594,1.2067,-9.6702,0.61052
-0.047164,-0.023848,0.010658,1.3288,-9.7516,0.44532
-0.045965,-0.020384,0.010792,1.3479,-9.7659,0.43335
-0.049162,-0.0073277,0.0042634,1.1684,-9.8019,0.33758
-0.048363,-0.015188,0.0045299,1.0822,-9.7636,0.56024
-0.048496,-0.016254,0.0070613,1.166,-9.7516,0.32082
-0.0441,-0.020118,0.010392,1.3671,-9.7109,0.36871
-0.047031,-0.009193,0.01279,1.3503,-9.8019,0.3304
-0.045432,-0.0015988,0.015455,1.257,-9.7683,0.38068
-0.043966,-0.0099923,0.013323,1.0942,-9.7252,0.35195
-0.044499,-0.0098591,0.016387,1.2833,-9.7564,0.39744
-0.049296,-0.0090597,0.014522,1.2019,-9.6606,0.50278
-0.052093,-0.021983,0.016521,1.1444,-9.5888,0.59855
-0.048496,-0.026113,0.017986,1.1468,-9.742,0.53151
-0.047697,-0.027979,0.022783,1.154,-9.7444,0.52672
-0.0429,-0.037838,0.029044,1.257,-9.8569,0.39265
-0.034907,-0.028911,0.029311,1.3431,-9.6869,0.4525
-0.031576,-0.0077274,0.025714,1.3982,-9.5553,0.39983
-0.031043,0.017187,0.033708,1.3743,-9.6079,0.38307
-0.032775,0.027845,0.038637,1.336,-9.6414,0.34477
-0.036639,0.032375,0.044899,1.2402,-9.6606,0.49081
-0.00026646,0.02185,0.073677,0.97923,-9.6606,0.54348
-0.033041,-0.010259,0.085801,0.83797,-9.8426,0.52194
-0.033308,-0.048896,0.077541,0.96965,-9.7372,0.58179
-0.00013323,-0.056357,0.071279,1.1803,-9.56,0.49321
-0.028112,-0.0018652,0.045299,1.5227,-9.663,0.61052
-0.030776,0.014922,0.036106,1.3719,-9.5888,0.48602
-0.029844,0.014922,0.026779,1.2737,-9.5888,0.5794
-0.032642,0.0022649,0.019185,1.1277,-9.6247,0.46687
-0.037438,-0.024515,0.009193,1.0295,-9.6391,0.50039
-0.043567,-0.028245,0.0095926,1.1229,-9.6271,0.38547
-0.0441,-0.028911,0.011325,1.0822,-9.7133,0.40701
-0.041168,-0.020917,0.0050628,1.2665,-9.7468,0.46687
-0.045299,-0.006928,0.0073277,1.2881,-9.73,0.39025
-0.046764,0.0073277,0.0082603,1.245,-9.6654,0.39504
-0.045299,0.012257,0.0085268,1.2258,-9.6654,0.40462
-0.046364,0.012524,0.0062619,1.2139,-9.6798,0.43096
-0.049429,0.0085268,0.0073277,1.1995,-9.7324,0.46208
-0.050228,0.0037305,0.0085268,1.1229,-9.6989,0.60334
-0.049562,0.00079939,0.0079939,1.1325,-9.6151,0.57221
-0.054891,-0.001732,0.0099923,1.1157,-9.6893,0.60094
-0.054492,-0.010525,0.014389,1.1444,-9.73,0.49081
-0.054225,-0.009193,0.014655,1.2067,-9.6391,0.72544
-0.052626,-0.005196,0.017986,1.2474,-9.6822,0.4142
-0.053692,-0.0057289,0.014655,1.1708,-9.5816,0.51236
-0.059554,0.00093262,0.0066616,1.1708,-9.6271,0.4549
-0.060087,0.0019985,0.0087933,1.1181,-9.7707,0.50039
-0.059688,-0.0022649,0.010126,1.1372,-9.7947,0.48842
-0.061953,-0.018119,0.01772,1.0798,-9.7659,0.48123
-0.062485,-0.029178,0.022116,1.0894,-9.7372,0.48123
-0.057689,-0.046098,0.020917,1.0223,-9.6271,0.2873
-0.052893,-0.044766,0.011858,1.1085,-9.596,0.1652
-0.046098,-0.029178,0.0070613,1.2546,-9.7444,0.19393
-0.041302,0.0074609,0.011458,1.4485,-9.8186,0.26815
-0.034773,0.042368,0.0082603,1.4389,-9.8067,0.35913
-0.031709,0.054758,0.0046631,1.3838,-9.7612,0.36631
-0.038104,0.05156,0.0089265,1.1995,-9.5696,0.48842
-0.040369,0.021317,0.0037305,0.97923,-9.5577,0.41899
-0.043966,-0.015055,0.0027979,0.92656,-9.6199,0.4525
-0.037704,-0.030776,0.0075942,1.1588,-9.7396,0.43335
-0.037571,-0.019851,0.0058622,1.2929,-9.7372,0.36152
-0.033708,-0.0025314,0.0038637,1.3527,-9.7229,0.52433
-0.029977,0.0093262,0.00053292,1.2043,-9.572,0.5794
-0.00013323,0.0019985,-0.00066616,1.0439,-9.6606,0.44053
-0.03504,-0.014522,0.033708,1.008,-9.7085,0.48363
-0.032775,-0.014123,0.0039969,1.0942,-9.7564,0.38068
-0.029977,-0.012391,0.0038637,1.1947,-9.7659,0.42856
-0.022783,0.022116,0.0021317,1.3144,-9.6965,0.36631
-0.023182,0.035839,0.0015988,1.3743,-9.6582,0.3304
-0.022649,0.044632,0.033974,1.2234,-9.6678,0.30646
-0.029844,0.022383,-0.0045299,1.0127,-9.6414,0.50996
-0.067815,-0.0029311,-0.00039969,0.9074,-9.6414,0.48842
-0.037172,-0.019452,0.0014655,0.98402,-9.6774,0.50039
-0.036239,-0.024914,0.0089265,1.0295,-9.6989,0.43096
-0.035706,-0.030643,0.014123,1.2139,-9.73,0.35195
-0.03877,-0.020118,0.013323,1.3336,-9.6869,0.36631
-0.00039969,0.0070613,0.015188,1.3719,-9.6774,0.40223
-0.031976,-0.011858,0.021184,1.2067,-9.5912,0.3735
-0.00053292,-0.011458,0.020651,1.1133,-9.6031,0.36152
-0.00013323,0.0074609,0.02225,1.2354,-9.73,0.37828
-0.033708,0.033841,0.023582,1.221,-9.7181,0.5363
-0.00066616,-0.014256,0.022516,1.1301,-9.584,0.50518
-0.030776,-0.012257,0.021184,1.3647,-9.5888,0.39265
-0.031709,-0.0041302,0.022383,1.3336,-9.6486,0.42617
-0.031043,0.0011991,0.024914,1.3503,-9.6774,0.56982
-0.029444,0.0046631,0.020518,1.3551,-9.6534,0.38786
-0.038104,-0.0081271,0.015988,1.0199,-9.675,0.51475
-0.041701,-0.013856,0.017853,0.93374,-9.7133,0.45969
-0.042368,-0.0095926,0.013989,1.1325,-9.6989,0.47884
-0.041568,-0.0015988,0.010792,1.312,-9.7157,0.39983
-0.044366,0,0.011191,1.3647,-9.6606,0.4118
-0.040769,0.0059954,0.0094594,1.1468,-9.6414,0.39983
-0.0441,-0.0019985,0.0087933,1.1061,-9.5505,0.44293
-0.044899,-0.0038637,0.0099923,1.1588,-9.7348,0.46448
-0.045165,-0.0059954,0.0079939,1.2163,-9.6726,0.36871
-0.044632,-0.0026646,0.0025314,1.166,-9.6438,0.46208
-0.04743,-0.0061286,0.0031975,1.1372,-9.6678,0.46687
-0.041302,-0.0078606,0.0025314,1.1253,-9.6774,0.42138
-0.042767,-0.0061286,0.00039969,1.1253,-9.7971,0.44293
-0.0429,0.017054,0.0015988,1.2043,-9.6845,0.34716
-0.041168,0.0055957,0.0059954,1.1229,-9.7659,0.19872
-0.040369,-0.00093262,0.0066616,1.1636,-9.7923,0.33519
-0.042767,0.0033308,0.0023982,1.1588,-9.6103,0.51236
-0.040236,0.0049296,0.003464,1.1349,-9.6893,0.4142
-0.044899,-0.033708,0.00093262,1.1229,-9.742,0.4549
-0.040902,-0.00093262,0.0075942,1.245,-9.7612,0.58179
-0.040769,-0.0089265,0.0098591,1.2067,-9.6822,0.31364
-0.042101,-0.00866,0.013057,1.1253,-9.5122,0.31603
-0.0433,-0.0061286,0.01319,1.1109,-9.5505,0.36631
-0.039703,-0.0047963,0.013989,1.1253,-9.7995,0.43574
-0.037172,-0.012124,0.019319,1.1827,-9.7612,0.31125
-0.039037,-0.020384,0.01772,1.2115,-9.6965,0.29449
-0.035573,-0.017986,0.015988,1.1875,-9.7109,0.42377
-0.039436,-0.015588,0.018919,1.075,-9.6798,0.35674
-0.035573,-0.020118,0.018519,1.1636,-9.7348,0.43574
-0.032908,-0.022383,0.017187,1.1899,-9.7157,0.39025
-0.033041,-0.019585,0.019319,1.2617,-9.7037,0.4956
-0.037438,-0.011724,0.010525,1.142,-9.572,0.44532
-0.036505,-0.013057,0.009193,1.1181,-9.5122,0.33519
-0.040236,-0.015455,0.010792,1.0989,-9.7229,0.4142
-0.036639,-0.019319,0.016787,1.1372,-9.663,0.56024
-0.067548,-0.028511,0.017453,1.1636,-9.7085,0.33519
-0.033175,-0.024914,0.018652,1.233,-9.6965,0.42617
-0.030643,-0.01732,0.013456,1.2881,-9.6391,0.54827
-0.036639,-0.010925,0.010658,1.1995,-9.5648,0.48363
-0.034773,-0.016254,0.0083936,1.0894,-9.6462,0.56264
-0.035306,-0.016654,0.014522,1.1349,-9.7827,0.34955
-0.036372,-0.014655,0.019319,1.1971,-9.7995,0.30646
-0.033175,-0.015588,0.01732,1.2043,-9.7013,0.35195
-0.036505,-0.015855,0.020518,1.1708,-9.6295,0.37828
-0.033841,-0.012657,0.017587,1.1899,-9.584,0.44532
-0.035839,-0.011991,0.017986,1.1205,-9.584,0.53391
-0.033841,-0.010126,0.014123,1.1612,-9.7276,0.56743
-0.037172,-0.0061286,0.015055,1.2402,-9.7252,0.58658
-0.035173,-0.00053292,0.015588,1.2474,-9.6845,0.60094
-0.036239,-0.0071945,0.018253,1.2043,-9.6845,0.30646
-0.033441,-0.0090597,0.022783,1.1851,-9.7348,0.3304
-0.032908,-0.012124,0.019985,1.1468,-9.651,0.46208
-0.036772,-0.012923,0.021717,1.1253,-9.663,0.58658
-0.035839,-0.0077274,0.016521,1.2019,-9.6031,0.50518
-0.03957,0.0014655,0.015055,1.2306,-9.5984,0.45011
-0.039836,0.0071945,0.014922,1.1636,-9.7731,0.4118
-0.040769,0.0023982,0.015455,1.1971,-9.6678,0.45011
-0.042234,-0.0015988,0.018519,1.1756,-9.7229,0.59855
-0.041701,-0.0014655,0.013856,1.1301,-9.6103,0.33758
-0.040636,0.0023982,0.0066616,1.1205,-9.651,0.40223
-0.042501,0.0067948,0.0079939,1.1851,-9.7396,0.34955
-0.040236,0.012391,0.0059954,1.2019,-9.7133,0.35674
-0.038637,0.01732,0.006928,1.2067,-9.7229,0.4142
-0.037305,0.016254,0.0098591,1.1301,-9.663,0.34237
-0.039303,0.010525,0.0082603,1.1013,-9.6845,0.36152
-0.041835,0.0085268,0.010525,1.166,-9.6606,0.40462
-0.03917,0.0095926,0.0097259,1.1349,-9.7181,0.34716
-0.043433,0.005196,0.0033308,1.1564,-9.6917,0.37828
-0.039303,0.0099923,0.0042634,1.233,-9.7013,0.48842
-0.039436,0.024381,0.0066616,1.1971,-9.7612,0.34716
-0.040636,0.016654,0.0085268,1.0678,-9.675,0.44293
-0.040902,0.014389,0.0055957,1.1205,-9.675,0.43335
-0.040902,0.0046631,0.0075942,1.0918,-9.6798,0.45729
-0.041168,0.0062619,0.005196,1.166,-9.6438,0.38068
-0.041568,0.0087933,0.0038637,1.1827,-9.7229,0.42617
-0.039703,0.012257,0.003464,1.2043,-9.6893,0.42377
-0.03917,0.017853,0.0054625,1.1732,-9.7468,0.38307
-0.038104,0.018253,0.0011991,1.1013,-9.6822,0.43814
-0.040769,0.013989,0.0045299,1.1516,-9.6343,0.41659
-0.040103,0.0058622,0.0085268,1.1947,-9.7157,0.43335
-0.040769,0.011325,0.0035972,1.2067,-9.7061,0.51236
-0.03464,0.0063951,0.0066616,1.2378,-9.6151,0.32322
-0.035173,0.00093262,0.003464,1.1372,-9.6582,0.44532
-0.039703,-0.011458,0.0090597,1.2234,-9.7061,0.3711
-0.037305,-0.016387,0.0078606,1.1564,-9.7324,0.3711
-0.039037,-0.01279,0.0058622,1.2665,-9.6678,0.25618
-0.040902,-0.0061286,0.006928,1.2139,-9.6606,0.30885
-0.040236,-0.0047963,0.0073277,1.1995,-9.6558,0.41899
-0.036239,-0.0046631,0.010259,1.1708,-9.7205,0.42617
-0.038104,-0.0022649,0.011325,1.2067,-9.6869,0.41899
-0.042501,-0.015455,0.013323,1.1229,-9.7971,0.47645
-0.040369,-0.022383,0.012391,1.1803,-9.6822,0.45729
-0.038637,-0.020784,0.012124,1.1732,-9.6869,0.34716
-0.040236,-0.018386,0.0083936,1.1923,-9.7372,0.47405
-0.039836,-0.011325,0.0089265,1.087,-9.7037,0.35434
-0.03544,-0.0026646,0.0071945,1.2306,-9.6702,0.35674
-0.038371,-0.0031975,0.0043966,1.1732,-9.6941,0.39744
-0.038904,0.0019985,0.0074609,1.2139,-9.7444,0.45011
-0.037838,-0.0038637,0.0094594,1.2163,-9.7899,0.39025
-0.043567,-0.011858,0.015055,1.2091,-9.7157,0.34955
-0.041568,-0.019452,0.018786,1.1444,-9.7157,0.36871
-0.03917,-0.020784,0.022116,1.1205,-9.7205,0.40701
-0.037172,-0.021317,0.022116,1.1947,-9.6774,0.37828
-0.03957,-0.014123,0.020384,1.2498,-9.651,0.46448
-0.037571,-0.0085268,0.018786,1.3599,-9.6295,0.47645
-0.037971,-0.033708,0.013323,1.1612,-9.7755,0.36152
-0.042101,-0.0059954,0.016254,1.0894,-9.5337,0.37828
-0.039703,-0.031176,0.019585,1.1827,-9.7133,0.36631
-0.03544,-0.00093262,0.022383,1.1708,-9.5074,0.41659
-0.035306,-0.020384,0.019718,1.3288,-9.6391,0.32561
-0.035573,-0.0031975,0.014655,1.3503,-9.7803,0.30885
-0.03504,0.0057289,0.014123,1.2761,-9.5888,0.36392
-0.032908,0.009193,0.014256,1.1899,-9.6295,0.40223
-0.03957,-0.0043966,0.015988,1.0247,-9.6486,0.34955
-0.039836,-0.01279,0.016787,1.0223,-9.7109,0.3711
-0.039436,-0.023049,0.019851,1.0175,-9.7085,0.4118
-0.040502,-0.02225,0.01732,1.1923,-9.6702,0.43335
-0.038237,-0.015055,0.013989,1.3144,-9.505,0.40941
-0.038904,0.011458,0.013456,1.1851,-9.6462,0.42856
-0.042634,-0.013989,0.012524,1.0415,-9.6606,0.46926
-0.041568,-0.022516,0.01319,0.91937,-9.6438,0.42856
-0.040369,-0.015455,0.0099923,1.1875,-9.7157,0.45011
-0.036239,0.0066616,0.0098591,1.3048,-9.7061,0.3711
-0.067815,0.014655,0.0079939,1.2186,-9.5193,0.21548
-0.032375,0.020518,0.0066616,1.1588,-9.6654,0.32801
-0.033041,0.019585,0.0058622,1.075,-9.675,0.34716
-0.033441,0.0066616,0.0094594,1.0487,-9.7612,0.45011
-0.035972,0.0011991,0.0085268,1.1325,-9.7252,0.32082
-0.035972,-0.0030643,0.01279,1.1971,-9.6462,0.50518
-0.036639,-0.0047963,0.014256,1.2282,-9.5816,0.38547
-0.037038,-0.0039969,0.013456,1.1588,-9.6223,0.31843
-0.037172,-0.0043966,0.012657,1.1277,-9.7588,0.39983
-0.037571,-0.0054625,0.011058,1.1588,-9.7037,0.44772
-0.038104,-0.0039969,0.011858,1.1779,-9.7923,0.25618
-0.03504,-0.0022649,0.00866,1.1851,-9.6965,0.34955
-0.037038,0.033574,0.013456,1.2019,-9.7276,0.43335
-0.00039969,-0.0049296,0.011858,1.2258,-9.7037,0.22266
-0.00026646,0.0011991,0.012124,1.1684,-9.7085,0.36631
-0.033974,0.0033308,0.01319,1.1013,-9.6414,0.32561
