0.2206,-0.3225,9.6998,0.052493,0.020917,0.034373
0.0566,-0.2219,9.9099,0.036105,0.044765,0.018119
0.0418,-0.0963,9.7683,0.023182,0.044366,0.051027
0.0602,-0.0098,9.7878,0.061685,0.022516,0.047563
-0.2215,-0.0367,9.7709,0.046764,0.02558,0.044632
-0.2068,-0.1014,9.8554,0.048762,0.017853,0.031576
-0.1263,-0.0164,9.9148,0.042367,0.045831,0.028778
-0.1323,-0.1617,9.8762,0.045565,0.029577,0.024115
-0.1311,0.0574,9.8535,0.014256,0.020118,0.033707
-0.2679,0.0003,9.7048,0.01732,-0.003464,0.032641
-0.1076,-0.0488,9.806,0.052493,0.0086599,0.013856
-0.136,-0.0294,9.6409,0.039303,0.02518,0.026513
0.0155,-0.078,9.8209,0.037971,0.06022,0.034507
-0.0843,-0.0194,9.6628,0.035572,0.033041,0.059154
-0.2584,-0.0261,9.7548,0.02558,0.070479,0.044099
-0.194,-0.0072,9.8443,0.055823,0.061153,0.022649
0.2222,0.1863,9.6463,0.056623,0.050361,0.0062618
0.4256,0.043,9.8827,0.046364,0.029844,-0.0077273
-0.1356,0.0788,9.9386,0.028644,0.036372,0.025847
-0.0251,-0.1187,9.7786,0.025447,0.054624,0.048362
-0.1635,0.1247,9.5555,0.035306,0.059021,0.043433
-0.0638,-0.1812,9.5984,0.060087,0.02105,0.041834
0.0277,-0.1522,9.8148,0.035706,0.032508,0.010392
-0.065,0.0324,9.8552,0.046497,0.032775,0.073676
-0.1149,-0.1442,9.7968,0.021983,-0.0035972,0.048895
-0.0755,-0.1728,9.7759,0.045298,0.030776,0.05569
0.009,-0.12,9.6967,0.055424,0.021184,0.03011
-0.2322,-0.1747,9.7288,0.070479,0.020784,0.043433
-0.013,-0.1446,9.7405,0.017853,0.023049,0.03424
-0.0755,0.0321,10.007,0.024115,0.058222,0.035839
-0.1153,-0.0611,9.8409,0.025447,0.079139,0.019851
0.0618,0.1659,9.8345,0.041701,0.052759,0.036372
-0.1513,0.0932,9.8418,0.027312,0.03837,0.021184
0.1173,-0.0067,9.7477,0.0015988,0.03917,0.014922
0.0782,0.0914,9.7123,0.023582,0.067947,0.027978
-0.0484,-0.081,10.014,0.02598,0.031043,0.027845
-0.0542,0.1944,9.8362,0.02638,0.070345,0.022782
0.0798,-0.0182,9.8637,0.015854,0.046897,0.018519
0.1025,0.0624,9.8284,0.0085267,0.0425,0.0026646
-0.0859,0.0839,9.8214,0.012657,0.080471,0.016654
-0.0681,-0.1173,9.8654,0.019185,0.043833,0.037038
-0.1318,-0.2212,9.8453,0.036905,0.051427,0.055823
-0.0806,-0.0379,9.9529,0.019318,0.026113,0.01279
-0.1253,-0.0299,9.9004,0.039436,0.023848,0.058222
-0.0094,-0.0507,9.9509,0.017187,0.023049,0.039436
0.0549,-0.1504,9.8311,0.025314,0.018386,0.045565
0.2097,0.053,9.689,0.022782,0.018919,0.038903
0.0649,0.0884,9.5652,0.016521,0.022516,0.031043
0.2554,0.1302,9.8083,0.011857,0.01239,0.037704
-0.0417,-0.0417,9.7876,0.023448,0.022249,0.029044
0.0016,-0.1354,9.9676,0.023315,0.036638,0.009859
-0.0726,-0.1249,9.887,0.043833,0.051427,0.022516
-0.0349,-0.2508,9.9866,0.043699,0.05156,0.050627
0.0557,0.0576,9.9991,0.03384,0.033441,0.021583
-0.023,0.0947,9.934,0.05609,0.031043,0.062751
-0.0166,0.1939,9.8692,0.037571,0.044632,0.049029
0.0831,0.1241,9.7841,0.049162,0.025847,0.028245
0.1771,-0.0617,9.8807,0.044499,0.065949,0.034107
0.1774,-0.0203,9.9714,0.036905,0.044765,0.052359
0.1482,0.2555,9.7993,0.026912,0.024914,0.051294
0.0617,0.1534,9.7101,0.059287,0.026513,0.055557
-0.1145,0.1676,9.8907,0.00053292,0.01772,0.057955
0.0914,0.316,9.845,0.025447,-0.00079938,0.02971
0.1276,0.1995,9.7496,0.035439,0.01732,0.044899
-0.0199,0.1132,9.798,-0.0071944,0.039436,0.042767
0.0511,-0.1361,9.6389,0.04783,0.013989,0.062885
0.1293,0.0356,9.7634,0.050894,0.01772,0.065016
0.0887,0.1407,10.093,0.055024,0.022649,0.061819
-0.0285,-0.0234,9.6141,0.046897,0.0433,0.048496
-0.0825,0.0998,9.9151,0.082203,0.041834,0.02971
0.182,0.1283,9.8241,0.058488,0.053159,0.068347
-0.0911,0.2428,9.8718,0.040768,0.023448,0.070345
-0.0691,0.0788,9.8344,0.028778,0.037837,0.042634
0.1285,-0.0253,9.8377,0.055557,0.051427,0.026113
0.149,0.0078,9.6978,0.041834,0.023582,0.020118
-0.1368,-0.0247,9.683,0.050494,0.015188,0.05529
-0.0679,-0.1795,9.8048,0.027179,0.043566,0.042367
0.0606,-0.1589,9.8099,0.014522,0.0018652,0.058488
-0.0324,-0.2023,9.9686,0.043833,0.00039969,0.043833
-0.0114,-0.1064,9.9309,0.057422,0.026246,0.054758
0.0508,-0.2484,9.8006,0.048096,0.010658,0.053425
0.1217,-0.0322,9.7936,0.024914,0.0011991,0.059154
0.0369,-0.0721,9.9919,0.034773,0.044899,0.059154
-0.0945,0.0796,9.7903,0.052759,0.053026,0.050094
-0.1814,0.0309,9.912,0.0018652,0.06435,0.031176
0.0432,0.2984,9.8193,0.0022649,0.046364,0.016787
0.0682,0.1338,9.9717,0.020651,0.039836,0.0037304
-0.4093,-0.0688,9.814,0.029444,0.054891,0.014256
-0.1571,0.1548,9.7083,0.035706,0.032508,0.029044
-0.0726,0.1881,9.8283,0.051826,0.019851,0.0083935
0.025,-0.0608,9.7097,0.026779,0.03917,0.041568
-0.0338,0.1568,9.8384,0.056889,0.046364,-0.014122
0.0683,-0.033,9.8219,0.045032,0.026779,0.013723
-0.1608,-0.0704,9.7762,0.023981,0.03917,0.017586
-0.0222,0.2683,9.7988,0.034507,0.006395,0.035706
0.0911,-0.073,9.8405,0.029977,0.057689,0.024514
-0.0584,-0.0953,9.9,0.029844,0.053425,0.035572
0.0462,0.0308,10.065,0.03837,0.049695,0.063151
0.1437,0.0684,9.8768,0.035173,0.018652,0.026246
0.2636,0.0739,9.6558,0.041568,0.028911,0.066881
0.2078,0.0969,9.5805,0.043033,0.012124,0.039836
0.2725,-0.0918,9.7,0.04703,0.055024,0.015455
0.0771,-0.0949,9.6663,0.049961,0.022916,0.062885
0.0052,-0.1228,9.66,0.029177,0.024914,0.068347
0.1108,0.0864,9.6814,0.034906,0.03837,0.049295
-0.0432,-0.0306,9.7917,0.041301,0.026513,0.057156
0.1118,0.0143,9.914,0.031576,0.033974,0.067414
0.1012,0.07,9.8386,0.037038,0.021184,0.044232
0.0853,0.2164,9.6346,-0.0019985,0.022649,0.026912
-0.0733,0.099,9.7173,0.026912,0.043966,0.029577
-0.1179,0.2148,9.6799,0.033174,0.024781,0.05116
-0.2074,0.1347,9.8251,0.020517,0.0065283,0.036372
-0.0703,-0.0129,9.8543,0.048496,0.029444,0.044099
-0.2769,-0.048,9.6562,0.072211,0.046231,0.035972
-0.4955,-0.1593,9.6278,0.03011,0.028112,0.027179
-0.1381,0.0268,9.6041,0.067681,0.011058,0.041301
-0.0773,-0.1273,9.6224,0.049562,0.033174,0.046497
0.0862,-0.0416,9.8922,0.057156,0.022516,0.037971
-0.1092,0.0619,9.74,0.06888,0.058355,0.044899
-0.2397,-0.2093,9.8402,0.045964,0.058754,0.018519
-0.1264,-0.0662,9.8164,0.020651,0.043033,0.043167
-0.2111,-0.0807,9.9429,0.037571,0.049961,0.019718
-0.0471,-0.3544,9.8373,0.054358,0.029311,0.019718
0.0404,-0.1195,9.7591,0.022782,0.03424,0.013057
-0.1041,-0.0408,9.8777,0.033974,0.013057,0.057422
0.1779,0.0369,9.9269,0.032508,0.036771,0.055424
-0.0036,0.0317,9.8289,0.02185,0.049029,0.061685
-0.1914,-0.1426,9.6326,0.033441,0.047563,0.025047
-0.047,0.1622,9.5346,0.05529,0.015188,0.03011
0.0726,0.2055,9.4722,0.03877,0.029044,0.058754
0.1458,0.1637,9.6334,0.020917,0.029044,0.056223
0.1525,0.1134,9.6927,0.019984,0.053159,0.057156
0.1026,-0.0374,9.8601,0.040502,0.031442,0.029844
0.0328,-0.1758,9.7478,0.0087932,0.01279,0.052226
0.0615,-0.0133,9.8702,0.028911,0.041701,0.044099
-0.0053,0.1959,9.8369,0.045032,0.037438,0.059154
-0.0126,-0.0991,9.7769,0.0070612,0.048362,0.023848
0.139,-0.1783,9.9607,0.017853,0.036905,-0.00053292
0.1794,-0.1889,9.8752,0.011191,0.040102,0.019318
-0.0258,-0.1137,9.6301,0.021583,0.048629,-0.006395
-0.0333,-0.3793,9.8186,0.049295,0.03917,0.031309
0.1594,-0.3494,10.01,0.061019,0.049428,0.046897
0.0327,-0.0447,9.9667,0.041168,0.03424,0.045298
0.0424,-0.0698,9.9395,0.049961,0.035173,0.046098
0.1279,-0.1008,9.8574,0.016121,0.038104,0.0429
0.0135,-0.1111,9.6916,0.0055957,0.036905,0.068747
0.0606,-0.1788,9.7083,0.0015988,0.049961,0.043033
0.1291,-0.0769,9.5986,0.029844,0.028778,0.032508
0.1821,-0.0201,9.7151,0.029577,0.038637,0.045431
-0.0407,-0.0418,9.9734,0.016787,0.013723,0.020251
0.0131,-0.0872,9.8731,0.025314,0.0023981,0.035839
0.0094,-0.2207,9.8636,0.037438,0.014789,0.029177
0.043,-0.1746,9.8938,0.02185,0.057822,0.018785
-0.0259,-0.1975,9.7856,0.035572,0.018386,0.015055
-0.0894,0.1744,9.6426,0.031975,0.039569,0.046764
-0.2245,0.0405,9.8243,0.043833,0.035173,0.049828
0.1225,-0.0666,9.8366,0.039969,0.031576,0.043033
0.0155,-0.0553,9.6709,0.042767,0.032508,0.026912
0.4661,-0.134,9.8773,0.061685,0.083668,0.029311
0.2616,-0.166,10.042,0.047563,0.033174,0.011724
0.1945,-0.1752,9.8503,0.033307,0.015588,0.01319
0.2384,-0.0869,9.8282,0.027046,0.02638,0
0.1824,0.0509,9.669,0.013057,0.0082603,0.020384
-0.12,0.0157,9.9533,0.039303,0.045431,0.024914
-0.1134,0.0852,9.8633,0.064617,0.03877,0.031043
-0.1012,0.2367,9.963,0.042101,0.0066615,0.036771
0.0244,-0.0357,9.9758,0.023049,0.02518,0.039969
0.0509,-0.0597,9.7379,0.036905,0.016787,0.046098
-0.0691,-0.0521,9.7816,0.012657,0.015854,0.043966
0.0368,0.2043,9.6436,0.0097258,0,0.010925
-0.039,-0.005,9.7125,0.028245,0.029444,-0.0055957
-0.058,0.166,9.7505,0.010658,0.023715,0.00093261
-0.167,0.103,9.6779,0.023715,0.047163,0.033174
0.0525,0.0231,9.8688,0.040235,0.052626,0.017586
-0.1166,-0.0322,9.8251,0.0083935,0.05529,0.061019
0.0521,0.0255,9.9777,0.022782,0.070079,0.031442
0.0959,0.0015,10.048,0.020384,0.049828,0.010392
0.0626,-0.0441,9.8395,0.016387,0.039836,0.010392
0.0666,-0.0783,9.8686,0.033041,0.03464,0.045165
-0.1463,-0.003,9.9408,0.017053,0.028511,0.019851
-0.0232,-0.0189,9.7855,0.045565,0.033441,0.027845
0.0013,-0.0675,9.6795,0.026513,0.044099,0.0077273
-0.0229,0.0318,9.7451,0.029044,0.058621,0.05116
0.0367,-0.0333,9.5119,0.033707,0.049295,0.032508
0.0487,-0.0262,9.7929,0.0099922,-0.0011991,0.032775
-0.0316,0.0895,9.9233,0.02145,0.0093261,0.059154
0.0744,-0.11,9.9381,0.045964,0.035706,0.047963
0.1436,0.0641,9.6077,0.054624,0.019984,0.015188
-0.1377,0.0317,9.4048,0.041301,0.055157,0.031442
-0.0564,-0.1186,9.7034,0.023049,0.039569,0.044899
-0.1417,-0.1689,9.8432,0.063151,0.027445,0.054758
-0.0382,-0.0584,9.7676,0.045831,0.036505,0.03051
-0.0978,-0.0201,9.8269,0.042101,-0.008127,0.033041
-0.0168,-0.1332,9.6414,0.019585,0.0037304,0.031975
-0.105,0.0637,9.8136,0.006395,0.028778,0.047696
0.0246,-0.0021,9.7729,0.015854,0.040235,0.040102
-0.0709,0.2431,9.9337,0.014389,0.040102,0.045831
-0.1036,0.0906,9.6654,0.026513,0.037571,0.050361
0.0149,0.125,9.8101,0.023049,0.020118,0.031043
-0.0139,0.0603,9.643,0.037171,0.0071944,0.016654
-0.2038,-0.0726,9.9833,0.053159,1.0878,0.034373
-0.1834,0.1668,9.892,0.036372,1.0712,0.041035
-0.1228,-0.0681,9.9692,0.023582,1.0725,0.036905
0.0116,-0.0948,9.6974,0.066082,1.0582,0.042367
-0.0585,-0.1571,9.7494,0.037571,1.0974,0.052892
0.1199,-0.1574,9.6752,-0.010925,1.0838,0.060886
-0.0901,-0.0607,9.6502,-0.0095926,1.1067,0.039703
-0.0609,-0.1941,9.7255,0.024514,1.0669,0.02598
-0.1875,-0.026,9.9131,0.043833,1.0981,0.048229
-0.2306,0.0133,9.9549,0.041301,1.1023,0.050627
-0.207,0.1244,9.8295,0.042367,1.0557,0.037837
-0.4114,-0.031,9.9764,0.024115,1.0624,0.027312
-0.3627,0.0562,10.014,0.044899,1.0517,0.060486
-0.452,0.0558,9.9503,0.029444,1.0724,0.036505
-0.4858,0.0663,9.7831,0.024115,1.1199,0.062885
-0.3486,-0.1995,10.051,0.047696,1.093,0.029577
-0.4104,-0.0449,9.8521,0.036239,1.0978,0.040369
-0.3859,-0.0786,9.8637,0.021184,1.0941,0.0433
-0.4208,-0.0242,9.8254,0.037571,1.0577,0.053425
-0.582,0.0398,9.9504,0.034107,1.107,0.051294
-0.5418,-0.0792,9.7296,0.054091,1.0885,0.050494
-0.4041,-0.0445,9.6047,0.045831,1.0926,0.017986
-0.4291,0.0234,9.962,0.0433,1.0952,0.029977
-0.6205,-0.0416,9.8818,0.056356,1.0991,0.041701
-0.661,-0.0443,9.6409,0.015321,1.0794,0.048895
-0.7483,0.0626,9.8318,0.014655,1.0818,0.06475
-0.8976,-0.0535,9.6497,0.052093,1.0741,0.041568
-0.8298,-0.0485,9.6824,0.020917,1.084,0.017986
-0.7085,-0.2403,9.5753,0.034107,1.0993,0.0073276
-0.8249,-0.1091,9.9887,0.014789,1.0773,0.010525
-0.9356,-0.0493,9.7032,0.017853,1.075,0.022249
-0.7453,0.0744,9.7111,0.0014655,1.0766,0.040635
-0.7773,-0.0744,9.8611,0.059687,1.1063,0.0030643
-0.7811,0.06,9.8794,0.029844,1.0954,0.040369
-1.0096,0.0408,9.6435,0.014922,1.0898,0.024248
-1.0886,0.0425,9.7692,0.018386,1.0802,0.029444
-0.9577,-0.1292,9.8592,0.054225,1.1115,0.022249
-1.0697,-0.0072,9.9085,0.062218,1.1257,0.058222
-1.1116,0.0446,10.039,0.021716,1.1317,0.043167
-1.1473,-0.1151,9.9212,0.026113,1.0716,0.060753
-1.2068,-0.0893,9.8262,0.028644,1.1062,0.017586
-1.1744,-0.0612,9.7866,0.050627,1.075,0.024914
-1.1221,0.0786,9.9067,0.057689,1.0697,0.014789
-1.0642,0.0434,9.8264,0.042767,1.0764,0.017187
-0.9692,0.1855,9.8946,0.049961,1.0873,0.03877
-1.2539,0.003,9.9476,0.025847,1.0768,0.086866
-1.1453,0.1455,9.7963,0.056623,1.0998,0.038104
-1.3807,0.0346,9.6981,0.043033,1.0933,0.014256
-1.3338,0.0715,9.7958,0.03384,1.0869,0.054758
-1.2931,-0.0705,9.7708,0.055823,1.0784,0.045831
-1.2703,-0.1271,9.723,0.028245,1.1118,0.042234
-1.3361,0.0761,9.8524,0.014256,1.0822,0.045431
-1.1278,0.1297,9.8125,0.037304,1.0906,0.042634
-1.3706,0.0619,9.7225,0.06475,1.0704,0.036905
-1.2789,0.0674,9.8196,0.059554,1.0809,0.017586
-1.3717,0.195,9.7645,0.026246,1.105,0.048362
-1.7107,0.081,9.7854,0.052226,1.0504,0.039703
-1.6045,-0.069,9.7356,0.048629,1.0781,0.048096
-1.4012,0.1103,9.7618,0.029977,1.0681,0.024648
-1.4056,0.0872,9.7129,0.058088,1.0824,0.017853
-1.6276,-0.2518,9.7154,0.048895,1.0656,0.043833
-1.5608,-0.1958,9.8298,0.035972,1.0979,0.038237
-1.9744,-0.0826,9.9954,0.083136,1.1005,0.030909
-1.7248,-0.3219,9.7947,0.073543,1.0782,0.023981
-1.8626,-0.2121,9.6941,0.046364,1.0702,0.053425
-1.8007,-0.1844,9.8272,0.061819,1.0588,0.047696
-1.5704,-0.2894,9.734,0.037438,1.0885,0.041834
-1.7911,-0.0794,9.8811,0.049295,1.0952,0.02558
-1.4528,-0.2002,9.6692,0.033041,1.0565,0.048895
-1.7241,-0.1097,9.7484,0.05529,1.0661,0.015321
-1.6248,-0.0505,9.6285,0.041168,1.0946,0.0429
-1.4073,-0.0157,9.5689,0.024248,1.0798,0.014522
-1.6687,-0.0557,9.5799,0.060353,1.0637,-0.0055957
-1.7809,0.0505,9.6499,0.028644,1.0829,-0.010392
-1.8147,0.0073,9.4819,0.0018652,1.0616,-0.022649
-1.7719,-0.0353,9.4776,0.023981,1.0692,0.026246
-2.0329,-0.0564,9.5266,0.039303,1.0369,0.055557
-2.1396,0.1125,9.6047,0.021983,1.077,0.03464
-1.9484,-0.0432,9.4324,0.032108,1.0766,0.039836
-1.9449,-0.0487,9.5307,0.049695,1.0908,0.039436
-1.9824,-0.1208,9.6079,0.038903,1.083,0.024914
-2.0495,0.1234,9.4991,0.037438,1.0661,0.065682
-2.2074,0.1235,9.5357,0.035173,1.0501,0.038637
-2.2357,0.2443,9.6369,0.040369,1.0994,0.036638
-2.2668,0.2647,9.7113,0.0094593,1.0772,0.025314
-2.2513,0.1976,9.8572,0.048096,1.0874,0.033041
-2.1216,0.0664,9.7144,0.049428,1.1063,0.042367
-2.1996,-0.1999,9.4935,0.022116,1.0756,0.027445
-2.2982,-0.1276,9.4404,0.040502,1.1002,0.044765
-2.365,-0.1726,9.4021,0.029311,1.0804,0.060087
-2.5709,0.1233,9.4131,0.053825,1.0826,0.065149
-2.4816,0.1443,9.7444,0.038104,1.0672,0.019318
-2.5855,0.108,9.3519,0.041435,1.0738,0.0429
-2.7266,-0.0344,9.407,0.034373,1.0912,0.051826
-2.6089,0.316,9.3507,0.052493,1.0973,0.043699
-2.4483,0.0272,9.284,0.030776,1.0689,0.047563
-2.7139,0.044,9.4331,0.0014655,1.0717,0.042634
-2.6371,0.0624,9.3295,0.023182,1.0546,0.046897
-2.7315,0.0635,9.4373,0.0046631,1.0429,0.027579
-2.4119,0.3187,9.5294,0.029044,1.0734,0.013589
-2.4848,0.352,9.4226,0.029577,1.1199,0.039036
-2.5061,0.388,9.311,0.054891,1.1079,0.010525
-2.7004,0.1278,9.5099,0.048096,1.0983,0.023582
-2.5517,0.066,9.5383,0.038903,1.0844,-0.010925
-2.606,0.2377,9.3996,0.047696,1.0666,0.02598
-2.426,0.2065,9.5805,0.020784,1.0733,0.030909
-2.557,0.1242,9.4573,0.044765,1.0754,0.025847
-2.4368,0.1839,9.3683,0.010259,1.1207,0.02145
-2.611,0.0931,9.4682,0.0030643,1.0932,0.030909
-2.571,-0.0824,9.4803,0.018253,1.1053,0.025047
-2.6618,-0.1565,9.1853,0.0054624,1.0694,0.00053292
-2.7789,-0.2481,9.2709,0.028644,1.0998,0.045565
-2.8147,-0.0079,9.4741,0.054491,1.0736,-0.020118
-2.8256,-0.1525,9.4686,0.03837,1.0793,0.011857
-2.8594,0.0941,9.304,0.0089264,1.052,0.026646
-3.1567,0.2225,9.4166,0.062218,1.0646,0.038637
-2.8145,0.1095,9.546,0.042367,1.0557,0.024914
-3.0584,0.0084,9.504,0.028778,1.0845,0.030909
-2.6487,0.0694,9.3029,0.02558,1.095,0.05116
-2.9361,0.1587,9.4276,0.019585,1.0744,0.067281
-3.0216,0.128,9.2592,0.022383,1.0741,0.023981
-3.0996,0.1789,9.1573,0.039569,1.0612,0.063684
-3.1664,-0.0359,9.3301,0.062085,1.0813,0.037038
-3.1844,-0.0876,9.3644,0.029844,1.1034,0.059154
-3.2156,0.1745,9.4251,0.041834,1.0986,0.054358
-3.277,-0.0218,9.2508,0.03877,1.0991,0.047696
-3.2441,-0.0456,9.3095,0.025314,1.1003,0.057022
-3.034,0.004,9.307,0.049029,1.0862,0.048096
-3.1451,0.0036,9.2378,0.018785,1.0664,0.05649
-3.2461,-0.2337,9.3098,0.053425,1.0413,0.057022
-3.1803,-0.1916,9.2109,0.059554,1.0987,0.051693
-3.3823,-0.1199,9.1307,0.038637,1.0448,0.039836
-3.3172,-0.0017,9.1916,0.055424,1.0842,0.035572
-3.4891,-0.0142,9.1944,0.046764,1.0961,0.031309
-3.5081,-0.0517,9.2554,0.022649,1.0621,0.039036
-3.4414,0.0902,9.2383,0.065549,1.0689,0.0053292
-3.4412,-0.0169,9.2794,0.066482,1.0768,-0.001732
-3.7616,0.0596,9.1622,0.064883,1.0908,0.011458
-3.8023,-0.0017,9.2386,0.057022,1.0641,0.027845
-3.5882,-0.1027,8.9985,0.058888,1.088,0.050761
-3.5875,-0.1433,9.1124,0.029844,1.0724,0.035572
-3.5133,0.1876,9.0937,0.02598,1.1123,-0.0015988
-3.3933,0.1731,9.0755,0.019718,1.0948,0.042767
-3.4043,0.0729,9.1871,0.046497,1.0965,0.034906
-3.556,0.0659,9.0723,0.033574,1.0978,0.05156
-3.5067,-0.1906,9.2193,0.044099,1.0617,0.03877
-3.522,-0.1818,9.1566,0.023848,1.0688,0.026113
-3.7423,0.0437,9.0286,0.024381,1.0878,0.021317
-3.8496,0.0958,9.3102,0.026779,1.0656,0.038503
-3.6854,0.1147,9.1738,0.037038,1.0776,0.026779
-3.7079,0.0607,9.1081,0.020251,1.0686,0.031975
-3.8854,0.0821,9.2311,0.022383,1.0688,0.065949
-3.8694,0.2348,9.0171,0.064883,1.0661,0.033307
-4.1544,0.2792,9.0436,0.029177,1.0609,0.065816
-4.1464,0.1261,9.2471,0.028245,1.0837,0.042367
-4.0427,0.0411,9.0823,0.027445,1.0821,0.019585
-3.9192,-0.0393,8.9703,0.01692,1.0932,0.035572
-4.0983,0.0771,9.1695,0.044099,1.0327,0.062885
-4.0758,0.0524,9.1379,0.045964,1.0957,0.033574
-3.8143,0.1032,8.9733,0.012657,1.0798,0.018253
-4.0888,-0.0569,8.9102,0.033174,1.0598,0.021716
-4.0705,-0.1242,8.855,0.025847,1.0781,0.054624
-4.1643,-0.1132,9.014,0.070745,1.077,0.07341
-4.3079,-0.0453,9.0095,0.045565,1.0869,0.054758
-4.0366,0.0278,8.9858,0.012923,1.0765,0.019718
-4.2235,-0.0064,8.9317,0.046364,1.0852,0.060486
-4.1876,-0.0178,8.6826,0.036239,1.0624,0.03877
-4.3182,0.0753,8.8542,0.029844,1.0732,0.024781
-4.2668,0.0222,8.7033,0.039036,1.0937,0.048895
-4.3304,0.0106,8.784,0.049162,1.068,0.031309
-4.1104,-0.0889,8.6726,0.038903,1.0734,0.039303
-4.4771,-0.1858,8.7157,0.039569,1.0774,0.064483
-4.4071,-0.134,8.8721,0.05569,1.0736,0.03837
-4.2456,0.0103,8.7256,0.014522,1.113,0.017187
-4.3461,-0.0899,8.5779,0.035173,1.1069,0.016121
-4.2797,-0.2646,8.5402,0.026779,1.0936,0.0078606
-4.5229,0.0387,8.8482,0.050228,1.0688,-0.016521
-4.6248,-0.048,8.6899,0.069013,1.0746,0.045565
-4.429,-0.1493,8.752,0.027712,1.0573,0.040235
-4.2512,-0.1132,8.8349,0.032908,1.0553,0.04663
-4.3559,-0.0068,8.8016,0.0054624,1.0974,0.021184
-4.3247,-0.0293,8.7969,0.039703,1.0825,0.051826
-4.4828,0.0465,8.8011,0.051294,1.0818,0.0429
-4.504,0.1696,8.8162,0.079405,1.0999,0.026513
-4.5613,0.0411,8.5782,0.043167,1.0796,0.044632
-4.5256,-0.013,8.543,0.032775,1.1061,0.042234
-4.5984,-0.1506,8.7499,0.032908,1.0722,0.072211
-4.6398,0.0519,8.5366,0.030376,1.0725,0.013989
-4.6663,-0.1008,8.5432,0.018119,1.0824,0.042234
-4.6286,-0.1458,8.4644,0.009859,1.0789,0.077007
-4.7629,0.0113,8.5483,0.02185,1.0884,0.0087932
-4.8663,-0.0065,8.4257,0.053692,1.1086,-0.0037304
-4.5134,-0.1046,8.359,0.057422,1.1174,0.036638
-4.3559,0.0962,8.4757,0.030776,1.0913,0.030243
-4.6954,0.0956,8.7128,0.032242,1.0874,0.028911
-4.6379,-0.0086,8.4366,0.027978,1.0857,0.0046631
-4.7564,0.0011,8.4401,0.042634,1.0666,0.0085267
-4.82,0.1711,8.602,0.0067947,1.0897,0.046098
-4.9059,0.151,8.4084,0.022383,1.0808,0.043833
-4.7721,0.0737,8.3639,0.036105,1.0877,0.067681
-4.8435,0.1563,8.322,0.029977,1.1063,0.058088
-5.0722,-0.2413,8.2342,0.039036,1.0822,0.0066615
-4.8435,-0.1673,8.2037,0.036905,1.1042,0.050094
-4.8179,-0.0014,8.2404,0.010392,1.0785,0.036505
-4.7703,-0.0959,8.3948,0.028112,1.0826,0.045431
-4.7273,-0.0388,8.4634,0.029444,1.0857,0.022383
-4.7195,-0.0101,8.5623,0.031576,1.0776,0.057822
-4.8274,-0.1504,8.6101,0.014256,1.0873,0.028245
-4.9988,0.1231,8.4287,0.022383,1.0869,0.050761
-5.1054,0.0965,8.3452,0.025847,1.0814,0.04743
-5.2234,-0.117,8.0467,0.037304,1.073,0.059021
-5.2042,-0.1243,8.3831,0.0065283,1.1073,0.047696
-5.0743,-0.0152,8.3912,0.077273,1.0721,0.041168
-4.8778,0.1394,8.3924,0.057689,1.0856,0.031043
-5.1023,-0.1241,8.4652,0.047563,1.0881,0.02105
-5.0314,-0.1099,8.3282,0.043699,1.0549,0.026646
-5.1258,0.0695,8.3297,0.057422,1.058,0.035972
-5.1142,-0.1513,8.295,0.045831,1.0569,0.039569
-5.3159,-0.074,8.5206,0.062751,1.0702,0.016787
-5.2793,-0.1467,8.3287,0.061552,1.099,0.052226
-5.4582,0.0886,8.3806,0.024914,1.086,0.060353
-5.6228,-0.0207,8.3722,0.039036,1.083,0.023182
-5.4997,0.0164,8.2713,0.035439,1.1058,0.027312
-5.5832,-0.0593,8.3181,0.040369,1.0661,0.035173
-5.4858,-0.0817,8.3517,0.0015988,1.0977,0.05156
-5.4221,0.063,8.3591,0.023315,1.0745,0.048096
-5.4644,-0.0605,8.3885,0.0429,1.0918,0.053159
-5.6741,-0.0021,8.292,0.053026,1.0689,0.030243
-5.4631,0.1557,8.1295,0.06475,1.0689,0.037971
-5.2754,-0.1859,8.021,0.05116,1.0814,0.057422
-5.5297,0.0235,8.0653,0.035173,1.09,0.049162
-5.2826,0.068,8.0427,0.030776,1.0889,0.010125
-5.5097,0.1145,8.0596,0.037304,1.0566,0.056889
-5.6447,0.081,7.9118,0.012524,1.092,0.07301
-5.592,0.1923,7.9783,0.044232,1.0826,0.041168
-5.585,0.0319,8.0171,0.043033,1.0808,0.017453
-5.7073,0.0908,7.8936,0.027445,1.0785,0.036239
-5.5699,-0.0704,7.9212,0.051294,1.0621,0.050627
-5.6328,-0.1035,7.9375,0.021983,1.048,0.016654
-5.6889,-0.0027,7.8209,0.021583,1.1102,0.040768
-5.7206,-0.3415,7.913,0.018785,1.0511,0.037971
-5.8563,-0.1197,7.9402,0.013323,1.0626,0.032375
-5.9115,-0.0438,7.8989,0.028778,1.057,0.0425
-5.9901,0.0064,7.9481,0.030776,1.0684,0.040635
-5.9219,0.0142,7.9713,0.061685,1.0738,0.048496
-5.886,0.0495,7.8991,0.025314,1.0792,0.015188
-5.7092,0.1705,7.7403,0.017453,1.1005,0.019851
-5.9247,0.0707,7.8936,0.011991,1.087,0.021716
-5.9661,-0.0668,7.8128,0.036239,1.0752,0.015588
-5.893,0.0653,7.7252,0.026912,1.0546,0.016521
-5.9365,0.2597,7.6567,0.031709,1.0524,0.0070612
-5.9143,0.1999,7.79,0.031576,1.076,0.047696
-5.9031,0.0875,7.976,0.021583,1.0652,0.019318
-5.9016,0.025,7.9111,0.067281,1.0492,0.024381
-6.0409,0.1632,7.7924,0.066881,1.0736,0.03051
-6.0357,0.0566,7.84,0.027179,1.093,0.051027
-6.3201,0.0225,7.5926,0.056223,1.0977,0.065949
-6.3694,0.0839,7.5331,0.053692,1.0505,0.03464
-6.2484,0.1061,7.511,0.041168,1.0749,0.055557
-6.3557,0.2433,7.5781,0.033574,1.0814,0.036505
-6.1628,-0.2088,7.5545,0.032375,1.0297,0.029844
-6.1956,-0.1641,7.5872,0.036372,1.0881,0.069946
-6.1428,-0.1921,7.6647,0.053292,1.0581,0.025847
-6.2674,-0.1021,7.6119,0.044099,1.0829,0.050761
-6.3341,-0.1192,7.4696,0.066615,1.0654,0.028245
-6.219,-0.1175,7.5681,0.063417,1.0889,0.019318
-6.2808,0.1575,7.4215,0.037571,1.0597,0.014922
-5.9533,-0.0277,7.5615,0.043566,1.07,-0.010525
-6.3471,-0.0785,7.5634,0.023315,1.076,0.040102
-6.2674,-0.1599,7.5153,0.032108,1.0845,0.047297
-6.2672,0.0388,7.4041,0.017053,1.1025,0.021184
-6.1401,0.1538,7.5526,0.016387,1.0946,0.022383
-6.3679,0.1504,7.622,0.030776,1.0721,0.031709
-6.3106,0.0019,7.4516,0.0429,1.125,0.017986
-6.5182,-0.1385,7.5843,0.035306,1.1135,0.0053292
-6.7228,-0.1045,7.5309,0.016121,1.0852,0.010259
-6.6915,0.034,7.4543,0.054225,1.1167,0.067015
-6.4197,0.0111,7.2487,0.019185,1.1158,0.045964
-6.5875,0.1015,7.2665,0.036239,1.0741,0.032908
-6.5959,-0.0236,7.5679,0.031176,1.0788,0.032908
-6.4342,0.055,7.4257,0.028112,1.107,0.045431
-6.6446,0.008,7.2676,0.062485,1.0961,0.056623
-6.6488,-0.065,7.2771,0.070745,1.1019,0.053026
-6.6363,0.0744,7.3177,0.045698,1.0585,0.053159
-6.4738,0.0628,7.1971,0.018119,1.0977,0.018785
-6.4696,-0.118,7.0662,0.033574,1.0534,0.032375
-6.6579,0.0156,6.9965,0.048362,1.0584,0.040235
-6.8401,-0.0123,7.0573,0.018253,1.0962,0.040502
-6.8751,0.0934,7.1212,0.017187,1.0633,0.027445
-6.839,0.1739,7.0567,0.02185,1.1013,0.016387
-6.7468,-0.101,7.3821,0.02598,1.0902,0.034373
-6.8058,0.0157,7.0694,0.040768,1.0652,0.041435
-6.7593,0.1732,7.0445,0.03011,1.1182,0.024781
-6.7291,0.045,6.9474,0.070479,1.0848,0.06062
-6.5999,0.1192,7.1042,0.023315,1.0877,0.014389
-6.7988,0.0944,6.9969,0.011857,1.0877,0.047963
-6.6151,0.239,6.9619,0.029044,1.0626,0.063551
-6.8565,0.0426,6.9625,0.027712,1.0826,0.044232
-6.9503,0.1733,6.8717,0.038104,1.0464,0.041834
-7.0568,0.2462,7.0127,0.028911,1.066,0.032108
-6.8899,0.145,7.1569,0.016787,1.0613,0.027712
-6.9775,0.1119,7.0225,0.038104,1.0762,0.027046
-7.0497,0.158,6.9588,0.028112,1.0752,0.021583
-7.2341,0.191,6.9624,0.044765,1.1007,0.059154
-7.1252,0.017,6.9047,0.030643,1.0892,0.053425
-7.1072,0.0449,6.9243,0.026646,1.1363,0.038237
-7.2298,0.0615,6.7961,0.050094,1.1154,0.040102
-7.3302,-0.071,6.6442,0.018386,1.0776,0.043433
-7.2892,-0.1018,6.7449,0.037171,1.0758,0.031309
-7.2017,-0.202,6.8977,0.0039969,1.038,0.019318
-7.1833,-0.1298,6.7556,0.0021317,1.0441,0.006395
-7.0902,-0.1057,6.6843,0.045431,1.0864,0.028511
-7.2428,0.1467,6.683,0.017586,1.0669,0.020651
-7.3583,-0.0008,6.4606,0.02638,1.0794,0.03877
-7.2702,-0.1273,6.5454,0.00093261,1.0801,0.033307
-7.3198,-0.0833,6.642,0.052359,1.0798,0.01279
-7.1998,0.1234,6.6609,0.045698,1.0423,0.036771
-7.2511,0.0693,6.4983,0.022116,1.0512,0.038104
-7.2037,0.3249,6.6989,0.019185,1.0542,0.021317
-7.2352,0.1078,6.5334,0.027445,1.0736,0.049961
-7.2473,0.0175,6.1804,0.035039,1.0966,0.048229
-7.0929,0.1,6.3349,0.026646,1.1138,0.019851
-7.0925,0.0097,6.5058,0.024248,1.1099,0.028112
-7.3176,-0.0687,6.533,0.02518,1.082,0.023182
-7.5007,0.0921,6.7526,0.047696,1.0849,0.043833
-7.3941,0.2351,6.5234,0.0035972,1.0869,0.065816
-7.4091,0.1624,6.552,0.0058621,1.0828,0.04663
-7.3719,-0.0629,6.5343,0.039836,1.0782,0.04743
-7.4601,-0.0196,6.636,0.01279,1.0937,0.066748
-7.3375,-0.1447,6.362,0.044765,1.0721,0.041568
-7.5262,0.0178,6.3399,0.017187,1.0741,0.031442
-7.6724,-0.0364,6.2352,0.035039,1.0682,0.042634
-7.5922,-0.0206,6.4649,0.047696,1.0754,0.027845
-7.5361,0.026,6.4649,0.053026,1.0773,0.028378
-7.5703,0.0934,6.3906,0.043033,1.0834,0.06848
-7.4365,0.0353,6.3329,0.015854,1.0644,0.031442
-7.5363,0.0351,6.1747,0.018253,1.0846,0.028245
-7.6436,0.05,6.1252,0.039969,1.0945,0.040235
-7.5857,-0.0291,6.1852,0.021317,1.088,0.055957
-7.3872,0.0923,6.3652,0.0082603,1.0922,0.0023981
-7.6824,0.3881,6.2003,0.065682,1.0975,0.032775
-7.6416,0.1816,6.1612,0.031842,1.0754,0.058222
-7.775,0.1406,6.3366,0.021983,1.089,0.071145
-7.7917,-0.0031,6.3143,0.025847,1.06,0.04783
-7.7363,0.0814,6.2821,0.027579,1.0562,0.056223
-7.8693,0.0833,6.1864,0.0079938,1.0698,0.018919
-7.5846,-0.0682,6.2045,0.034373,1.0798,0.034507
-7.6015,0.0729,5.9496,0.051693,1.0773,0.063551
-7.7055,-0.0637,6.1398,0.043833,1.0718,0.044099
-7.5797,0.0062,5.9675,0.032242,1.1169,0.053558
-7.6627,-0.0502,5.8397,0.010125,1.1238,0.040502
-7.7575,-0.2905,5.6798,0.026513,1.1127,0.032908
-8.0183,-0.0846,5.885,0.029844,1.0987,0.019984
-8.1558,-0.2388,5.903,0.057822,1.0986,0.039836
-7.9812,-0.0814,5.8641,0.028911,1.0878,0.032908
-7.8051,-0.0749,5.8806,0.039969,1.1033,0.044232
-7.8313,0.097,5.9142,0.01772,1.0761,0.014789
-7.845,-0.0327,5.9145,0.039303,1.0942,0.033041
-7.9094,-0.0817,5.8761,0.018919,1.0753,0.02518
-7.7775,-0.069,5.6806,0.02558,1.0614,0.034507
-8.0405,0.0734,5.7016,0.076208,1.0678,0.022249
-7.9402,-0.1757,5.6585,0.039436,1.0661,0.048629
-7.8139,-0.0507,5.6186,0.016521,1.0752,0.058754
-8.0163,0.1368,5.6631,0.023981,1.081,0.041301
-8.0283,0.1608,5.629,0.029977,1.0829,0.0099922
-8.0955,0.1772,5.7094,0.045032,1.0913,0.031442
-8.0022,-0.0298,5.6535,0.02598,1.0738,0.0099922
-8.148,-0.1423,5.6288,0.032242,1.0604,0.032775
-7.7668,-0.0986,5.4356,0.069413,1.1126,0.03837
-8.0085,-0.0833,5.604,0.052226,1.1057,0.02598
-7.9613,-0.0262,5.6274,0.05529,1.0734,0.0061286
-7.9268,-0.2969,5.4192,0.056223,1.0946,-0.0039969
-8.3466,-0.0433,5.5155,0.027978,1.0793,0.053692
-8.3734,0.0733,5.4252,0.032242,1.075,0.029444
-8.4202,0.332,5.3874,0.051027,1.1046,0.022383
-8.1875,0.3807,5.2982,0.029844,1.0926,0.028644
-8.0227,0.1824,5.2136,0.038903,1.076,0.044366
-8,-0.0474,5.227,0.046364,1.0646,0.034773
-7.9346,0.1733,5.3427,0.02145,1.1193,0.02185
-8.0499,0.0625,5.2247,0.017586,1.1183,0.013323
-8.0328,0.0415,5.2848,0.044632,1.1137,0.025047
-8.0825,0.0716,5.3545,0.037304,1.0948,0.023848
-8.2189,-0.0479,5.2238,0.035839,1.0967,0.034373
-8.0863,0.0305,5.2035,0.03051,1.0714,0.018386
-8.2487,-0.0593,4.9517,0.022516,1.0865,0.02185
-8.2463,-0.014,5.2544,0.04783,1.1138,0.015321
-8.3354,-0.0201,5.282,-0.019452,1.0865,0.051294
-8.2476,-0.0212,5.141,0.018119,1.1159,0.056889
-8.4059,-0.1085,5.0858,0.033441,1.0974,0.050228
-8.1372,-0.112,5.3219,0.011857,1.0653,0.03464
-8.281,0.0421,5.3049,0.011191,1.1018,0.028644
-8.374,0.0084,5.1209,0.036239,1.0918,0.033307
-8.1378,-0.0707,5.0755,0.052892,1.1051,0.041168
-8.2154,0.0638,5.0078,0.024248,1.0921,0.037438
-8.4757,0.1516,4.9505,0.03011,1.0813,0.01732
-8.6163,0.189,4.7352,0.055557,1.0637,0.070479
-8.4307,-0.0072,4.9646,0.052626,1.103,0.011591
-8.4979,-0.0108,5.0039,0.066881,1.0789,0.0050627
-8.412,-0.0078,5.0229,0.058088,1.0878,0.013057
-8.5514,0.0512,4.9681,-0.008127,1.0941,0.01279
-8.3836,-0.0238,5.0586,0.029844,1.0677,0.044232
-8.4611,-0.0589,4.8293,0.040768,1.0881,0.058754
-8.4553,-0.0124,4.8898,0.047563,1.0925,0.03917
-8.6323,-0.0982,4.8844,0.049828,1.1057,0.019452
-8.4009,-0.1696,4.8549,0.04663,1.0916,0.0086599
-8.4589,-0.0907,4.8745,0.039569,1.1063,0.030776
-8.2722,-0.1098,4.7823,0.032242,1.0528,0.027046
-8.4673,-0.1839,4.6689,0.047297,1.0857,0.024648
-8.6664,-0.1081,4.8138,0.053026,1.091,0.037704
-8.6735,-0.0688,4.7071,0.061153,1.0913,0.02185
-8.6948,-0.072,4.6647,0.048229,1.0999,0.040502
-8.7152,0.0094,4.4283,0.0071944,1.064,0.046231
-8.563,-0.0049,4.3857,0.035706,1.0686,0.026779
-8.4433,0.1247,4.4394,0.020917,1.0788,0.028911
-8.4308,0.1446,4.443,0.038237,1.1058,0.030909
-8.7184,0.1594,4.8093,0.040235,1.0877,0.042767
-8.6407,0.0702,4.4165,0.027179,1.0794,0.027445
-8.8652,-0.0445,4.3622,-0.0010658,1.1137,0.028511
-8.9996,0.0954,4.4018,0.029044,1.0548,0.0433
-8.8961,-0.0344,4.3038,0.05196,1.0853,0.018386
-8.7954,0.0043,4.4062,0.032508,1.0999,0.030243
-8.6003,-0.1412,4.1824,0.026646,1.0893,0.0058621
-8.7685,0.0544,4.1775,0.040102,1.0652,0.036771
-8.9841,0.1796,4.3642,0.037704,1.0732,0.05156
-8.946,0.0998,4.4001,0.047963,1.1166,0.032242
-9.033,-0.0491,4.0593,0.027579,1.0889,0.047963
-9.0523,-0.0363,4.318,0.027712,1.0822,0.023848
-8.9646,-0.0175,4.32,0.031576,1.1078,0.014922
-8.7761,0.0634,4.3935,0.012257,1.0967,0.023715
-8.6952,0.0173,4.0904,0.028378,1.099,0.040635
-8.9107,0.0424,4.0583,0.017453,1.0682,0.031043
-8.7746,0.0288,4.0846,0.016387,1.0724,0.024781
-8.8133,0.0227,3.8879,0.055157,1.0901,0.031709
-8.7236,0.2859,3.9689,0.018519,1.1271,0.065416
-8.7081,0.1997,3.9715,0.039303,1.1061,0.037304
-8.8008,0.0892,3.9134,0.037171,1.079,0.036105
-8.9675,-0.1553,3.9948,0.03384,1.0814,0.029577
-8.8798,-0.0636,3.9032,0.073676,1.087,0.050761
-8.7464,0.1009,3.8654,0.048496,1.0936,0.059287
-8.6773,-0.0673,4.1342,0.05529,1.0836,0.03837
-8.7806,0.2413,4.1579,0.036905,1.1011,-0.013989
-8.9073,0.0759,3.8212,0.05529,1.0862,0.025047
-8.8128,0.1043,3.9678,0.022383,1.0694,0.044099
-8.7798,-0.0334,3.8187,0.051027,1.0785,0.024381
-9.1177,0.1541,3.9984,0.038903,1.082,0.049961
-9.1145,0.0564,3.9093,0.041301,1.1003,0.031176
-9.2298,0.0982,3.7736,0.059687,1.1139,0.027845
-8.9177,-0.1173,3.8153,0.049295,1.083,0.025447
-8.9885,-0.0577,3.6398,-0.018652,1.0789,0.051693
-8.9939,-0.0781,3.7506,0.014922,1.0582,0.012524
-9.1288,-0.0554,3.7212,0.058888,1.0792,0.041568
-9.2604,0.088,3.7489,0.050761,1.0893,0.061419
-9.4113,0.2245,3.7086,0.047297,1.1261,0.044232
-9.2141,0.1546,3.6955,0.046231,1.1089,0.037837
-9.2264,0.0984,3.5751,0.029977,1.0958,0.032908
-9.1276,-0.1272,3.6247,0.020384,1.0837,0.011991
-8.9478,-0.0652,3.6734,0.038903,1.0658,0.035572
-9.1644,-0.2288,3.5405,0.041701,1.0737,0.028511
-9.0374,-0.1161,3.6169,0.029444,1.0796,0.010392
-9.0699,-0.1479,3.6668,0.041435,1.0893,0.037571
-9.0583,-0.0499,3.5721,0.035306,1.1061,0.0071944
-9.1943,0.0501,3.5999,0.041035,1.0753,0.028245
-9.0385,-0.0335,3.6018,0.01319,1.0974,0.063284
-9.0006,-0.1277,3.4664,0.0038637,1.0744,0.02598
-9.1442,-0.1033,3.5263,0.057022,1.073,0.031176
-9.1352,-0.1448,3.4814,0.038237,1.0917,0.060486
-9.1813,-0.0141,3.3224,0.048629,1.0958,0.054358
-9.501,-0.1882,3.4888,0.036372,1.0953,0.031709
-9.2215,-0.036,3.3417,0.0033307,1.0649,0.025047
-9.3486,0.1,3.6064,0.02518,1.0884,0.025713
-9.1963,-0.08,3.4642,0.012524,1.0789,0.019318
-9.4391,-0.0958,3.3293,0.013723,1.0758,0.028911
-9.3232,0.0543,3.4233,0.023315,1.0602,0.038637
-9.3572,0.1199,3.1176,0.02185,1.0765,0.041168
-9.4509,0.0582,3.2119,0.03424,1.074,0.063817
-9.3423,0.3467,3.1287,-0.0035972,1.0544,0.037971
-9.3857,0.1202,3.2069,0.038104,1.0507,0.055024
-9.3772,-0.0283,3.1056,0.058222,1.0542,0.06475
-9.3357,-0.0227,3.3837,0.034107,1.0654,0.02598
-9.2312,0.0676,3.1664,0.022249,1.0745,0.035173
-9.3215,0.1056,2.9845,0.060886,1.0658,0.034507
-9.374,-0.2524,3.0286,0.05569,1.0713,0.011458
-9.5114,-0.2053,3.2477,0.010925,1.0762,0.034373
-9.3665,-0.1401,2.8833,0.04703,1.0902,0.031975
-9.2935,-0.2297,3.1233,0.048229,1.1073,0.057156
-9.2228,-0.2182,2.9907,0.065949,1.0983,0.045698
-9.2836,-0.0346,2.8932,0.019851,1.0746,0.038903
-9.3466,-0.1475,2.9311,0.039703,1.086,0.035972
-9.4408,-0.0412,2.8859,0.067548,1.0958,0.031975
-9.5976,-0.136,2.7858,0.018919,1.0892,0.070345
-9.6859,-0.2322,2.5485,0.041168,1.0692,0.048096
-9.668,-0.0177,2.6982,0.026246,1.0702,0.069546
-9.7214,0.0041,2.7651,0.031176,1.079,0.04703
-9.6374,-0.125,2.7679,0.020917,1.0781,0.04703
-9.7569,-0.206,2.7754,0.012257,1.0698,0.055823
-9.3829,-0.2276,2.5263,0.037571,1.0909,0.043833
-9.3577,0.1088,2.728,0.038104,1.0878,0.030909
-9.3489,0.2627,2.6505,0.039703,1.0916,0.01692
-9.47,0.0038,2.5534,0.051693,1.0934,-0.0083935
-9.3188,-0.0142,2.5046,0.048496,1.0906,0.014122
-9.4803,0.073,2.3981,0.062485,1.074,0.013989
-9.5448,0.1447,2.4459,0.043167,1.0758,-0.003464
-9.4411,0.1135,2.4445,0.02145,1.1043,0.013723
-9.7336,0.165,2.3955,0.049695,1.0677,0.026246
-9.5609,-0.0495,2.2364,0.023182,1.0641,0.047963
-9.5818,-0.0356,2.2691,0.077806,1.0945,0.034373
-9.7258,0.0128,2.2142,0.048629,1.0854,0.031442
-9.694,-0.1715,2.3377,0.045032,1.0925,0.0087932
-9.4785,0.0859,2.2728,0.033174,1.0886,0.045565
-9.381,0.2678,2.2049,0.043833,1.1115,0.047963
-9.5937,-0.0211,2.1107,0.006928,1.0874,0.040635
-9.4827,-0.0408,2.1736,0.022649,1.0653,0.061819
-9.4532,0.0474,2.2758,0.014122,1.0838,0.060486
-9.3763,0.0935,2.0365,-0.010925,1.0929,0.01732
-9.355,-0.0234,2.1497,0.025847,1.0978,0.025447
-9.5282,-0.2383,2.1088,0.02558,1.09,0.027445
-9.4691,-0.2417,2.0579,0.028245,1.0993,0.013989
-9.6418,-0.1737,1.9975,0.044632,1.0753,0.030909
-9.7236,-0.0388,2.1967,0.061153,1.077,0.028778
-9.675,-0.1226,2.1507,0.061019,1.099,0.035306
-9.675,-0.1353,2.0787,0.062618,1.1173,0.041301
-9.5391,0.0025,2.0997,0.034373,1.1407,0.035839
-9.6268,0.1503,2.0004,0.036105,1.0995,0.031176
-9.466,0.0447,2.0195,0.015988,1.0704,0.032108
-9.4379,0.0273,1.811,0.0018652,1.0784,0.033707
-9.5942,0.0022,1.9372,0.021716,1.0956,0.027312
-9.4974,-0.145,1.7107,0.011325,1.0841,0.041035
-9.6721,-0.2077,1.7827,0.03011,1.0808,0.055557
-9.5188,0.0067,1.661,0.010259,1.1186,0.037304
-9.5343,0.0236,1.4789,0.039969,1.063,0.031043
-9.4584,-0.0116,1.7473,0.030909,1.0837,0.071811
-9.5924,0.0535,1.6436,0.035306,1.0925,0.035306
-9.5739,-0.144,1.4338,0.045964,1.0813,0.043699
-9.5265,0.0809,1.6289,0.020384,1.0926,0.050627
-9.6064,0.1023,1.715,0.0053292,1.0945,0.020384
-9.7479,-0.1864,1.6059,0.040369,1.0954,0.041568
-9.7365,-0.1441,1.5032,0.034107,1.0949,0.043966
-9.5673,-0.0303,1.4714,0.038903,1.0768,0.018253
-9.6076,0.1685,1.3606,0.031043,1.0833,0.058088
-9.7497,0.2032,1.4967,0.04663,1.0624,0.041435
-9.9211,0.0569,1.6591,0.045565,1.0694,0.015854
-9.7805,0.0684,1.5251,0.025713,1.1101,0.050761
-9.8067,-0.0569,1.7152,0.013856,1.064,0.05116
-9.691,0.1665,1.5479,0.013856,1.109,0.04703
-9.7623,0.0604,1.3315,0.011991,1.1023,0.046364
-9.7578,0.0695,1.4075,0.026646,1.1135,0.026779
-9.8236,0.0128,1.3003,0.021184,1.1011,0.041435
-9.6907,-0.0048,1.2798,0.048629,1.081,0.060886
-9.8077,-0.0716,1.3767,0.03011,1.0905,0.052626
-9.6459,-0.1723,1.4212,0.027046,1.0665,0.041967
-9.7376,0.1503,1.4501,0.065416,1.0844,0.016254
-9.5091,0.1708,1.2578,0.073276,1.1041,0.026113
-9.7533,0.096,1.2757,0.061153,1.075,0.028378
-9.8372,0.065,1.2828,0.051693,1.0982,0.021184
-9.5766,0.1431,1.1631,0.052759,1.0858,0.010259
-9.5082,-0.1765,1.257,0.02145,1.074,0.054891
-9.5969,-0.1971,1.2531,0.035972,1.0857,0.024781
-10.003,-0.1337,1.0802,0.03877,1.097,0.019984
-9.8896,-0.2138,1.0493,0.028378,1.0971,0.023582
-9.8298,-0.1696,1.0754,0.023448,1.1018,0.032242
-9.8824,-0.059,1.1566,0.036239,1.0957,0.024781
-9.8264,0.0592,0.994,0.023049,1.1039,0.05569
-9.7113,0.1719,1.2014,0.024248,1.1138,0.035039
-9.7258,0.13,1.1424,0.021583,1.1285,0.039969
-9.7462,0.0969,1.1697,0.008127,1.1158,0.056356
-9.9936,-0.0164,0.9842,0.009859,1.0824,0.037038
-9.8974,-0.1659,0.7945,0.030243,1.0938,0.029311
-9.867,-0.1216,0.8877,0.021983,1.0756,0.033041
-9.9553,-0.032,0.7307,0.028378,1.0854,0.011058
-9.8101,0.0723,0.6998,0.044632,1.1025,0.025047
-9.8912,0.0683,0.7062,0.033707,1.0966,0.041568
-9.7749,-0.1039,0.753,0.041701,1.0848,0.027312
-9.6871,-0.2085,0.6644,0.062485,1.0975,0.032375
-9.8176,0.0977,0.6877,0.029044,1.105,0.026246
-9.8123,-0.0451,0.4968,0.017986,1.0725,0.049961
-9.7855,-0.1457,0.5397,0.035572,1.1034,0.041301
-9.9716,0.0155,0.6979,0.038903,1.1153,0.010658
-9.8744,-0.172,0.5717,0.044899,1.083,0.022383
-9.8241,-0.1163,0.5551,0.040369,1.115,0.012923
-9.6385,-0.0653,0.5356,-0.0041301,1.0944,0.021184
-9.8139,0.0601,0.2553,0.030243,1.0724,0.035439
-9.9214,0.1843,0.5022,0.045964,1.0864,0.053825
-9.9006,0.1361,0.2904,0.042767,1.1071,0.029044
-9.7631,0.0911,0.2787,0.04663,1.0866,0.049295
-9.8176,-0.2839,0.4031,0.051826,1.0898,0.052093
-9.7521,-0.0087,0.2563,0.015055,1.0765,0.048629
-9.9525,0.1053,0.4834,0.020251,1.0782,0.017453
-9.8944,0.0397,0.0992,0.063417,1.0528,0.030376
-9.8302,0.065,0.3012,0.032508,1.0726,0.029444
-9.8116,0.1315,0.1899,0.02598,1.0893,0.0038637
-9.9077,-0.0969,-0.0075,0.023715,1.1069,0.0090596
-9.7683,-0.086,0.1192,0.047163,1.0774,0.023049
-9.8668,0.0888,0.1225,0.021716,1.067,0.035839
-9.7632,0.0815,-0.0503,-0.011991,1.0752,0.022516
-9.7493,0.2236,-0.0051,0.023848,1.0471,0.039436
-9.5033,0.1415,-0.0425,0.031709,1.0689,0.060753
-9.4997,0.0339,0.017,0.035039,1.072,0.035039
-9.6827,-0.0643,-0.0286,0.061685,1.063,0.021583
-9.8303,0.0408,-0.0694,0.02558,1.1078,0.029844
-9.7508,-0.0572,0.0105,0.042767,0.063684,0.041301
-9.663,0.0241,0.0801,0.015455,0.024781,0.037704
-9.5288,0.1616,-0.0396,0.066881,0.0021317,0.034773
-9.6751,0.1896,-0.1809,0.029177,0.025447,0.0086599
-9.5571,0.1108,-0.0347,0.011325,0.033974,0.015588
-9.7394,0.0919,-0.0001,0.05649,-0.0010658,0.032908
-9.8503,0.0132,0.0465,0.034107,0.023582,0.02558
-9.6278,-0.1604,0.0555,0.032908,0.018919,0.017453
-9.9242,-0.119,0.1037,0.019452,0.0085267,0.022383
-9.9937,-0.0942,0.1078,0.01772,0.019718,0.0097258
-9.7992,-0.0956,0.1971,0.059554,0.018519,0.014522
-9.8478,0.1197,0.1168,0.072344,0.052759,0.03464
-9.7126,-0.1838,0.094,0.039036,0.040902,0.045964
-9.8359,-0.1096,0.1438,0.045032,0.010792,0.04743
-9.9833,-0.2444,-0.2086,0.054225,-0.013589,0.024781
-9.7605,-0.2393,0.0085,0.027445,0.029044,0.013057
-9.7841,-0.2521,-0.1471,0.065549,0.040768,0.031043
-9.7452,-0.3824,-0.0018,0.023448,0.040502,0.047963
-9.7413,-0.15,-0.0234,0.068747,0.032242,0.075675
-9.7114,-0.1005,0.2081,0.03384,0.053958,0.045431
-9.7737,-0.1516,-0.095,0.063151,0.037438,0.049162
-9.5694,0.1687,0.0589,0.056756,0.048096,0.044899
-9.675,0.0778,0.0602,0.023049,0.038104,0.044499
-9.8145,0.0381,0.1481,0.041701,0.042101,0.038104
-9.8135,0.172,0.2958,0.022249,0.02971,0.014389
-9.9092,0.0237,0.0092,0.029844,0.049428,0.032242
-9.6911,-0.0702,-0.1397,0.023848,0.058088,0.058488
-9.8217,-0.2486,-0.0403,0.012923,0.023582,0.0078606
-9.6743,-0.2136,0.0225,0.044632,0.016521,0.033041
-9.7765,-0.0388,0.0286,0.034773,0.02598,0.022649
-9.689,-0.1941,0.1242,0.039969,0.031842,0.049961
-9.6333,-0.2144,0.2604,0.016387,0.034507,0.029044
-9.8937,-0.2696,0.109,0.021317,0.021317,0.05156
-9.824,-0.1969,0.1322,0.0045298,0.013456,0.050761
-9.7034,-0.2396,-0.0302,0.034906,0.055957,0.050228
-9.7974,-0.139,-0.0409,0.041568,-0.0019985,0.061286
-9.8809,-0.0995,-0.1167,0.023049,0.040635,0.041168
-9.6631,-0.0578,-0.0577,0.027046,0.040235,0.063284
-9.8514,0.1349,0.0444,0.023981,0.05982,0.035173
-9.8327,-0.0029,-0.1843,0.060753,0.042101,0.045698
-9.8186,-0.1096,-0.0827,0.05156,0.0011991,0.042767
-9.7545,-0.0788,0.136,0.046364,0.027046,0.035839
-9.8766,-0.1836,0.2102,0.05196,0.024648,0.033574
-9.8129,0.1933,0.2382,0.031576,0.037304,0.079672
-9.8255,0.0459,0.2281,0.014256,0.053958,0.024381
-9.7343,0.1261,0.0764,0.048629,0.040902,0.043167
-9.7225,0.0472,0.034,0.01772,0.024914,0.049295
-9.6563,-0.09,-0.1684,0.050094,0.025047,0.040902
-9.9614,-0.0696,0.0183,0.029044,0.039569,0.019851
-9.711,0.0251,-0.0297,0.042367,0.024115,0.050761
-9.77,0.0403,-0.1091,0.027579,0.07301,0.079938
-9.7233,0.0032,-0.108,0.043566,0.051693,0.051027
-9.6846,-0.085,0.1723,0.039969,0.045565,0.040635
-9.9377,-0.0318,0.0205,0.02185,0.025447,0.032908
-9.9669,-0.0584,0.0243,0.029444,0.035706,0.0033307
-10.126,-0.1121,0.0947,0.02638,0.035439,0.033307
-9.9677,0.0674,0.0242,0.033441,0.028911,0.019585
-10.247,0.1326,-0.0587,0.017187,0.038104,0.012524
-9.9464,0.2304,-0.2076,0.049562,0.065016,0.047163
-9.7925,0.1568,-0.1614,0.056356,0.039703,0.0067947
-9.8927,-0.0387,0.0652,0.03837,0.053825,0.03384
-9.9886,-0.0184,-0.0166,0.03877,0.035173,0.031043
-9.7324,-0.1335,-0.119,0.0429,0.052892,0.045431
-9.6598,-0.0738,-0.2874,0.05196,0.058488,0.034906
-9.5865,-0.1435,-0.0836,0.07714,0.061952,0.052359
-9.8056,-0.1856,-0.1714,0.057955,0.053692,0.047963
-9.8556,-0.2417,-0.0154,0.074209,0.039969,0.027179
-9.8308,-0.2523,0.0712,0.052626,0.051027,0.020784
-9.6135,0.0259,-0.0441,0.060886,0.017187,0.069946
-9.9097,-0.1811,0.1289,0.054624,0.040635,0.039436
-9.7533,-0.0813,-0.2871,0.029044,0.027712,0.029177
-9.6301,-0.0807,-0.2484,0.052626,0.02558,0.027046
-9.6126,-0.1372,-0.0504,0.036505,0.044765,0.047563
-9.9737,0.0581,-0.1338,0.05116,0.058088,0.048496
-9.7965,0.053,-0.1773,0.023448,0.059021,0.045431
-9.7898,-0.0324,-0.0115,0.037171,0.035972,0.058222
-9.9058,-0.22,-0.0356,0.033441,0.069813,0.05609
-9.7386,-0.0494,-0.0706,0.0029311,0.037171,0.047563
-9.8106,0.0791,-0.2632,0.051027,0.029844,0.014389
-9.6454,0.016,-0.2974,0.023715,0.047696,0.0093261
-9.8056,0.0687,-0.0183,0.04663,0.037171,0.041568
-9.6807,0.0234,-0.302,0.043833,0.0050627,0.0433
-9.5229,0.1387,-0.1692,0.037837,0.036239,0.031709
-9.7853,0.1842,-0.2164,0.028112,0.048096,0.063018
-9.7791,0.1582,-0.1554,0.033707,0.04703,0.052626
-9.704,0.0642,-0.1924,0.014389,0.028378,0.032508
-9.7227,0.0268,-0.0034,0.014655,0.025847,0.050228
-9.6523,0.0842,0.0112,0.060353,0.031576,0.04703
-9.8532,0.1074,-0.0504,0.030376,0.052892,0.030376
-9.5325,-0.1574,0.0298,0.052892,0.019452,0.037038
-9.7665,-0.0968,-0.0378,0.0041301,0.010525,0.057156
-9.7316,0.0624,-0.4041,0.03384,0.053159,0.017053
-9.969,0.0536,-0.0592,0.045964,0.03464,0.025713
-9.8135,0.2185,-0.0214,0.052892,0.0011991,0.043433
-9.825,-0.1056,-0.1051,0.033707,0.039303,0.027845
-9.8062,-0.0081,0.0525,0.033707,0.0425,0.032242
-9.7418,-0.1105,-0.0317,0.051427,0.021184,0.045032
-9.5922,0.0862,-0.2062,0.010792,0.014789,0.046497
-9.6627,0.0133,-0.1995,0.0021317,0.039969,0.045698
-9.8041,0.0345,-0.1299,0.031709,0.047163,0.075142
-9.7904,-0.1545,-0.0721,0.030376,0.034507,0.033574
-9.6904,0.0288,-0.0902,0.015988,0.037837,0.0059953
-9.6856,-0.1684,-0.0485,0.023182,0.027179,0.034507
-9.9075,-0.1015,0.0683,0.030643,0.042367,0.043566
-9.7219,-0.1105,0.015,0.080737,0.042101,0.023981
-9.9444,-0.016,0.0537,0.023315,0.015854,0.022249
-9.8028,0.015,0.0276,0.035972,0.013856,0.058355
-9.858,-0.0012,0.0062,0.030776,0.0077273,0.035972
-9.9819,-0.1673,0.0909,0.027179,0.019452,0.054091
-10,0.0873,-0.1657,0.022916,0.022516,0.023848
-10.05,0.1558,-0.0818,0.068747,0.034373,0.027445
-9.8579,0.0327,-0.0311,0.04743,0.056889,0.035839
-9.9973,0.0648,-0.0024,0.022249,0.016787,0.06062
-9.9254,-0.0022,-0.0977,0.043966,0.027978,0.035572
-9.8734,-0.0185,0.1605,0.031442,0.025447,0.041035
-9.6289,-0.1057,0.1651,0.043167,0.0089264,0.035572
-9.884,0.1532,0.1244,0.049295,0.035306,0.037171
-9.9073,0.119,-0.0245,0.030376,0.057689,0.035972
-9.8567,0.0419,-0.0658,0.021983,0.02558,0.036239
-9.7674,-0.03,0.1714,0.014389,0.040369,0.019185
-9.5612,0.0597,-0.0062,0.021317,0.01772,0.049562
-9.3336,0.0757,0.1803,0.036771,0.010792,0.016387
-9.6471,0.2352,0.2098,0.035306,0.043033,0.030376
-9.9345,0.1267,0.149,0.019452,0.023981,0.046764
-9.8645,-0.0426,-0.0858,0.01732,0.016254,0.010792
-9.7698,-0.1061,-0.0118,0.013589,0.024381,0.019718
-9.8757,-0.165,-0.1067,0.027579,0.026513,0.052226
-9.8649,0.1109,-0.0564,0.02518,0.034906,0.039969
-9.8805,-0.0652,-0.0309,0.020784,0.024781,0.036105
-9.9618,-0.0304,0.022,0.04703,0.033041,0.031975
-9.8894,-0.0636,0.0307,0.06475,0.0014655,0.024248
-9.7089,0.058,0.0914,0.06848,0.010392,0.056889
-9.8444,0.0479,0.0035,0.03424,0.020251,0.050627
-9.8813,-0.0861,-0.1359,0.029444,0.032908,0.046098
-9.9573,0.0998,-0.0413,0.054225,0.021583,0.060753
-9.7763,0.058,-0.0456,0.047163,0.053558,0.0082603
-9.9529,-0.133,0.0467,0.024514,0.01772,0.045565
-9.9117,-0.0918,-0.0376,0.050761,-0.018386,0.056623
-9.8306,-0.1771,-0.0005,0.039436,0.052359,0.040502
-9.7659,-0.0619,0.2404,0.024781,0.014789,0.043566
-9.7874,-0.0072,0.0399,0.032108,0.058888,0.012657
-9.7285,-0.1549,-0.0214,0.026246,0.074742,0.046497
-9.5704,-0.1872,-0.1202,0.029577,0.046364,0.013456
-9.6401,-0.1356,-0.0953,0.016121,0.023182,0.016787
-9.7966,0.0778,0.2105,0.043433,0.035039,0.044366
-10.018,0.1361,0.066,0.019585,0.01319,0.02105
-9.9763,-0.21,-0.0445,0.04783,0.05609,0.036638
-9.8524,-0.0268,0.0149,0.035972,0.034906,0.02598
-9.8235,-0.0973,-0.1247,0.025447,0.058222,0.040902
-9.7464,0.1222,-0.0069,0.065416,0.05196,0.041035
-9.6854,-0.1089,0.0526,0.04663,0.0433,0.037304
-9.6191,-0.2416,0.0322,0.0099922,0.050894,0.026513
-9.5769,-0.2161,-0.0779,0.040768,0.024381,0.031043
-9.7111,-0.0757,-0.1408,0.023315,0.062751,0.010658
-9.7591,0.0996,0.0151,0.041435,0.053292,0.042367
-9.7923,-0.1238,-0.0101,0.03917,0.03384,0.039569
-9.6703,-0.0117,-0.0131,0.036905,0.040502,0.040502
-9.4937,0.0499,-0.0498,0.049562,0.024914,0.019718
-9.4425,-0.0092,-0.2273,0.015321,0.029577,0.050094
-9.6237,0.0129,-0.2182,0.050761,0.015854,0.018919
-9.5594,-0.0969,-0.1836,0.019585,0.062218,0.050361
-9.7858,-0.0646,-0.0816,0.02105,0.047163,0.054491
-9.7407,0.0287,-0.0871,0.036372,0.061819,0.038237
-9.6281,0.0496,-0.0311,0.010792,0.051693,0.015721
-9.6041,0.0133,0.0648,0.028245,0.040369,0.0429
-9.5581,0.0921,0.0799,0.023848,0.041834,0.031309
-9.7299,-0.0859,-0.0446,0.0047963,0.04743,0.057289
-9.6728,-0.1187,0.059,0.039569,0.032242,0.049162
-9.7798,-0.139,0.0123,0.048229,0.044099,0.058754
-9.9945,0.0699,-0.0336,0.05156,0.035039,0.024115
-9.9213,0.1034,0.0406,0.013456,0.026912,0.027046
-9.7064,-0.0147,-0.0985,0.056889,0.0010658,0.03011
-9.7315,0.1599,-0.0078,0.036505,0.027978,-0.019318
-9.7672,0.1208,-0.209,0.042101,0.058488,0.025847
-9.6372,0.061,-0.1292,0.054091,0.023981,0.028644
-9.7964,0.0262,0.0718,0.07341,0.06435,0.033441
-9.4969,-0.0906,0.0366,0.020917,0.027046,0.072344
-9.7202,0.0291,0.0574,0.021583,0.041967,0.033174
-9.7519,-0.0113,-0.0356,0.018652,0.04743,0.01239
-9.8058,-0.0806,0.0167,0.048229,0.011857,-0.0018652
-9.9294,-0.0001,0.1793,0.083535,0.025847,0.038637
-9.8651,-0.0277,0.1376,0.036372,0.036239,0.044499
-9.8372,0.1366,0.1169,0.023848,0.026113,0.045431
-9.7866,-0.0247,0.1056,0.040902,0.038903,0.0070612
-9.6727,0.1424,-0.0804,0.046231,0.054091,0.035706
-9.5981,0.0553,-0.0584,0.012657,0.019851,0.017187
-9.5599,-0.1487,0.0525,0.05529,0.024914,0.048362
-9.8096,0.123,0.0933,0.010792,0.022649,0.036638
-9.8342,-0.16,0.0259,0.051027,0.011458,0.043033
-9.5955,-0.2403,0.1906,0.02558,0.06928,0.039703
-9.7385,-0.007,0.1119,0.028112,0.020651,0.025047
-9.5733,0.0868,0.1655,0.03837,0.047696,0.03011
-9.801,0.0642,0.3747,0.048762,0.038637,0.013456
-9.6603,0.0149,0.0928,0.032375,0.011591,0.040502
-9.9266,-0.0602,0.0484,0.027579,0.027712,0.050494
-9.6923,-0.1752,0.1226,0.034507,0.030776,0.026113
-9.7814,-0.0767,-0.1197,0.02971,0.02185,0.018919
-9.6673,-0.0971,0.0142,0.0433,0.032775,0.066349
-9.9511,-0.1345,-0.0609,0.033174,0.055823,0.045032
-9.9371,-0.1565,0.1171,0.02518,0.032375,0.05196
-9.9737,0.1541,-0.0109,0.037971,0.042101,0.057022
-9.9968,-0.025,-0.1319,0.025713,0.033574,0.041568
-10.017,0.177,-0.1964,0.023448,0.013989,0.041834
-9.8064,0.1071,-0.0664,0.038503,0.051294,0.038503
-9.9553,0.1022,0.0179,0.044765,0.046897,0.024781
-9.8198,0.0327,0.1195,0.039703,0.042367,0.062751
-9.8495,-0.2489,-0.0364,0.020917,0.049828,0.049162
-9.6298,0.0657,0.1146,0.042367,0.0071944,0.060087
-9.6716,0.0359,0.1234,0.05529,0.03011,0.040902
-9.7615,0.0365,0.0577,0.028644,0.044765,0.022782
-9.7581,-0.046,-0.158,0.041435,0.025847,0.029311
-9.7415,0.1614,-0.2547,0.038903,0.049029,0.041168
-9.8056,0.0859,0.0255,0.038903,0.045698,0.068347
-9.6094,-0.0229,0.1174,0.043566,-0.0085267,0.028644
-9.8696,0.2326,-0.1544,0.049162,0.023715,0.024914
-10.043,0.0763,0.0237,0.037171,0.034773,0.029977
-9.8934,-0.0735,0.1545,0.036505,0.037304,0.052759
-10.011,0.0113,-0.0698,0.040635,-0.011325,0.029311
-9.7329,-0.0172,-0.0904,0.027579,-0.0091929,0.044632
-9.7067,0.0312,-0.017,0.023182,0.0083935,0.02145
-9.6924,-0.0594,-0.1539,0.043966,0.018919,0.044765
-9.6603,-0.1103,0.037,0.031176,0.032375,0.035039
-9.5593,0.1226,0.1636,0.0043966,0.041035,0.026646
-9.539,0.2248,0.0523,0.011458,0.022383,0.040235
-9.5561,0.2161,0.1649,0.023448,0.056889,0.019185
-9.699,-0.011,0.1246,0.036239,0.050094,0.015321
-9.9934,0.1048,-0.0431,0.037704,0.016254,0.037704
-9.8666,0.1281,-0.0761,0.022249,0.0011991,0.041834
-9.6346,-0.0461,-0.0442,0.025847,0.016121,0.032641
-9.8606,-0.0366,-0.0484,-0.0022649,0.019984,0.010125
-9.8408,0.0225,-0.0981,0.041035,-0.00053292,0.039036
-9.9398,-0.0321,-0.1391,0.046364,0.00013323,0.029044
-9.8168,0.1134,0.1255,0.0095926,0.013989,0.017453
-9.8619,0.1149,-0.0272,0.0071944,0.0062618,0.035173
-9.9129,0.0275,0.0606,0.037438,0.020784,0.032242
-9.819,0.1785,0.0449,0.061019,0.023049,-0.0093261
-9.7655,0.1112,-0.1147,0.053958,0.030643,0.029444
-9.6909,0.3066,-0.0157,0.037438,0.027179,0.0099922
-9.6992,0.1623,0.2192,0.032508,0.065549,0.034906
-9.7846,0.1247,-0.2209,0.034773,0.062885,0.045032
-9.708,0.0762,-0.0531,0.037304,0.052226,0.060353
-9.6784,-0.1499,0.0121,0.069013,0.039836,0.073143
-9.7162,-0.1643,0.0936,0.080338,0.028112,0.059021
-9.6023,-0.122,0.1093,0.045964,0.034373,0.016254
-9.7173,0.1777,-0.0063,0.052759,0.011325,0.053825
-9.6022,0.1108,0.0368,0.037038,0.045431,0.014655
-9.7034,0.112,-0.0538,0.033041,0.022782,0.017586
-9.9286,0.2833,-0.0139,0.043433,0.024381,0.0058621
-9.8285,0.1646,0.1436,0.028112,-0.0021317,0.012524
-9.9345,-0.0003,0.1837,0.034107,0.019452,0.029577
-9.6502,0.1482,-0.0809,0.029311,0.016654,0.014122
-9.8733,-0.0223,-0.0279,0.023182,0.036505,0.03384
-9.6564,-0.1896,-0.1537,0.05529,0.035572,0.028511
-9.8574,-0.0751,-0.0144,0.047963,0.017586,0.031176
-9.9271,-0.018,0.0572,0.038903,0.024914,0.064883
-9.8389,-0.0796,0.02,0.066082,0.030776,0.034373
-9.8784,-0.1159,-0.1578,0.057422,0.037571,0.049562
-9.8734,-0.0843,0.1424,0.033307,0.031043,0.047696
-9.9946,0.14,0.0511,0.046497,0.040635,0.020651
-9.9475,-0.0818,-0.084,0.050627,0.033707,0.038637
-9.8752,0.0524,0.0221,0.031576,0.040902,0.017453
-9.9586,0.2317,0.1824,0.029044,0.0095926,0.028378
-9.7589,0.2208,-0.2098,0.017053,0.015321,0.018785
-9.5197,-0.0175,-0.0869,0.046231,0.018919,0.056756
-9.6512,0.0224,-0.0455,0.043833,0.061019,0.046231
-9.7124,0.1888,-0.116,0.04783,0.04703,0.036239
-9.8683,0.0527,-0.0861,0.037438,0.0038637,0.042101
-9.6627,-0.0443,0.0169,0.019318,0.015455,0.019585
-9.9852,-0.0875,0.1571,0.063684,0.037438,0.014789
-9.8639,-0.0205,0.0354,0.045431,0.049162,0.063551
-9.8059,-0.0963,0.1423,0.059421,0.02518,0.024115
-9.8204,-0.0758,-0.0318,0.057555,0.046764,0.019318
-9.8182,0.0278,-0.2067,0.026113,0.061153,0.045165
-9.925,-0.2412,-0.1183,0.036105,0.032775,0.025314
-10.111,-0.2067,-0.1915,0.032108,0.028112,0.021583
-10.047,-0.0273,-0.1132,0.040369,0.028511,0.056223
-9.7356,0.0645,-0.139,0.023848,0.045032,0.039303
-9.7668,0.005,-0.1434,-0.0026646,0.034773,0.046764
-9.9228,-0.0233,-0.0957,0.009859,0.019984,0.018919
-9.7969,0.1649,0.069,0.047696,0.013589,0.046764
-9.6774,0.246,-0.0128,0.044366,0.056356,0.031576
-9.5824,-0.0248,0.0786,0.062352,0.045032,0.013057
-9.8264,0.0939,-0.1284,0.044366,0.026513,0.045964
-9.7923,0.2081,-0.2118,0.034507,0.017853,0.041834
-9.9401,0.227,-0.1133,0.029844,0.037704,0.051294
-9.8575,0.0628,0.0992,0.012257,0.053292,0.015854
-9.7394,-0.0759,-0.0515,0.018785,0.040768,0.035173
-9.8898,0.0751,-0.0207,0.023848,0.034906,0.024381
-9.9377,-0.0512,-0.0374,0.031576,0.026646,0.049428
-9.8221,0.05,0.2751,0.018386,0.056356,0.065416
-9.8434,0.0971,0.0842,0.047963,0.012524,0.039569
-9.7404,-0.1341,0.0821,0.024381,-0.001732,0.04703
-9.7539,0.0369,-0.1905,0.031043,0.026246,0.026513
-9.9438,-0.1618,-0.0874,0.031043,0.037171,0.038637
-9.9877,0.0715,-0.0129,0.093794,0.061019,0.01692
-9.9869,0.092,-0.0677,0.020784,0.06062,0.056756
-9.94,0.1721,-0.1451,0.050627,0.0425,0.065816
-10.066,0.1749,-0.1877,0.050494,0.049562,0.065149
-9.951,0.1024,-0.1605,0.039703,0.042234,0.029577
-9.9996,0.0969,-0.0068,0.062085,0.011058,0.058754
-9.8654,-0.0242,0.1112,0.040102,0.03424,0.023715
-9.9936,-0.2348,0.2052,0.027579,0.0035972,0.034906
-10.002,-0.0604,0.2196,0.030643,0.033974,0.047297
-9.9564,-0.0999,0.2036,0.016787,0.022383,0.045698
-9.7856,0.0715,0.0741,0.0094593,0.042101,0.030909
-9.8868,-0.0387,0.0153,0.025847,0.018652,0.018519
-9.8988,0.047,0.1083,0.024514,0.033307,0.031842
-9.9324,-0.0693,0.028,0.045831,0.016521,0.014389
-9.8187,-0.1559,0.0079,0.044099,0.050761,0.027712
-10.037,-0.1298,0.1348,0.049695,0.027845,0.033174
-9.8044,-0.0829,0.0968,0.0077273,0.014655,0.033441
-9.6797,0.1217,0.4322,0.029444,0.052359,0.025847
-9.8744,0.0707,0.0599,0.023182,0.057555,-0.0065283
-9.7664,0.1531,0.2046,0.015854,0.043566,0.013323
-9.8039,0.1401,-0.0412,0.030776,0.059021,0.052093
-9.6242,0.0432,-0.2564,0.037971,0.026513,0.019185
-9.8617,0.0153,-0.1323,0.040102,0.010259,0.01732
-9.82,0.0401,-0.0637,0.033974,0.025847,0.054758
-9.8095,0.0775,-0.1913,0.009859,0.033307,0.040635
-9.8853,-0.0262,-0.2145,0.087132,0.043966,0.027179
-9.7979,-0.1463,0.0447,0.02518,0.0093261,0.047696
-9.7709,0.0658,-0.0942,0.014256,0.06435,0.042767
-9.9713,0.2112,-0.0212,0.051294,0.054624,0.043966
-9.7914,-0.0915,0.0124,0.054758,0.047297,0.028245
-9.7767,0.0209,-0.0415,0.03464,0.011591,0.03424
-9.7985,0.3701,-0.1022,0.079139,0.0018652,0.02518
-9.7675,0.102,0.1029,0.043167,0.042234,0.020784
-9.5676,0.274,0.0834,0.016787,0.015321,0.033441
-9.6446,0.0928,-0.0458,0.026513,0.077806,0.026912
-9.8174,0.1461,-0.0512,0.027445,0.047963,0.011724
-9.7545,0.0167,0.0516,0.030243,0.052626,0.035306
-9.7495,0.0055,0.0588,0.077806,0.014922,0.041435
-9.9007,-0.02,-0.0033,0.016787,0.049695,0.0054624
-9.9459,-0.0904,0.1047,0.032242,0.026513,0.010658
-9.8422,-0.0379,-0.1266,0.030376,0.02558,-0.0095926
-9.7862,0.2209,0.0586,0.014655,0.051693,0.023182
-9.7698,0.0069,-0.0482,0.031442,0.022916,0.027845
-9.5729,0.0032,0.0389,0.036505,0.043566,0.02638
-9.6995,0.1395,-0.0361,0.027445,0.028778,0.01732
-9.731,0.0173,-0.0138,-0.0050627,0.031709,0.033574
-9.6888,0.1035,0.1673,0.019984,0.021317,0.050761
-9.7068,-0.0299,-0.0088,0.039969,-0.0029311,0.016521
-9.7573,-0.0926,-0.0371,0.063551,0.059287,0.033441
-9.6619,-0.0304,0.1156,0.053825,0.06022,0.029844
-9.7525,-0.0189,0.0855,0.033307,0.018119,0.043167
-9.7732,-0.0827,0.0977,0.039303,0.039569,0.037171
-9.8474,0.0044,0.0856,0.031309,0.066482,0.047297
-9.9172,0.0202,0.0416,0.032908,0.074076,0.036239
-9.5966,-0.0183,0.0552,0.042767,0.0047963,0.029311
-9.5712,0.2058,0.1533,0.052226,0.039836,0.055557
-9.7315,0.0394,-0.2469,0.023448,0.033974,0.054358
-9.8866,-0.0239,0.0105,0.023981,-0.003464,0.033307
-9.8674,0.0529,-0.0146,0.03384,0.018386,0.033974
-9.7295,-0.1315,-0.0372,0.041035,0.047163,0.016787
-9.9382,0.1091,-0.082,0.039569,0.029844,0.051826
-9.9773,0.0618,0.09,0.064217,0.061952,0.059287
-9.7224,-0.0744,0.1159,0.028911,0.065682,0.057422
-9.4656,-0.038,0.0834,0.020917,0.02638,0.045032
-9.8081,-0.0029,0.156,0.05649,0.031176,0.045165
-9.583,0.0316,0.0129,0.048895,0.046364,0.045165
-9.6073,-0.0108,-0.0243,0.024914,0.059287,-0.0065283
-9.8937,0.1261,-0.0723,0.020917,0.067814,0.028511
-9.7555,-0.0042,-0.0725,0.038237,0.061153,0.008127
-9.7619,-0.0313,-0.1251,0.063684,0.026646,0.0078606
-9.7004,-0.0419,0.029,0.055557,0.010658,0.037704
-9.8448,-0.1275,-0.1152,0.037171,0.057555,0.053026
-9.8844,-0.0131,0.0835,0.03384,0.02105,0.026646
-9.7459,0.0466,0.1431,0.014789,0.038637,0.01732
-9.8175,0.1027,-0.0182,0.030776,0.052626,0.027845
-9.8173,-0.1409,0.0016,0.015721,0.060087,0.035839
-9.7015,-0.0139,0.1236,0.044232,0.064084,0.018785
-9.7036,0.204,0.0651,0.06928,0.033974,0.024781
-10.004,0.0656,0.1749,0.037837,0.045431,0.03837
-9.6885,-0.0126,0.0601,0.0054624,0.032242,0.049029
-9.6389,-0.0889,0.2307,-0.00079938,0.03424,0.034107
-9.3954,-0.0014,0.2352,0.028911,0.015988,0.035173
-9.8058,-0.07,0.1703,-0.0046631,0.0083935,0.0425
-9.8184,-0.0872,0.0764,0.04783,0.024115,0.020384
-9.8982,-0.1037,0.0523,0.058621,0.016654,0.010658
-9.8064,0.0647,0.0691,0.036105,0.0014655,0.024648
-9.8028,0.0227,0.0575,0.060753,0.0043966,0.028911
-9.8128,-0.1726,-0.1574,0.078339,0.03384,0.045431
-9.7796,-0.1446,0.1177,0.08167,0.038104,0.067681
-10.004,-0.038,0.1058,0.048496,0.025314,0.03917
-9.8367,0.198,-0.1339,0.043833,0.049695,0.056356
-9.859,0.3033,-0.3886,0.041301,0.028245,0.020784
-9.8015,0.4637,-0.0819,0.063284,0.037571,0.01772
-9.7274,0.1059,-0.1254,0.024514,0.026779,0.040635
-9.7947,0.0211,0.0673,0.022649,0.010658,0.047563
-9.828,0.0381,-0.0145,0.028511,0.051693,0.039303
-9.7903,0.0448,-0.1643,0.025847,0.031043,0.028644
-9.8083,0.0943,-0.0116,0.041301,0.034507,0.070212
-9.7579,-0.213,-0.1689,0.014789,0.026912,0.033574
-9.6753,0.0136,-0.1389,0.032375,0.025047,0.011991
-9.7788,0.0876,0.0447,0.037171,0.059687,0.021583
-9.854,0.1824,0.0058,0.037171,0.045831,0.0085267
-9.7491,0.0097,0.0821,0.03424,0.043433,0.042767
-9.7468,-0.0678,0.0203,0.030909,0.013057,0.054091
-9.8121,-0.066,0.0199,0.039703,0.040102,0.026246
-9.7958,-0.1618,0.1016,0.0095926,0.052759,0.026646
-9.8359,-0.0537,0.0859,0.010125,0.023582,0.006928
-9.8134,-0.1844,0.2727,-0.0059953,-0.9867,0.034906
-9.7757,-0.0356,0.2034,0.044099,-1.0276,0.017586
-9.8019,-0.1357,0.2158,0.010125,-1.0352,0.036905
-10.038,0.033,0.0611,0.018919,-1.0075,0.018119
-9.8313,-0.0829,-0.0011,0.053026,-1.0605,0.029844
-9.8629,-0.0284,0.1738,0.050894,-0.98617,0.032908
-9.8267,0.0061,0.1149,0.039969,-1.0179,0.024381
-9.83,-0.1271,0.1628,0.015055,-1.0185,0.048096
-9.8193,-0.1722,0.2904,0.023715,-1.0315,0.048096
-9.7424,-0.0372,0.2075,0.04663,-1.0296,0.029044
-9.5999,0.1668,0.3139,0.05982,-1.0225,0.074875
-9.8647,-0.0583,0.3735,0.02105,-0.98963,0.037438
-9.7041,0.0463,0.377,0.023582,-1.0255,0.02638
-9.8002,0.0348,0.3007,0.047563,-1.01,0.03051
-9.8577,-0.1774,0.1447,0.033041,-1.0023,0.033574
-9.8862,0.0643,0.32,0.044366,-1.0245,0.040768
-9.8481,-0.1646,0.5728,0.035173,-1.0224,0.012257
-9.7677,-0.1242,0.5927,0.02638,-1.014,0.014655
-9.908,-0.2323,0.5821,0.005196,-1.0108,0.0089264
-9.8432,-0.0986,0.4183,0.035572,-1.0147,0.01319
-9.7999,-0.25,0.4233,0.047563,-0.9927,0.035173
-9.8404,0.0575,0.6058,0.032375,-1.0476,0.029444
-9.9568,-0.1187,0.6444,0.017586,-1.0469,0.020651
-9.6046,-0.2422,0.7091,0.06395,-1.0221,0.0049295
-9.6317,-0.0729,0.6765,0.041568,-1.0007,0.03837
-9.5923,-0.1489,0.7593,0.026646,-1.0012,0.03837
-9.8252,-0.3284,0.6814,0.039436,-1.0293,0.028644
-9.6414,-0.2448,0.5923,0.057156,-1.0139,0.014922
-9.6302,-0.0807,0.7778,0.054624,-0.99523,0.05196
-9.6259,-0.1536,0.5305,0.065682,-0.99017,0.042234
-9.8119,-0.0759,0.737,0.054891,-1.0301,0.041035
-9.8514,0.0117,0.7742,0.030243,-1.036,0.016254
-9.6881,-0.1422,0.6032,0.048496,-0.99896,0.036239
-9.8355,-0.2804,0.8844,0.034107,-1.0229,0.063551
-9.9584,-0.1395,0.9898,0.026779,-1.0345,0.040902
-9.7634,-0.1436,0.835,0.060087,-1.0091,0.051427
-9.7621,-0.2499,0.7759,0.042234,-1.0137,0.028911
-9.7148,-0.0066,0.7342,0.058088,-1.0159,0.0075941
-9.8084,0.1154,0.7947,0.020517,-1.0088,0.013589
-9.7658,0.1918,1.0493,0.055024,-1.0191,0.05156
-9.6527,0.048,0.7403,0.04783,-1.0095,0.037837
-9.7298,0.1066,0.9457,0.036239,-1.0129,0.001732
-9.9035,0.0115,1.0078,0.05529,-1.0148,0.0097258
-9.8393,0.0058,1.1735,0.048762,-1.0433,0.024781
-9.786,0.0838,1.2076,0.019318,-1.0008,0.031576
-9.7316,-0.0228,1.1051,0.010392,-1.0096,0.011991
-9.6221,0.037,1.065,0.061685,-1.0032,0.034773
-9.8792,0.0748,1.2421,-0.012923,-1.0127,0.026779
-9.7825,0.1947,1.2119,0.02638,-1.0051,0.030776
-9.7549,-0.1283,1.1465,0.045964,-0.9827,0.027712
-9.7113,0.0098,1.3563,0.021983,-1.0046,0.022782
-9.7133,0.0739,1.374,0.028112,-1.0165,0.059021
-9.8047,0.1144,1.2408,0.03384,-0.99283,0.020118
-9.7975,0.1586,1.3324,0.060486,-0.96485,0.030376
-9.8233,0.2956,1.3775,0.054225,-1.0018,0.01319
-9.8099,0.0516,1.3947,0.041301,-0.97178,0.026779
-9.7574,0.0935,1.5011,0.031842,-0.99256,0.02598
-9.7485,0.0492,1.5407,0.055024,-1.0325,0.015854
-9.6525,0.1342,1.4587,0.067814,-0.99096,0.037038
-9.626,0.0989,1.6863,0.032508,-0.98697,0.05196
-9.7604,0.0938,1.6883,0.037571,-1.0068,0.059554
-9.7593,0.0202,1.5593,0.037171,-1.0027,0.026513
-9.6367,-0.0484,1.3398,0.019984,-0.99936,0.03384
-9.5719,-0.1061,1.4157,0.058088,-0.99656,0.019851
-9.7618,-0.1562,1.4903,0.03464,-1.0176,0.027179
-9.7677,-0.0687,1.7091,0.028644,-0.99789,0.025447
-9.6477,0.0706,1.668,0.061685,-1.0256,0.013589
-9.6161,0.0154,1.6683,0.032375,-1.0125,0.044499
-9.607,0.0126,1.6637,0.029444,-1.0157,0.037571
-9.5202,0.0628,1.8537,0.037971,-1.0155,0.046098
-9.5169,0.2573,1.9219,0.02518,-1.0327,0.029311
-9.4241,0.3372,1.5543,0.020917,-1.0412,0.034373
-9.7445,0.2526,1.8234,0.03917,-1.0128,0.065149
-9.6318,0.1272,1.8835,0.061419,-1.0107,0.023848
-9.6161,-0.0692,1.8464,0.045165,-0.98151,0.015455
-9.7234,0.0798,2.1216,0.041301,-1.0145,0.032108
-9.7395,-0.0702,2.1793,0.033707,-1.0513,0.045964
-9.7924,-0.1275,2.1543,0.048362,-0.99256,0.037038
-9.5698,-0.0125,2.2058,0.071012,-0.99709,0.024648
-9.9176,0.0954,2.1398,0.032775,-0.99896,0.048229
-9.8088,-0.0322,1.968,0.047297,-1.0109,0.063417
-9.5021,0.1527,1.9981,0.032108,-1.0098,0.014655
-9.3242,-0.0091,1.9509,0.016521,-0.99629,0.029311
-9.7248,-0.1102,2.2296,0.039303,-1.0055,0.0058621
-9.5462,0.0455,2.3328,0.02638,-1.0295,0.023182
-9.7828,-0.0537,2.3215,0.027978,-1.0297,0.042367
-9.7674,0.1925,2.3659,0.045831,-1.0243,0.027046
-9.6837,-0.0276,2.3797,0.037438,-1.0107,0.053159
-9.8715,-0.1793,2.4493,0.046364,-1.0457,0.025314
-9.762,-0.1562,2.355,0.03464,-1.0165,0.044899
-9.745,-0.0015,2.3243,0.032508,-1.024,0.034773
-9.5741,0.1498,2.2785,0.031576,-1.0121,0.026513
-9.6499,0.2363,2.3695,0.035439,-1.0299,0.025713
-9.6041,0.3609,2.5212,0.052892,-1.0117,0.040369
-9.5217,0.1869,2.3824,0.038503,-1.0078,0.026246
-9.6287,0.0454,2.4141,0.032108,-0.99203,0.018652
-9.5497,0.149,2.3595,0.0021317,-0.97564,0.012923
-9.5904,0.0139,2.2685,0.026513,-0.99643,0.026513
-9.5372,0.1367,2.4706,0.016254,-0.99949,0.037704
-9.5062,0.0284,2.2885,0.042367,-1.0051,0.03051
-9.6113,-0.1709,2.4207,0.034107,-0.96805,0.0089264
-9.9398,0.2407,2.4572,0.028911,-0.97897,0.017187
-9.8014,0.0837,2.595,0.024248,-1.0076,-0.0033307
-9.7194,0.0549,2.6184,0.033974,-1.0224,0.01319
-9.7596,-0.2073,2.7459,0.032375,-1.0137,0.044899
-9.4141,0.0813,2.7608,0.042367,-1.055,0.030643
-9.6728,-0.124,2.654,0.010525,-1.0165,0.036372
-9.3853,0.1499,2.7334,0.025847,-1.0148,0.041035
-9.4238,0.0231,2.8295,0.027712,-1.0257,0.061153
-9.2474,0.1523,2.7233,0.029577,-1.0092,-0.00093261
-9.5156,-0.2045,2.8904,0.051427,-0.99816,0.005196
-9.5074,-0.2195,2.796,0.0099922,-1.0163,0.06022
-9.4572,-0.0096,2.6765,0.047696,-1.0062,0.027445
-9.2032,0.1473,2.9548,0.0429,-1.0098,-0.001732
-9.2376,0.1149,2.9924,0.063018,-1.0504,0.037837
-9.282,0.1715,2.9883,0.01732,-1.0605,0.022383
-9.4726,0.0646,2.9596,0.0054624,-1.0116,0.024248
-9.4284,0.038,3.071,0.03384,-1.0264,0.045831
-9.3425,-0.0235,3.1702,0.025047,-1.0249,0.045964
-9.3405,0.0276,3.0295,0.030376,-1.0248,0.062218
-9.5425,0.0263,2.9725,0.014256,-1.008,0.045032
-9.363,-0.1042,2.9897,0.023315,-1.0187,0.023448
-9.3549,-0.2002,2.9584,0.014655,-1.0115,0.0055957
-9.2205,-0.1237,2.9815,0.037704,-1.0091,0.050761
-9.4501,-0.0568,3.037,0.041301,-1.0313,0.042101
-9.6382,-0.1523,3.1291,0.013856,-1.0177,0.029844
-9.4732,-0.0769,3.1262,0.012657,-1.0059,0.0038637
-9.3023,0.0748,3.2052,0.029844,-1.0324,0.046497
-9.2892,0.0978,3.0208,0.040235,-1.0092,0.036771
-9.3596,0.3768,3.1125,0.021983,-1.0269,0.022916
-9.3315,-0.1427,3.1613,0.035972,-1.0139,0
-9.1549,-0.0528,3.2356,0.037971,-1.008,0.0075941
-9.3624,-0.0133,3.414,0.037971,-0.9943,-0.0066615
-9.3159,0.3686,3.5814,0.045565,-1.0083,0.023582
-9.2419,0.0566,3.5776,0.04703,-1.0035,0.0045298
-9.334,0.1685,3.4688,0.031576,-1.0135,0.036505
-9.2302,-0.1049,3.2998,0.043699,-1.0168,0.023315
-9.2235,-0.1675,3.4816,0.026113,-1.0124,0.020384
-9.0994,-0.0504,3.3872,0.022116,-0.99643,0.015321
-9.1953,-0.1348,3.4143,0.020384,-1.0035,0.0014655
-9.0219,-0.1062,3.5143,0.043833,-1.018,0.001732
-8.9766,0.1421,3.6589,0.048229,-1.0143,0.02971
-8.9593,-0.0541,3.6525,0.053026,-1.0297,0.019318
-8.9112,-0.1588,3.6619,0.039303,-1.0088,0.049562
-9.1036,-0.0871,3.5693,0.032375,-1.0453,0.021716
-9.0397,-0.1539,3.7293,0.031442,-1.0079,0.0079938
-9.0012,0.119,3.7399,0.03051,-1.0419,0.031309
-9.2741,-0.0385,3.6464,0.037837,-1.0241,0.041301
-9.0363,-0.0738,3.6003,0.055157,-0.99749,0.062885
-9.0411,0.134,3.6335,0.043167,-0.99656,0.053159
-8.8566,-0.0682,3.6551,0.042234,-1.0443,0.046497
-8.7725,-0.0414,3.7371,0.054225,-1.0211,0.038104
-9.0191,-0.0314,3.4834,0.056889,-1.0303,0.042367
-9.0201,0.0506,3.3771,0.049428,-1.0042,0.011991
-9.0039,0.0444,3.4976,0.034906,-1.0028,-0.006928
-8.9726,0.2504,3.5922,0.029177,-1.0312,0.032108
-8.6464,0.1945,3.8067,0.039036,-1.0413,0.03011
-8.7547,-0.0176,4.035,0.039303,-0.99883,0.02105
-8.9524,-0.1886,3.9607,0.022782,-1.0252,0.014789
-9.264,-0.2421,3.9372,0.016654,-1.0156,0.035839
-9.0613,-0.055,4.1554,-0.0041301,-1.0237,0.056223
-9.0731,-0.235,3.9252,0.014256,-1.0003,0.061819
-8.8123,-0.0519,3.9744,0.037171,-0.98697,0.0429
-9.049,0.174,4.0115,0.04743,-0.9915,0.041301
-9.1797,-0.0292,3.9929,0.011991,-0.99496,0.062885
-9.0897,-0.0031,3.9964,0.019318,-1.0076,0.016254
-9.1119,0.078,3.9811,0.059953,-1.0229,0.029044
-8.7204,-0.0727,4.0016,0.039036,-1.0168,0.054758
-8.9647,-0.0175,4.2277,0.019984,-1.0399,0.041168
-8.7871,0.281,4.1045,0.061153,-0.99509,-0.0082603
-8.6393,-0.1115,3.9738,0.011857,-1.0469,0.038104
-8.6928,0.0158,4.3639,0.010925,-1.0141,0.051427
-8.5717,0.111,4.2372,-0.0047963,-1.0399,0.036638
-8.6445,0.0587,4.2067,0.026513,-1.0051,0.019851
-8.7984,-0.0633,4.3571,0.03464,-1.0376,0.031442
-8.8343,0.1246,4.2656,0.069946,-1.0195,0.031442
-8.8054,0.1662,4.2922,0.025447,-1.0297,0.037571
-8.652,-0.0536,4.3193,0.023848,-0.96645,0.058754
-8.7541,-0.0334,4.4225,0.048362,-1.0305,0.045565
-8.7098,0.1405,4.503,0.030643,-1.0407,0.055823
-8.7869,-0.0186,4.5402,-0.0022649,-1.0152,0.045165
-8.6193,-0.109,4.5782,0.0045298,-1.0205,0.035439
-8.6432,-0.197,4.6094,0.024514,-1.0107,0.041301
-8.5521,-0.0187,4.7178,0.0086599,-1.0271,0.013856
-8.5681,0.0318,4.7494,0.058355,-1.0063,0.034773
-8.8659,-0.1054,4.7478,0.017586,-1.0125,0.025847
-8.9527,-0.0701,4.7757,0.014522,-1.0187,0.019318
-8.5991,-0.0432,4.8586,0.045032,-0.99629,0.035839
-8.423,-0.1045,4.9391,0.041301,-1.0191,0.020384
-8.5988,0.1148,4.8668,0.0082603,-1.0357,0.038104
-8.4467,0.2219,4.625,0.028644,-1.0076,0.036105
-8.5363,-0.0123,4.7117,0.033974,-1.0495,0.05156
-8.5524,0.0817,4.7837,0.041435,-1.0223,0.040902
-8.3815,-0.0088,4.8471,0.028778,-1.0155,0.039569
-8.4898,-0.0546,4.8415,0.0075941,-0.99723,0.061019
-8.4825,-0.1234,4.7784,0.042367,-1.0291,0.063684
-8.4655,-0.0221,4.87,0.040235,-1.0103,0.046764
-8.6093,0.0838,4.9251,0.017586,-1.0163,0.039703
-8.5507,-0.0178,5.0825,0.041834,-0.99336,0.028644
-8.5517,0.0271,4.9014,0.022249,-1.0176,0.0429
-8.4989,0.0993,4.8713,0.0083935,-1.0152,0.052493
-8.519,0.0117,4.9667,0.042634,-1.0296,0.032775
-8.516,-0.0705,5.1267,0.026646,-0.99856,0.045032
-8.4657,-0.029,5.2322,0.031176,-1.0108,0.014789
-8.3226,0.1588,5.0791,0.022916,-1.0181,0.01692
-8.418,0.0662,5.0173,0.018519,-0.99949,0.024514
-8.5553,0.0474,4.9507,0.019718,-0.98217,0.053958
-8.4662,0.0023,4.9783,0.05196,-1.0098,0.032242
-8.3458,0.1145,5.1081,0.044232,-1.0305,0.028378
-8.2339,-0.0101,5.1538,0.03424,-1.0372,0.010658
-8.3455,0.1708,5.3314,0.051826,-1.0062,0.039969
-8.3805,-0.1084,5.2014,0.017453,-0.98084,0.040102
-8.3041,-0.0254,5.1219,0.014122,-1.0058,0.046098
-8.3126,-0.0341,5.2207,0.04703,-1.0058,0.036505
-8.1387,0.1053,5.1751,0.054491,-1.007,0.031043
-8.3067,-0.0225,5.3469,0.049562,-1.0038,0.034373
-8.1116,-0.0688,5.2972,0.040635,-1.0176,0.050094
-8.2737,-0.2495,5.2906,0.029044,-1.0094,0.031043
-7.9929,-0.2093,5.2001,0.023049,-1.0323,0.030243
-8.1309,-0.3096,5.2693,0.013723,-1.0103,0.047963
-8.1726,-0.2887,5.3765,0.036905,-1.0251,0.047563
-8.2807,-0.0563,5.3658,0.03384,-1.0015,0.028245
-8.4174,-0.0032,5.2155,0.023182,-1.0115,0.019318
-8.1498,-0.1427,5.3164,0.037038,-1.0148,0.07301
-8.0638,-0.1824,5.5492,0.028778,-1.0339,0.040102
-8.1583,0.1432,5.5461,0.039703,-1.0409,0.024648
-8.123,0.1126,5.7598,0.015854,-1.0048,0.037704
-8.0424,0.0609,5.4896,0.009859,-0.99696,0.041967
-8.0639,-0.0487,5.4195,0.023049,-1.0359,0.039703
-7.8843,0.2457,5.6053,0.017187,-0.96912,0.027978
-8.1061,0.3519,5.696,0.057156,-1.0063,0.022383
-8.0124,0.1935,5.7057,0.0425,-1.0373,0.046364
-8.1031,-0.0489,5.5053,0.044099,-1.0327,0.0013323
-7.9815,0.0231,5.4743,0.045831,-1.0024,0.036771
-8.1687,0.0609,5.6021,0.015588,-1.0095,0.031309
-8.1227,0.0326,5.6362,0.0065283,-0.9875,0.044099
-7.9837,0.084,5.6238,0.032508,-1.0019,-0.0085267
-8.0493,-0.1573,5.6125,0.05649,-0.99629,0.0077273
-7.9078,-0.1668,5.5351,0.067281,-1.0369,0.050494
-7.9776,-0.2179,5.6713,0.035572,-1.0181,0.050627
-7.9592,-0.0704,5.7335,0.032242,-1.0428,0.038903
-7.7888,0.0483,5.6837,0.026912,-1.0236,0.031442
-7.6318,-0.1163,5.6884,0.021184,-1.0324,0.029177
-7.7447,-0.0992,5.4965,0.051027,-1.0028,0.059287
-7.6786,-0.0454,5.8553,0.034507,-1.0233,0.034906
-7.4149,-0.0595,5.6478,0.024381,-1.0209,0.044765
-7.6939,-0.0958,5.9174,0.043966,-1.0457,0.057555
-7.7106,-0.0405,5.841,0.032641,-1.0459,0.040502
-7.9915,-0.0981,5.9697,0.0425,-1.0063,0.049295
-7.5352,-0.1838,6.009,0.040635,-1.0074,0.023582
-7.7811,-0.1313,5.9311,0.022383,-1.0035,0.017053
-7.5652,-0.041,6.0821,0.033041,-1.0196,0.022649
-7.7079,0.2284,6.1015,0.049695,-1.0092,0.024648
-7.6875,-0.0372,5.9487,0.035839,-1.0175,0.019185
-7.6958,0.0902,5.925,0.013456,-1.0038,0.017586
-7.4993,0.0099,6.007,0.0083935,-1.0369,0.0091929
-7.5304,-0.0979,6.2144,-0.0015988,-1.0115,0.053825
-7.5344,0.0549,6.2699,0.038637,-0.99789,0.056356
-7.4327,-0.0462,6.1605,0.015455,-1.0184,0.043699
-7.5483,0.2073,6.2462,0.029177,-0.97844,0.063684
-7.4911,0.1772,6.185,0.0429,-0.99243,0.014522
-7.3886,0.0958,6.3361,0.042101,-1.0171,0.055957
-7.4967,-0.0059,6.204,0.029577,-1.0405,0.027579
-7.4354,-0.1643,6.1034,0.042101,-1.0171,0.029044
-7.4945,-0.0328,6.1638,0.019585,-0.99323,0.037971
-7.4724,-0.0992,6.1536,0.031975,-0.99576,0.041168
-7.627,-0.1105,6.2039,0.033707,-0.99989,0.019052
-7.624,0.0353,6.3617,0.038104,-1.0317,0.022516
-7.5276,-0.1189,6.2787,0.062751,-1.0101,0.011857
-7.3404,-0.0014,6.5147,0.031576,-1.005,0.032641
-7.3806,-0.0978,6.3705,0.027046,-1.0241,0.019452
-7.4056,-0.2444,6.2751,0.017187,-0.99363,0.036505
-7.2752,-0.043,6.298,0.061685,-1.0292,0.010125
-7.3463,-0.0177,6.4763,0.029844,-1.0261,0.041568
-7.3996,0.0462,6.469,0.026779,-1.0091,0.022249
-7.2611,0.0293,6.4191,0.010925,-0.98604,0.026912
-7.1709,-0.033,6.3154,0.031709,-1.0233,0.037837
-7.1656,-0.1054,6.4277,0.034373,-0.99989,0.031442
-7.273,0.1218,6.781,0.033307,-1.0172,0.022116
-7.2476,0.1313,6.7655,0,-1.0054,0.039436
-7.4148,-0.0079,6.753,0.040369,-1.0054,0.050627
-7.3061,0.0901,6.6545,0.046764,-1.0151,0.045165
-7.1093,-0.1105,6.4851,0.039036,-1.0315,0.028911
-7.2264,-0.1741,6.6682,0.016121,-0.9939,0.026779
-7.0911,-0.1076,6.6194,0.030376,-1.0144,-0
-7.1582,-0.2545,6.7095,0.046497,-1.0319,0.023848
-7.1243,-0.0407,6.6728,0.049162,-1.0159,0.013989
-6.9384,-0.0172,6.6091,0.06475,-0.99909,0.037571
-7.1338,-0.056,6.7724,0.063151,-0.99936,0.027978
-7.1883,0.0444,6.9011,0.032108,-1.0233,0.016521
-6.988,0.2081,6.8133,0.029311,-0.9855,0.024248
-7.0512,0.0801,6.8791,0.014256,-0.98723,0.026912
-7.1706,-0.0382,6.6841,0.043167,-0.96205,0.031576
-7.1395,0.0206,6.8261,0.028378,-0.9919,0.041834
-7.0821,-0.0426,6.9626,0.039703,-0.99656,0.0091929
-7.1738,0.0168,7.1272,0.013723,-1.005,0.032375
-6.7939,0.1199,7.1184,0.026113,-1.0152,0.019452
-6.9219,-0.0873,7.0111,0.045964,-1.0431,0.045565
-6.7863,-0.1082,7.033,0.051693,-1.0208,0.016121
-7.0399,0.0099,7.0291,0.048362,-1.0292,0.036105
-6.848,-0.1117,7.1227,0.041301,-1.0086,0.040768
-6.8092,-0.068,7.3185,0.044765,-0.99616,0.026779
-6.7053,-0.0474,7.149,0.042234,-0.9823,0.021184
-6.7913,-0.0678,7.1591,0.015055,-0.99549,0.041967
-6.5749,0.0519,7.1802,0.037038,-1.0015,0.040902
-6.813,0.1992,7.0353,-0.0037304,-1.0103,0.044499
-6.829,0.1904,7.2096,-0.0010658,-1.0281,0.03877
-6.8666,0.062,7.0094,0.049428,-1.0339,0.041701
-6.9992,0.0958,6.9093,0.037438,-1.0332,0.013989
-6.7946,-0.0927,7.0317,0.017853,-1.0165,0.055157
-6.914,0.0018,7.0947,0.020651,-1.0155,0.010259
-7.0088,-0.1881,7.079,0.039303,-1.0175,0.038637
-6.847,-0.0657,7.2304,-0.0022649,-1.0088,0.052359
-6.8729,-0.0165,7.117,0.048362,-0.99243,0.026912
-6.7415,0.1203,6.9598,0.017986,-0.99017,0.018519
-6.8199,0.1803,7.2411,0.049295,-1.0096,0.035972
-6.5478,0.1571,7.2127,0.053558,-1.0108,0.063284
-6.5038,0.0926,7.2976,0.014122,-1.0311,0.059021
-6.4992,0.1585,7.2684,0.0029311,-0.99256,0.056756
-6.5098,0.0937,7.2469,0.03424,-1.0248,0.05569
-6.3489,0.0874,7.0948,0.039703,-1.0185,0.07714
-6.5023,0.0112,7.2702,0.045032,-0.99949,0.025314
-6.4956,-0.075,7.3568,0.06928,-1.0111,0.033574
-6.4167,-0.135,7.3676,0.031176,-1.0157,0.0075941
-6.5138,0.0738,7.5236,0.036905,-1.0165,0.031176
-6.364,0.0967,7.6258,0.0029311,-0.99669,0.045964
-6.46,0.0293,7.6434,0.033307,-1.0209,0.044765
-6.4273,0.0111,7.5354,0.057422,-1.0241,0.039969
-6.7432,-0.056,7.537,0.062218,-1.0212,0.073943
-6.552,-0.022,7.6556,0.059154,-1.0285,0.040902
-6.428,0.0176,7.4292,0.012257,-0.99789,0.022649
-6.329,0.0265,7.5284,0.021317,-1.0199,0.02185
-6.4085,0.1482,7.4979,0.01279,-1.0112,0.04663
-6.3338,0.0382,7.1961,0.03917,-1.0241,0.056223
-6.301,0.2201,7.3166,0.055024,-1.0287,0.055024
-6.2966,0.0094,7.4541,0.055157,-1.0187,0.050761
-6.2982,-0.1214,7.4372,0.037304,-1.0086,0.028911
-6.195,-0.0285,7.5258,0.052626,-1.0163,0.041035
-6.1113,-0.1689,7.6592,0.033041,-1.0054,0.049562
-6.1757,-0.0638,7.6715,0.0085267,-0.99936,0.029844
-6.1042,-0.3129,7.663,0.028112,-1.0312,0.02105
-5.9002,-0.319,7.458,0.019318,-0.99043,0.037038
-6.0798,-0.1217,7.5604,0.051027,-1.0059,0.026779
-6.0115,-0.1982,7.5844,0.039436,-0.97071,0.065549
-5.9823,-0.1986,7.4432,0.046764,-1.006,0.06888
-6.1011,0.0782,7.7161,0.058088,-0.99749,0.055957
-5.9011,-0.1068,7.8816,0.043433,-1.0023,0.024781
-6.0137,0.0791,7.9154,0.040902,-1.0231,0.0090596
-6.0845,0.1407,7.7379,0.053825,-1.0173,0.039436
-5.9715,0.0907,7.6792,0.033307,-1.0299,0.0079938
-5.995,0.0307,7.6083,0.026246,-1.0071,0.034107
-6.0733,-0.2504,7.8011,0.059687,-1.0094,0.028911
-5.9011,-0.2103,7.9065,0.022782,-1.0421,0.02145
-6.0405,-0.1128,7.8485,0.059421,-1.0292,0.023715
-5.6147,-0.2202,7.9208,0.030909,-1.0209,0.05609
-5.6837,-0.1405,7.9212,0.043966,-1.0284,0.055157
-5.888,-0.1057,7.8327,0.0039969,-1.0311,0.043833
-5.8243,-0.1461,7.9305,0.019984,-1.0119,0.0433
-5.7796,0.0496,7.9108,0.013057,-0.98537,0.035839
-5.7236,-0.0223,7.9173,0.034373,-1.0212,0.043966
-5.7003,0.1531,7.8431,-0.0074609,-1.0104,0.041967
-5.6357,-0.3346,7.9444,0.0013323,-1.0228,0.052493
-5.5563,-0.1356,7.9152,0.011857,-1.0303,0.046897
-5.6702,0.0045,7.9453,0.033041,-1.0191,0.058621
-5.7731,-0.0793,7.9227,0.071811,-1.022,0.049029
-5.4792,0.0627,8.0834,0.061419,-0.99683,0.050894
-5.7298,0.1334,7.8879,0.057156,-0.98657,0.0425
-5.6409,0.0789,7.8515,0.025447,-1.0143,0.01319
-5.5485,-0.1836,8.1596,0.033974,-1.0243,0.030909
-5.5871,-0.1236,8.0876,0.049428,-1.0075,0.047696
-5.2867,0.0642,8.283,0.024781,-1.0018,0.021184
-5.6502,-0.0713,8.1713,0.054758,-1.0323,0.033974
-5.3599,-0.0016,8.1471,0.035572,-1.0064,0.049562
-5.3881,-0.0188,8.0184,0.06022,-1.0357,0.053958
-5.7771,-0.0099,8.0954,0.054225,-1.0401,0.05982
-5.5532,0.1134,7.9933,0.063151,-1.0231,0.053026
-5.4422,0.1754,7.9451,0.050094,-1.0233,0.032775
-5.3241,0.0047,8.0655,0.039836,-1.0256,0.016787
-5.3919,0.1268,7.9989,0.067281,-1.0084,0.024781
-5.3535,-0.0574,8.1984,0.037438,-1.0348,0.05609
-5.2723,0.0507,8.2471,0.023848,-1.0304,0.031975
-5.1756,-0.1175,8.0191,0.035572,-1.0144,0.065149
-5.1224,0.0602,8.1323,0.027312,-1.022,0.057289
-5.049,0.063,8.4111,0.025314,-1.006,0.065949
-4.9975,0.1561,8.423,0.045565,-1.0288,0.063684
-5.0315,0.033,8.5011,0.050361,-1.0404,0.045032
-5.1109,0.2019,8.2974,0.024781,-1.0078,0.030376
-5.2004,0.0891,8.3588,0.041834,-1.0191,0.033974
-4.765,0.1963,8.3867,0.037038,-0.99416,0.043433
-5.0526,-0.0646,8.5085,0.040902,-1.0177,0.034107
-5.0324,0.2526,8.6742,0.046231,-1.0243,0.067281
-5.0747,0.0582,8.476,0.040102,-1.0012,0.045831
-5.0575,-0.0562,8.5105,0.015854,-1.0328,0.023182
-5.1059,-0.113,8.5165,0.02598,-1.0497,0.0038637
-5.1752,-0.1386,8.4492,0.043167,-1.0022,0.00093261
-5.0608,-0.0372,8.3732,0.038637,-1.0135,0.03877
-5.0033,-0.1821,8.5349,0.056756,-1.0255,0.048629
-4.908,-0.0249,8.6407,0.00026646,-1.0119,0.061286
-5.038,-0.0292,8.3784,0.023448,-1.0177,0.035972
-5.0549,-0.065,8.4297,0.055957,-1.0038,0.066349
-4.97,-0.0226,8.3989,0.033974,-1.0252,0.058355
-4.7955,-0.1429,8.352,0.019318,-1.0275,0.040502
-4.7818,-0.1422,8.3241,0.03464,-0.98044,0.029977
-4.8792,0.0475,8.5039,0.052359,-1.0195,0.044499
-4.8743,-0.1459,8.4931,0.073809,-1.0117,0.016787
-4.6956,-0.2444,8.7311,0.060886,-0.9911,0.027046
-4.8307,-0.1826,8.5509,0.036505,-0.99163,0.037038
-4.6741,-0.1528,8.4769,0.051427,-1.0137,0.041701
-4.8013,-0.146,8.5502,0.028511,-1.0047,0.068747
-4.6736,-0.1348,8.7703,0.035439,-1.0031,0.043966
-4.6771,-0.2007,8.8397,0.036239,-1.0239,0.037571
-4.6856,-0.1336,8.7836,0.035439,-1.0074,0.044899
-4.8146,-0.0614,8.6122,0.024248,-1.0253,0.040369
-4.6886,-0.1419,8.5974,0.011058,-0.99403,0.03424
-4.6135,-0.155,8.748,0.024514,-0.97791,0.044899
-4.5437,-0.1918,8.6656,0.03051,-0.97791,0.016787
-4.5856,-0.352,8.7072,0.035839,-0.98683,0.026246
-4.4026,-0.317,8.8096,0.03837,-0.99869,0.020118
-4.5349,-0.0502,8.9758,0.027712,-1.0066,0.029977
-4.6887,0.0598,8.6186,0.030643,-1.012,0.0047963
-4.4639,0.198,8.5375,0.044632,-1.0392,0.042634
-4.4281,0.1047,8.5885,0.05649,-1.0529,0.0049295
-4.3101,0.0265,8.7361,0.047163,-1.0389,0.025047
-4.5873,0.0297,8.8772,0.041301,-1.0251,0.056223
-4.4364,0.1897,8.7563,0.038503,-1.0241,0.049162
-4.4372,-0.0013,8.62,0.016254,-1.0173,0.026513
-4.2757,-0.0567,8.7035,0.028378,-0.99709,-0.011724
-4.4515,-0.147,8.7728,0.0022649,-1.0056,0.037971
-4.4369,-0.0446,8.9412,0.027579,-1.0208,0.010392
-4.4559,-0.0328,8.918,0.011591,-1.024,0.035306
-4.5001,0.0817,8.8837,0.064617,-1.022,0.018919
-4.4049,0.263,8.9167,0.036505,-1.0159,0.027978
-4.3759,-0.0233,8.7625,0.045565,-1.0304,0.050094
-4.1956,-0.0064,8.9216,0.061419,-0.99589,0.040768
-4.1903,-0.2722,9.0521,0.040235,-1.0175,0.035572
-4.2487,-0.196,9.0529,0.055557,-1.0233,0.023848
-4.0902,-0.1443,9.0556,0.028378,-1.0229,-0.0082603
-4.1271,-0.1592,9.1327,0.029044,-1.0461,0.015321
-4.0239,-0.0064,9.136,0.034107,-1.0115,0.036372
-4.0931,-0.0285,9.0907,0.021716,-1.0368,0.027712
-3.9549,0.0275,9.0521,0.019185,-1.0168,0.021317
-4.0003,-0.0025,9.1059,0.024248,-1.0377,0.073276
-3.9029,0.0083,8.9612,0.050494,-1.0164,0.046098
-3.9522,-0.0029,9.1134,0.044232,-1.0353,0.030776
-3.9794,0.1637,8.9627,0.046098,-1.0217,0.011458
-3.9106,-0.0545,8.9804,0.028511,-1.0152,0.006928
-3.9025,0.0413,9.073,0.034773,-1.0105,0.0031975
-3.6896,0.0475,9.2479,0.022116,-0.99949,0.015188
-3.6029,-0.0887,9.1333,0.034773,-1.0177,0.033307
-3.7029,0.0904,9.2278,0.016787,-1.0256,0.01692
-3.537,0.0647,9.2415,0.014922,-1.0135,0.037304
-3.8192,0.1373,9.1513,0.049162,-0.99696,0.029977
-3.6883,0.1832,9.3448,0.031975,-0.9903,0.019318
-3.7423,0.0166,9.1025,0.039836,-0.97751,0.0046631
-3.6282,0.0513,8.9086,0.045964,-1.0092,0.0014655
-3.8427,-0.0311,8.8103,0.066349,-1.002,0.015588
-3.7106,-0.0988,9.0386,0.04703,-1.0043,0.02598
-3.7906,0.2648,9.3025,0.030376,-1.0004,0.046364
-3.7111,-0.1229,9.4148,0.057955,-0.99123,0.036505
-3.5408,-0.0258,9.2704,0.046897,-0.99563,0.051693
-3.399,0.0065,9.1968,0.041967,-1.0177,0.064084
-3.4457,0.1254,9.3121,0.033974,-0.98204,0.040902
-3.4709,0.0508,9.5712,0.013589,-1.0148,0.063684
-3.2072,0.1052,9.1875,0.047163,-1.0068,0.031709
-3.2754,-0.0058,9.0381,0.029311,-1.0059,0.022649
-3.381,-0.0415,9.1075,0.025047,-1.0412,0.031176
-3.3353,-0.1541,9.3338,0.034107,-1.0137,0.027978
-3.576,0.044,9.4155,0.035439,-1.0253,0.0015988
-3.4399,-0.0903,9.269,0.021317,-1.0353,0.052359
-3.3044,-0.1023,9.2806,0.0065283,-1.0364,0.038237
-3.1799,-0.004,9.2215,0.0093261,-1.018,0.024115
-3.0419,0.1296,9.4078,0.03051,-1.0364,0.024381
-3.0617,-0.0239,9.3284,0.026246,-1.0325,0.056756
-3.1466,0.13,9.2125,0.040102,-1.0292,0.036239
-2.9581,0.1425,9.1588,0.011325,-1.0165,0.04743
-3.0569,0.1105,9.4787,0.046364,-1.0243,0.061819
-3.0606,0.0808,9.4427,0.026779,-1.0196,0.058754
-3.0198,0.007,9.4277,0.034773,-1.0349,0.030243
-2.7918,0.0393,9.1766,0.021184,-1.0116,0.045831
-2.9234,-0.0299,9.1294,0.044899,-1.0143,0.067148
-2.867,0.0951,9.2259,0.043167,-1.0476,0.037304
-2.831,0.2229,9.2243,0.04703,-1.0355,0.030243
-2.7786,0.3069,9.4446,0.063284,-0.99723,0.0075941
-2.737,0.07,9.416,0.060886,-1.0163,0.041301
-2.8537,0.0585,9.3086,0.064617,-1.0078,0.036239
-2.6979,0.1976,9.353,0.049828,-1.0007,0.030376
-2.8517,-0.0006,9.2851,0.041568,-1.0151,0.033707
-2.7555,0.037,9.2646,0.016387,-1.0465,0.040502
-2.7423,-0.0169,9.2881,0.023315,-1.0219,0.02598
-3.0912,-0.0709,9.3832,0.036638,-1.0243,0.029577
-2.8668,-0.3163,9.4088,0.052493,-1.0352,0.043167
-2.8344,-0.1007,9.2442,0.022383,-1.0107,0.064217
-2.559,0.0184,9.3556,0.021583,-1.0115,0.049695
-2.535,-0.3081,9.4981,0.013723,-1.0149,0.0433
-2.5828,-0.145,9.6515,0.049828,-1.0181,0.017187
-2.766,-0.2461,9.3937,0.026113,-1.0352,0.03917
-2.6576,-0.3071,9.6163,0.035439,-1.0232,0.026113
-2.5895,0.0755,9.6371,0.032108,-1.0011,0.035572
-2.5927,0.1009,9.4123,0.029577,-1.009,0.05156
-2.5093,-0.0323,9.585,0.032375,-1.0165,0.036638
-2.6335,-0.1084,9.48,0.023182,-1.0264,0.035706
-2.5532,-0.0137,9.5351,0.050894,-1.0231,0.019052
-2.5222,-0.0575,9.3702,0.010392,-1.0203,0.028644
-2.4506,0.092,9.595,0.0054624,-1.0094,0.018919
-2.376,-0.0376,9.4166,0.019851,-0.98484,0.051294
-2.575,0.1117,9.4054,0.023715,-1.0143,0.04743
-2.415,0.2445,9.3663,0.020384,-1.0096,0.026912
-2.3526,0.0733,9.5611,0.022383,-0.9927,0.067414
-2.3295,0.1939,9.7134,0.029444,-1.0207,0.04663
-2.1448,0.2815,9.365,0.031309,-1.0131,0.056889
-2.1749,0.1791,9.5012,0.049029,-1.0151,0.034906
-2.1068,0.1095,9.5,0.045831,-1.0356,0.038237
-2.2535,0.1286,9.4808,0.032908,-1.0316,0.019585
-2.1882,0.1036,9.3241,0.049695,-1.0345,0.029044
-2.0697,-0.0848,9.4078,0.046897,-1.0224,0.024648
-2.2515,-0.0565,9.2698,0.053159,-1.0059,0.075142
-2.1936,-0.1678,9.3667,0.035972,-1.0193,0.044232
-2.1254,0.0279,9.6323,0.013723,-1.0044,0.047297
-2.1324,0.0427,9.4912,0.04783,-1.0058,0.072477
-2.1306,0.3117,9.4144,0.043833,-1.001,0.037971
-1.8997,0.0591,9.6726,0.034507,-0.95632,0.024115
-1.8229,0.0125,9.741,0.020517,-0.97444,0.038637
-1.8907,-0.0799,9.6651,-0.016787,-1.0156,0.046098
-2.0215,-0.0419,9.5687,0.024781,-0.99563,0.018119
-1.744,0.0282,9.5818,0.02145,-0.9827,0.04703
-1.9294,0.0251,9.6736,0,-1.0028,0.026246
-1.9113,-0.0555,9.7727,0.014122,-0.99136,0.039969
-1.7554,0.0891,9.7164,-0,-0.98444,0.044099
-1.905,-0.1436,9.5181,0.019851,-1.0007,0.014256
-1.7603,0.1522,9.4832,0.042767,-1.0095,0.016654
-1.8119,0.0266,9.5111,0.0094593,-1.0094,0.0035972
-1.8611,0.0226,9.4563,0.016387,-1.0169,0.022249
-1.5678,-0.2968,9.2709,0.03424,-1.0299,0.046764
-1.6481,-0.0289,9.5234,0.088598,-1.0257,0.0425
-1.5273,0.0962,9.4235,0.057422,-1.0159,0.01279
-1.4558,-0.1728,9.8077,0.040768,-1.0284,0.011458
-1.2833,-0.1331,9.8106,0.0071944,-1.0108,-0.014655
-1.2749,0.0496,9.4771,0.0099922,-0.9851,0.0071944
-1.3169,0.0246,9.7558,0.0086599,-1.0031,0.031043
-1.3406,0.0221,9.8655,0.033974,-1.0084,0.061286
-1.5956,-0.2065,9.7828,0.031975,-1.0321,0.062085
-1.4672,-0.2058,9.8513,0.068613,-1.042,0.059687
-1.6026,-0.1036,9.6284,0.032242,-1.0133,0.04783
-1.6045,-0.0776,9.543,0.036239,-0.98524,0.058488
-1.5969,0.0541,9.7193,0.023981,-0.9939,0.023981
-1.6153,-0.067,10.114,0.018119,-1.0261,0.026646
-1.4518,0.0962,9.8668,0.044099,-1.0517,0.010525
-1.4499,0.1679,9.7411,0.061153,-1.066,0.023049
-1.3373,0.0621,9.7942,0.03011,-1.0424,0.071944
-1.357,-0.0504,9.7654,0.039703,-1.0109,0.050361
-1.2598,-0.1201,9.6732,0.04783,-1.008,0.036638
-1.1973,-0.0306,9.8191,0.042101,-1.0031,0.040768
-1.1516,-0.135,9.8736,0.042634,-1.0137,0.070479
-1.125,0.0482,9.8298,0.029977,-0.9855,0.078739
-1.1176,-0.099,9.715,0.036771,-0.99749,0.034906
-1.2227,-0.254,9.8096,0.031709,-1.0383,0.042367
-1.3109,-0.0904,9.6557,0.056756,-1.0208,0.025447
-1.2237,0.0353,9.6442,0.028511,-1.0032,0.032908
-1.2235,0.0259,9.8845,0.018785,-1.0105,0.043833
-0.9988,0.341,9.797,0.0093261,-1.0136,0.024248
-1.2646,0.2758,9.5468,0.028644,-1.0157,0.041967
-0.9567,0.0525,9.6026,0.023582,-1.0269,0.020251
-1.0247,-0.1032,9.5638,0.03837,-1.034,0.0433
-1.0164,-0.1488,9.726,0.036372,-0.9943,0.035972
-0.7847,0.0681,9.771,0.026246,-1.0062,0.05649
-0.993,0.0966,10.068,0.058088,-1.0223,0.03837
-0.9229,0.0991,9.9631,0.053692,-1.0151,0.05609
-0.8663,-0.007,9.8761,0.036505,-1.0428,0.017187
-0.7384,-0.0044,10.07,0.023315,-1.0617,0.031975
-0.8604,-0.06,10.056,0.039036,-1.0509,0.005196
-0.7956,-0.0012,9.976,0.033707,-1.0147,0.029311
-0.8081,0.0408,9.8968,0.081803,-0.99669,0.028245
-0.7572,0.0872,9.9211,0.045698,-1.0192,0.021317
-0.5351,0.1151,9.9303,0.022782,-1.0352,0.031309
-0.4246,-0.0542,9.6547,0.027845,-0.9859,0.045565
-0.6672,-0.1236,9.8752,0.020651,-1.0144,0.039436
-0.753,0.0082,9.6828,0.035439,-1.0287,0.042234
-0.8566,0.2091,9.6524,0.051027,-0.99976,0.018919
-0.4869,-0.1287,9.7594,0.029044,-1.0323,0.064217
-0.3196,-0.197,9.6288,0.029844,-1.0133,0.02105
-0.3665,-0.0285,9.688,0.037304,-1.0481,0.052093
-0.3876,0.0149,9.81,0.032508,-1.0349,0.030776
-0.4039,-0.0369,9.7414,0.015588,-1.0058,0.041435
-0.4073,-0.0263,9.7838,0.023315,-0.9899,0.030643
-0.3682,0.1341,9.8238,0.042767,-1.0184,0.034107
-0.2153,0.0646,9.73,0.030776,-1.0451,0.036239
-0.4526,0.1956,9.6034,0.016121,-0.99749,0.045831
-0.5945,0.081,9.9243,0.042101,-1.0167,0.043966
-0.4344,0.0072,9.7273,0.038237,-1.0297,0.0057289
-0.3579,-0.1433,9.6777,0.031176,-1.0107,0.039436
-0.1672,-0.0337,9.9481,0.029844,-1.0465,0.011191
-0.0788,-0.0716,9.7192,0.027978,-1.0113,0.031309
-0.124,-0.0634,10.142,0.036239,-1.0111,0.043033
0.0581,0.002,10.06,0.028112,-1.0236,0.049295
-0.123,0.1961,9.9481,0.032242,-1.0241,0.040635
-0.075,-0.0505,9.8816,0.058222,-1.026,0.045964
0.0248,-0.2666,9.8973,0.050361,-1.0111,0.027845
-0.2218,-0.2162,9.809,0.041035,-1.0172,0.025713
-0.1676,-0.0856,9.8468,0.028378,-1.0147,0.03384
-0.2733,-0.1013,9.9622,0.048496,0.03837,0.052093
-0.1747,-0.1768,10.117,0.051693,0.0079938,0.040902
-0.0614,-0.0644,9.8952,0.01692,0.02598,0.045431
-0.1124,-0.0323,9.8261,0.02598,0.027179,0.035173
-0.0658,-0.1631,9.93,0.065549,0.02105,-0.0011991
-0.1602,-0.2533,9.8336,0.082869,0.013989,0.016121
-0.0555,-0.2566,9.6811,0.049162,0.017586,0.022916
-0.1183,-0.1244,9.5091,0.023315,0.013723,0.029311
-0.0004,-0.13,9.8274,0.023981,0.0082603,0.022516
0.1859,-0.0128,9.77,0.018785,0.025047,0.005196
0.0224,-0.181,9.7677,0.021184,0.033574,0.033441
0.0955,0.0596,9.8236,0.0053292,0.01732,0.015055
0.0679,-0.1236,9.6457,0.026513,0.032108,0.018253
-0.0234,-0.2402,9.6104,0.022916,0.047963,0.030909
0.0406,-0.1383,9.7514,0.039703,0.028378,0.031975
0.0201,-0.0391,9.6658,0.015055,0.029177,0.024381
0.1756,-0.0053,9.7143,0.034507,0.025713,0.038237
0.2004,0.2391,9.8087,0.051427,0.042367,0.0015988
-0.002,0.0529,9.8422,0.035039,0.053026,0.038637
-0.1366,-0.0143,9.9257,0.011458,0.063151,0.061819
-0.0641,0.1339,10.056,-0.00093261,0.028378,0.046897
0.0074,-0.1213,10.071,0.017986,0.044232,0.049961
0.025,-0.0242,9.9163,0.040235,0.035039,0.081404
-0.0914,-0.036,9.8464,0.043833,0.015055,0.03917
-0.0067,-0.1067,9.8228,0.035306,0.049029,0.031709
0.1258,-0.026,9.9947,0.017586,0.075541,0.031576
0.1018,-0.1394,9.6805,0.012657,0.047963,0.035306
-0.0036,-0.0129,9.7121,0.032775,0.053292,0.040902
0.196,-0.1102,9.5116,0.011857,0.029444,0.013856
-0.0286,-0.0292,9.5712,0.0015988,0.041435,0.075941
-0.0435,0.1701,9.6929,0.0087932,0.050761,0.030243
-0.129,-0.0728,9.5311,-0.0075941,0.056756,0.038503
-0.0277,0.0948,9.6957,0.0050627,0.009859,0.037304
-0.0445,-0.1005,9.9311,0.034906,0.015988,0.040635
0.2254,-0.1786,9.96,0.032641,0.033707,0.018519
0.0773,0.094,9.845,0.024514,0.0433,0.02145
0.1913,-0.0201,10.115,0.019452,0.024514,0.015321
0.1207,0.0853,10.029,0.036372,0.015455,0.043699
0.0129,0.2385,9.9217,0.028778,0.057289,0.043699
0.1254,0.1587,9.9118,0.026646,0.019185,0.039436
-0.1171,0.0224,9.9584,0.038503,0.02185,0.061819
-0.0334,0.0475,10.116,0.037704,0.015854,0.028511
0.098,0.2006,9.9559,0.037038,0.05116,0.021317
0.1538,-0.1544,9.6814,0.030243,0.019052,0.028245
0.1739,-0.1263,9.9466,0.033974,0.07341,0.010125
-0.2793,-0.1239,9.8389,0.035706,0.034507,0.014655
0.0039,0.0287,9.8191,0.022916,0.022383,0.016521
0.2138,0.0288,10.153,0.008127,0.030643,0.039969
0.0117,0.1863,10.052,0.033307,0.044366,0.031043
0.097,0.1061,9.9763,0.024248,0.037971,0.019052
0.0728,-0.004,9.6966,0.042634,0.034507,0.0025314
0.0897,-0.1809,9.6157,0.032242,0.03424,0.0070612
0.1623,0.0767,9.8569,0.05116,0.038104,0.050228
0.0093,0.1931,9.8478,0.075008,0.055024,0.03837
0.0435,0.0634,9.9391,0.04663,0.030376,0.022649
0.0429,0.0907,9.9042,0.065682,0.046098,0.061819
-0.2383,-0.069,9.6047,0.061685,0.03464,0.038503
-0.0996,-0.2206,9.8094,0.050228,0.039436,0.041035
0.002,0.1076,9.7486,0.056356,0.029044,0.03917
0.1774,-0.1086,9.9583,0.057822,0.02185,0.013989
0.1165,-0.0587,9.6903,0.058754,0.036239,0.039569
0.2087,0.0447,9.7447,0.043833,0.02518,0.053425
0.2109,0.1227,9.5881,0.038503,0.026646,0.043433
-0.0352,0.2152,9.4578,0.028911,0.029044,0.015721
-0.1466,0.2412,9.7212,0.056356,0.027445,0.035173
-0.0048,0.0555,9.504,0.021317,0.0083935,0.053159
-0.0984,-0.0258,9.7419,0.031709,0.027179,0.057822
-0.1971,0.2255,9.6506,0.054225,0.046364,0.09033
-0.2486,0.0724,9.8013,0.013323,0.017586,0.062885
-0.2735,0.0683,9.8967,0.025447,0.032908,0.014389
-0.2739,-0.0733,9.7985,0.041701,0.054624,0.023582
-0.0337,0.1291,9.7299,0.032108,0.0073276,0.052759
0.1185,0.4025,9.6653,0.029444,0.0050627,0.073943
0.0491,0.264,9.8715,0.065949,0.020384,0.059953
0.2627,0.0934,10.031,0.027845,0.025047,0.0082603
-0.0059,0.1868,10.012,0.018386,0.0022649,0.050761
0.0344,0.1235,10.085,0.03384,0.042101,0.029444
-0.0695,-0.0571,10.086,0.060353,0.031442,0.014256
0.2054,-0.1351,10.02,0.019185,0.015854,0.057022
-0.0413,0.0287,9.6963,0.061419,0.019452,0.080871
-0.135,-0.1648,9.852,0.040502,0.040635,0.053425
-0.0848,-0.0324,9.8233,0.027046,0.027179,0.044499
-0.3104,0.0322,9.7661,0.035839,0.024115,0.05529
-0.1774,0.0493,10.007,0.019851,0.055024,0.065283
-0.154,-0.0558,9.7389,0.023582,0.020784,0.04703
-0.1791,-0.2996,9.9217,0.047963,0.035173,0.05609
-0.1184,-0.0501,9.8618,0.026113,0.032108,0.027312
-0.0458,-0.0897,9.8765,0.037971,0.048096,0.033574
0.1139,0.0188,9.9257,0.044632,0.038903,0.037704
0.0053,0.0447,10.087,0.044232,0.016521,0.057555
0.079,0.1392,10.051,0.031176,0.034906,0.031709
-0.0227,0.0236,10.01,0.052626,-0.0039969,0.030776
0.0197,0.1846,9.7205,0.044632,0.039569,0.067281
-0.1367,0.0782,9.8151,0.020917,0.011325,0.029844
0.0757,-0.0299,9.6454,-0.0033307,0.033441,0.030376
-0.0513,0.2706,9.9212,0.039303,0.055823,0.082736
-0.1073,0.0318,9.7085,0.051826,0.032775,0.039569
-0.0644,-0.0589,9.9065,0.023981,0.026912,0.049961
-0.0261,0.1789,10.109,0.030376,0.032242,0.070345
0.073,0.0798,9.9634,0.048496,0.040635,0.05156
0.0648,0.0048,9.8782,0.037171,0.066215,0.033441
-0.2737,-0.1773,9.7544,0.049162,0.045565,0.042234
-0.1763,-0.1956,9.826,0.037438,0.063817,0.051826
-0.1502,-0.0002,9.8366,-0.0090596,0.021317,0.063684
-0.0417,0.1365,9.7255,0.012657,0.029844,0.030776
-0.1388,0.025,9.9326,0.034906,0.054225,0.036505
0.0857,0.0346,9.5934,0.05116,0.050894,0.040235
0.1085,0.1392,9.6531,0.033974,0.061019,0.045298
-0.0641,-0.0249,9.6707,0.063684,0.059687,0.063551
0.0789,0.0668,9.6754,0.067414,0.03051,0.042634
-0.0861,0.0146,9.5871,0.04703,0.050494,0.059953
0.032,0.0379,9.6505,0.035572,0.043699,0.042367
0.1349,-0.0599,9.8374,0.028911,0.026246,0.054758
-0.0662,0.0187,9.7781,0.018652,0.054358,0.032108
0.0379,0.3252,9.6661,0.0425,0.05649,0.057555
-0.0975,-0.129,9.8201,0.029977,0.042367,0.013456
-0.0032,-0.0777,9.5402,0.045165,0.035972,0.038104
-0.0819,-0.0842,9.6536,0.040768,0.016521,0.043699
0.1075,0.0963,9.8747,0.047963,0.066482,0.043699
0.0043,-0.1443,9.7814,0.0023981,0.034107,0.015988
-0.1723,0.0399,9.8021,0.023582,0.018652,0.041967
-0.1495,0.2225,9.9026,0.050361,0.025047,0.019718
-0.1318,0.0516,9.8188,0.01692,0.022383,0.045964
-0.2249,0.1434,9.7384,0.03837,0.043833,0.015854
-0.1145,0.2997,9.8311,0.006928,0.034507,0.041035
-0.037,0.0375,9.8789,0.011325,0.065682,0.038637
0.0503,0.249,9.9291,0.036239,0.06848,0.044899
0.1159,-0.0412,9.9176,0.040902,0.051427,0.063417
-0.0441,-0.1507,10.079,0.067414,0.027312,0.06888
-0.0361,-0.2915,9.7126,0.050494,0.011058,0.061952
-0.1503,0.0298,9.7209,0.027845,0.021583,0.037171
-0.1264,0.1145,10.003,0.04703,-0.0065283,0.035706
-0.1595,-0.0251,9.691,0.031576,0.0074609,0.034773
0.0135,-0.1247,9.7985,0.01279,0.0062618,0.049828
0.0355,-0.1981,9.7778,0.023981,0.022116,0.030776
-0.1711,-0.0131,9.9623,0.020251,0.010525,0.060886
-0.0215,-0.1261,9.8899,0.04663,0.059154,0.047696
-0.1127,-0.1277,9.7068,0.029444,0.054891,0.059953
0.0646,-0.0486,9.905,0.028112,0.024115,0.051294
-0.0662,-0.0768,9.8083,0.028644,0.02598,0.044632
0.0502,-0.1969,9.942,0.049695,0.033041,0.058754
-0.1235,-0.0667,9.7736,0.053026,0.049029,0.059421
-0.044,-0.0358,9.6875,0.069013,0.030376,0.04743
-0.1232,0.1203,9.9254,0.082869,0.041435,0.041701
0.0035,0.165,9.7115,0.049162,0.012257,0.026646
0.0183,-0.0585,9.9186,0.022782,0.028778,0.055157
-0.044,-0.0851,9.8752,0.043433,0.046897,0.059687
-0.1482,0.0171,9.8434,0.02185,0.030243,0.045298
-0.0268,0.0016,9.9589,0.030243,0.065549,0.021317
-0.0475,0.039,9.81,0.022649,0.041168,0.05116
0.0714,0.0244,9.7622,0.054225,0.030376,0.048629
-0.0558,0.2242,9.6709,0.032375,0.043033,0.032108
-0.1071,0.1012,9.8439,0.020251,0.038237,0.025447
-0.2662,0.0983,9.8228,0.037304,0.014522,0.029044
-0.1591,-0.0415,9.7947,0.045565,0.0045298,0.0077273
-0.1416,0.1026,9.7104,0.045565,0.035572,0.024781
-0.1249,-0.0176,9.7981,0.038903,0.02558,0.012257
0.0185,-0.1774,9.9094,0.030243,0.029844,0.019851
-0.1593,-0.216,9.8577,0.019585,0.022916,0.029844
-0.0225,-0.1488,9.7835,0.049162,0.045431,0.048762
0.0027,-0.0849,9.8002,0.014122,0.022516,0.050494
-0.0218,0.2101,9.5989,0.019318,0.025047,0.030376
0.0106,0.0342,9.8409,0.041035,0.024381,0.042634
0.0221,0.043,9.7772,0.02971,0.056356,0.044499
-0.0712,-0.0016,9.5983,0.01772,0.059554,0.027978
-0.008,-0.0011,9.7082,0.035306,0.060353,0.05156
-0.0848,0.1612,9.5664,0.045964,0.023049,0.041168
-0.3077,-0.1483,9.7774,0.063284,0.024514,0.015321
-0.0259,0.0671,9.7635,0.026113,0.047696,0.012124
-0.1458,0.0964,9.9701,0.028911,0.056356,0.0059953
-0.2209,0.1577,9.9031,0.044099,0.0057289,0.027179
-0.2042,-0.0364,9.6131,0.060087,0.039969,0.055957
-0.2583,0.1047,9.6436,0.015321,0.051027,0.036239
-0.2839,0.0039,9.6611,-0.0061286,0.047297,0.063018
-0.2631,-0.046,9.8481,0.023049,0.048895,0.029444
0.0204,0.1144,10.058,0.04663,0.032375,0.050361
-0.0783,0.0508,9.9323,0.04743,0.010792,0.035173
0.1697,0.0257,9.8766,0.017586,0.034107,0.017187
0.2094,0.0198,9.9527,0.013723,0.013589,0.053425
-0.0118,-0.0635,9.7037,0.057955,0.023981,0.030376
-0.0939,0.1428,9.8001,0.041568,0.01692,0.015455
0.039,0.057,9.7696,0.057422,0.018519,0.046897
0.0934,-0.043,9.5328,0.0433,0.049029,0.043167
0.0493,-0.1378,9.8556,0.060886,0.032508,0.0042634
-0.0312,-0.0306,9.9046,0.026912,0.035972,0.048496
-0.1841,0.015,9.819,0.032508,0.03464,0.050361
-0.1519,0.2021,9.775,0.026912,0.0091929,0.018253
0.0189,0.0827,9.8345,0.048229,0.038104,0.0073276
-0.1372,0.3194,9.7607,0.042767,0.0057289,0.035972
-0.1197,0.2633,9.6724,0.039303,0.033441,0.060087
-0.0461,0.012,9.7857,0.053558,0.03917,0.033174
0.0159,0.1396,9.4964,0.033574,0.02971,0.050627
-0.0027,0.1172,9.5615,0.041701,0.048362,0.041035
-0.2216,0.0659,9.7607,0.037438,0.039836,0.010259
-0.0371,0.2248,9.7322,0.050361,0.052759,0.031709
0.0192,0.0167,9.7932,0.023448,0.037171,0.02145
0.1229,0.0398,9.806,0.048762,0.039436,0.030243
0.0554,-0.0671,9.9271,0.03424,0.027579,0.071278
0.1056,-0.0741,9.7497,0.065816,0.018386,0.074076
0.1321,0.0584,9.8457,0.026246,0.03011,0.032775
0.0187,0.1938,9.7306,0.052359,0.021184,0.023848
