-0.0513,0.0212,9.8089,0.045431,0.020784,0.0086599
0.0303,-0.2255,9.79,0.033974,0.049695,0.0050627
-0.0234,-0.0416,9.8263,0.042234,0.045831,0.031043
0.0289,-0.073,9.8519,0.019052,0.034507,0.050627
0.0826,-0.1194,9.934,0.035039,0.034507,0.054624
-0.0575,-0.122,9.8137,0.025314,0.047696,0.034373
-0.1291,-0.1313,9.8081,0.026246,0.011991,0.023448
-0.28,0.009,9.8583,0.040369,0.029577,0.03384
-0.1582,-0.0777,9.714,0.017853,0.019185,0.031709
-0.1743,-0.0872,9.9211,0.054358,0.010125,0.059554
0.1386,0.149,9.8575,0.021983,0.023715,0.04703
-0.0772,0.0365,9.8337,0.06928,0.0058621,0.046764
0.1407,-0.1585,9.7441,0.013723,0.020517,0.044499
0.1336,-0.1499,9.7548,0.022383,0.024648,0.063551
0.1484,-0.3498,9.784,0.035306,0.051294,0.049295
-0.006,-0.1575,9.8236,0.038237,0.042101,0.036905
0.1706,-0.086,9.9526,-0.00039969,0.070745,0.027179
0.0152,-0.0094,9.8996,0.046231,0.037971,0.029444
-0.0352,0.0491,9.7716,0.028112,0.059953,0.048496
-0.0659,0.092,9.7665,0.013589,0.053558,0.025047
0.0073,-0.1879,9.6748,0.03464,0.0085267,0.021983
0.0041,-0.1699,9.8402,0.049828,0.030243,0.032508
0.1395,-0.1221,9.6425,0.037038,0.053026,0.051826
-0.0576,0.016,9.7631,0.048229,0.046364,0.050094
-0.1585,0.062,9.467,0.029311,0.016254,0.037971
0.1718,0.1934,9.566,0.040369,0.029444,0.016387
-0.1142,0.172,9.6517,0.028511,0.050494,0.072344
-0.0575,0.0912,9.8904,0.03051,0.040102,0.015188
0.1093,0.1319,9.8573,0.027312,0.047963,0.014655
0.0056,-0.0885,9.6721,0.005196,0.028911,0.011857
-0.1911,-0.0419,9.8677,0.01772,0.063151,0.0078606
-0.0341,0.0965,9.8266,0.046764,0.03424,0.014922
-0.0239,0.0681,10.008,0.048096,0.048096,0.026113
-0.0564,0.068,9.8383,0.057289,0.041967,0.06062
-0.0195,-0.0066,9.9413,0.028778,0.031576,0.03917
-0.1512,-0.0123,9.6886,-0.0090596,0.013856,0.034107
-0.123,-0.038,9.8384,0.023049,0.015321,0.057022
-0.0969,0.0263,9.7768,0.026246,0.028245,0.018386
0.0048,-0.1442,9.7641,0.034773,0.054358,0.02105
-0.1996,-0.2376,9.8543,0.018386,0.053558,0.042634
-0.092,-0.0704,9.6973,0.010792,0.059154,0.021983
0.1114,-0.0382,9.5849,0.0055957,0.049562,0.010525
-0.0154,0.0188,10.092,0.013989,0.026646,0.051427
-0.0101,0.0732,10.017,0.064617,0.033307,0.040635
0.0737,0.057,9.8562,0.037704,0.046764,0.045698
0.0315,0.013,9.7745,0.016787,0.049428,0.046497
-0.0291,-0.0664,10.001,0.053159,0.0433,0.0071944
0.1198,0.1402,9.8482,0.034373,0.029311,0.010259
0.0539,-0.1172,9.6454,0.054624,0.019185,0.0067947
0.1191,-0.2759,9.984,0.050094,0.028911,0.061819
0.0798,-0.0919,9.7347,0.028511,0.022516,0.050761
0.0027,-0.0847,9.9222,0.046098,0.027046,0.047163
-0.0374,0.0928,9.8545,0.027845,0.035839,0.021983
0.0317,0.1288,9.8058,0.038903,0.025314,0.028511
-0.0185,0.1699,9.9595,0.023448,0.045431,0.059421
0.0186,-0.102,9.7424,0.037038,0.023448,0.027046
0.0217,0.0908,9.7472,0.01319,0.041701,0.030776
-0.0279,0.0959,9.7927,0.0050627,-0.0057289,0.071278
0.0632,0.1413,9.9104,0.027978,0.032508,0.027445
-0.0253,-0.0098,9.7616,0.018652,0.043699,0.028778
0.1148,0.0881,9.8921,0.054225,0.028778,0.015721
-0.0261,0.0214,9.783,0.029177,0.049562,0.03877
0.191,0.0824,9.6755,0.02638,0.05116,0.028112
0.041,0.1164,9.6504,0.018253,0.047163,0.029444
0.0929,0.0697,9.8361,0.021184,0.014655,0.035972
0.1057,0.1911,9.9466,0.02971,0.051427,0.036239
0.143,0.0395,9.8383,0.037171,0.037704,0.049162
0.0993,0.0715,9.97,0.074209,0.036771,0.063417
0.0514,0.0542,9.8782,0.052226,0.059287,0.042634
0.1209,0.0221,9.8142,0.035306,0.016121,0.037171
0.1453,0.1066,9.8893,0.043566,0.044899,0.01279
0.1006,-0.0054,9.8821,0.03837,0.043566,0.01772
0.0632,-0.0699,9.9503,0.044899,0.03384,0.022916
0.0767,0.1927,9.6892,0.054891,0.043566,0.041834
0.0701,0.0978,9.8001,0.049029,0.033041,0.0023981
0.0702,-0.0896,9.7144,0.054225,0.045032,0.026113
0.2355,-0.0533,9.6532,0.033041,0.060886,0.020384
0.0041,0.0052,9.6864,0.027312,0.036239,0.028245
0.1524,-0.1446,9.5681,0.029177,0.016654,0.051693
0.0751,-0.0738,9.6857,0.046098,0.054091,0.024648
0.0129,-0.0071,9.6772,0.031709,0.049295,0.04703
-0.007,0.1605,9.8243,0.014122,0.050228,0.03051
-0.0153,0.1686,9.7482,0.041301,0.069546,0.039303
-0.0064,0.1981,9.7387,0.032508,0.028112,0.054358
-0.1241,-0.1204,9.8818,0.042767,0.019585,0.033574
-0.0047,-0.0782,9.8664,0.014389,0.031309,0.013456
0.0421,-0.0598,9.9289,0.026779,0.035039,0.0013323
0.1081,-0.0178,9.5951,0.037571,0.052493,0.025047
0.1665,-0.1278,9.8831,0.027179,0.031176,0.034107
0.0864,-0.1044,9.8023,0.036638,0.065816,0.044499
-0.0928,0.042,9.8379,0.051027,0.033574,0.042634
-0.1763,0.1214,9.6645,0.02518,0.049428,0.061419
0.0117,-0.0179,9.6564,0.018785,0.035572,0.034373
0.0772,0.0756,9.8696,0.035439,0.058488,0.028112
-0.1359,0.1585,9.8435,0.0046631,0.030643,0.02518
-0.0687,-0.0283,10.085,0.04743,0.049295,0.087932
-0.0288,0.0465,9.8017,0.037971,0.010658,0.041435
-0.1129,0.31,9.725,0.021317,0.041967,0.039569
0.1389,0.3443,9.7535,0.044232,0.015188,0.023715
0.0637,-0.0513,9.6818,0.037837,0.032242,0.02598
0.0016,0.1283,9.7349,0.014655,0.055957,0.017187
0.0029,-0.0066,9.9351,0.053958,0.015988,0.041568
-0.0493,-0.1597,9.687,0.034906,0.052759,0.035572
-0.122,-0.1011,9.8167,0.032908,0.046364,0.048362
0.18,-0.0142,9.8843,0.0049295,0.073676,0.02145
-0.0153,-0.2237,9.8992,0.019185,0.061819,0.037038
-0.0223,-0.0476,9.8325,0.045298,0.080071,0.059287
-0.0048,0.1692,9.792,0.031842,0.035839,0.052093
-0.0491,0.0625,9.8536,0.02598,0.059154,0.047163
-0.0646,0.1874,9.7501,-0.0058621,0.0433,0.041701
0.0708,0.0738,9.5583,0.0075941,0.053825,0.074209
-0.0307,0.0802,9.6248,-0.0074609,0.0039969,0.051294
-0.0687,0.1163,9.9093,0.038104,0.045032,0.081803
-0.1065,0.2028,9.8742,0.013856,0.033307,0.047163
-0.0394,0.0431,9.7932,0.05156,0.041967,0.046098
0.1328,0.1037,9.4602,0.0082603,0.03424,0.035706
0.1163,0.221,9.5692,0.01239,0.023981,0.019452
-0.0358,0.0299,9.8611,0.016254,0.069146,0.031576
-0.0034,0.0481,9.7389,0.02598,0.068081,0.042234
0.061,-0.1156,9.783,0.025047,0.062885,0.066349
0.142,-0.163,9.8465,0.043699,0.051826,0.015854
-0.0656,-0.3392,9.9695,0.035839,0.035306,0.0094593
-0.2343,-0.087,9.9496,0.043033,0.044232,0.026779
-0.2127,0.1641,9.9422,0.052493,0.042101,0.04783
-0.0313,0.0542,10.038,0.037971,0.017187,0.029044
0.066,-0.1203,9.7087,0.042367,-0.0047963,0.029577
0.1657,-0.1485,9.8336,0.01772,0.058621,0.02518
0.1686,-0.1282,9.8946,0.024115,0.070345,0.042634
-0.1045,-0.1292,9.6618,0.03424,0.029044,0.023981
-0.0203,-0.118,9.7491,0.026779,0.025713,0.049828
-0.0222,-0.1795,9.8205,0.036638,0.0058621,0.017453
0.2062,0.0159,9.7366,0.050627,0.022649,0.020118
0.1157,-0.0212,9.6772,0.011857,0.028245,0.041568
0.0092,0.2169,9.7616,0.047963,0.041701,0.061952
0.1426,0.1539,9.9296,0.041168,0.028112,0.016387
0.1151,0.1139,9.866,0.054491,0.017853,0.024248
-0.0571,-0.1687,9.8709,0.078339,0.044099,0.020118
0.0351,-0.0665,9.838,0.044232,0.056223,0.041834
0.0012,-0.0064,9.6486,0.014922,0.05529,0.037837
-0.2,-0.0999,9.6676,0.037837,0.075008,0.0083935
-0.0946,0.0844,9.6259,0.042101,0.05982,0.035572
-0.2131,0.1175,9.8237,0.046364,0.063018,0.043566
-0,0.0491,9.6191,0.063817,0.019452,0.046897
-0.111,0.3068,9.6588,0.037171,0.026912,0.033441
-0.036,0.1843,9.6199,0.057689,0.047563,0.045831
0.1765,0.0268,9.8512,0.030643,0.040369,0.033974
0.2438,0.27,9.8757,0.067548,0.0091929,0.050627
0.1092,0.0512,9.8799,0.043433,0.022116,0.028911
-0.1051,-0.041,10.003,0.028378,0.05116,0.01319
0.079,-0.0782,10.02,0.032108,0.01692,0.040102
-0.0317,-0.0353,9.8953,0.0429,0.03424,0.032242
-0.0678,0.2604,9.7093,0.058355,0.043167,0.018919
0.0749,0.0424,9.596,0.045964,0.052093,0.044232
0.3454,0.102,9.6702,0.052359,0.038637,0.048629
0.0743,0.0402,9.8625,0.0071944,0.040635,0.053558
0.1394,-0.0208,9.9833,0.0038637,0.016787,0.032908
0.1478,0.1207,9.8968,0.024914,0.011191,0.0425
0.2323,0.2005,9.8191,0.019318,0.035839,0.018119
-0.0232,-0.1561,9.7389,0.010525,0.039036,0.019318
0.0308,-0.28,10.068,0.026912,0.05609,0.035972
-0.0041,-0.1207,9.9888,0.039703,0.015988,0.026513
-0.0523,-0.0697,9.8005,-0.011325,0.010792,0.038503
-0.0699,-0.0455,10.024,0.023448,0.050627,0.027046
-0.1784,-0.0404,9.9321,0.014389,0.040902,0.081936
-0.322,-0.1411,9.8872,0.023182,0.031709,0.022383
-0.1074,-0.1795,9.9849,0.017053,0.023049,0.035972
0.0547,-0.0214,9.93,0.01772,0.0087932,0.044632
0.1969,-0.028,9.7547,0.041435,0.040902,0.056356
0.0919,0.0604,9.7774,0.057289,0.031176,0.017986
-0.0258,-0.0311,9.7184,0.061952,0.036239,0.035039
-0.3295,0.0043,9.5437,0.023182,0.042367,0.030643
-0.2567,-0.0385,9.735,0.042367,0.032375,0.048362
-0.1446,-0.0444,9.8919,0.016254,0.051294,0.018652
-0.063,0.0301,10.032,0.041435,0.018785,0.031176
-0.1692,0.1111,10.024,0.05569,0.053425,0.024381
-0.1128,0.0336,9.7741,0.029044,0.045431,0.036905
-0.1377,-0.1456,9.7886,0.048895,0.0045298,0.02185
-0.2195,-0.1669,9.6903,0.024514,0.015854,0.034906
-0.3517,0.0951,10.044,0.050894,0.019851,0.01279
0.0914,0.0168,9.8666,0.033974,-0.0022649,0.0085267
-0.0845,-0.0056,9.7923,0.048362,0.0014655,0.03424
-0.0108,-0.0029,9.9154,0.02185,0.035306,0.062352
-0.0915,-0.0142,9.6471,0.024381,0.012257,0.059421
-0.0623,0.0779,9.6947,0.036905,0.036771,0.084601
0.0093,-0.0321,10.05,0.034373,0.018519,0.06475
0.2509,-0.0378,9.9813,0.018785,0.025047,0.057955
0.1006,-0.1057,10.071,-0.00053292,0.010658,0.029044
-0.0025,0.0097,9.8809,0.030643,0.052359,0.030376
-0.0141,0.095,9.9231,0.05156,0.053292,0.025713
-0.076,0.094,9.8038,0.061952,0.055024,0.01732
0.0009,-0.0692,9.5836,0.032242,0.049428,0.018652
-0.1169,-0.1038,9.8522,0.056356,0.040502,0.0045298
-0.0145,0.1559,9.7402,0.024514,0.0083935,0.018253
-0.0122,0.0692,9.7661,0.028644,0.008127,0.02518
-0.0549,0.1574,9.7744,0.017053,0.035439,0.035439
-0.0586,0.2042,9.6342,0.036105,0.059953,0.030643
-0.0829,0.3924,9.7018,-0.0023981,0.013323,0.026513
-0.1612,0.4286,9.4721,0.0023981,0.020517,0.033974
-0.0489,0.219,9.7475,0.037971,0.036239,-0.0023981
-0.1063,0.1745,9.6411,0.037971,0.070479,0.009859
0.0009,-0.014,9.8463,0.045032,0.057822,0.010792
-0.0123,-0.0553,9.8076,0.049562,0.015988,0.037171
-0.1649,0.0842,9.7904,0.023315,0.0073276,0.011058
-0.2227,-0.0042,9.8353,0.0037304,0.032508,-0.010525
-0.2318,0.0462,10.101,0.030376,0.03011,-0.010658
-0.1819,-0.16,9.839,0.0087932,0.02145,0.012524
-0.3304,-0.0909,9.5082,0.014655,0.043167,0.0099922
0.1246,0.0271,9.7342,0.0086599,0.067814,0.030376
0.0576,0.078,9.5456,0.038903,0.06395,0.019585
0.1464,0.1188,9.7567,0.030776,0.044366,0.044632
-0.0723,0.127,9.8591,-0.0015988,0.048362,0.041035
-0.2604,0.1956,9.5546,0.0429,0.018253,0.052093
-0.0775,0.0836,9.8036,-0.0013323,0.045431,0.035839
-0.046,0.0802,9.635,-0.027046,0.022782,0.042234
0.0083,0.2512,9.5842,0.053692,0.061819,0.05529
-0.059,0.124,9.7835,0.044232,0.071145,0.017586
0.0406,0.1272,9.8812,0.05569,0.07261,0.019318
0.2333,-0.0106,9.712,0.028911,0.024781,0.046231
0.0363,0.1039,9.8397,0.018386,0.03051,0.034373
0.0247,0.1516,9.8798,0.02638,0.0062618,0.029977
0.1573,0.1005,9.7928,0.036505,0.039703,0.03837
-0.0273,-0.0058,9.8505,0.023715,0.069946,0.035972
-0.0711,-0.0095,9.7102,0.033441,0.006928,0.025713
0.0065,-0.0717,9.8486,0.045831,0.033041,0.027445
-0.134,-0.0258,9.6411,0.037571,0.050228,0.050627
-0.0562,0.1021,9.8586,0.044099,0.039569,0.036372
-0.1869,0.0602,9.9698,0.035972,0.053825,0.029977
-0.3045,0.2281,9.7959,0.0073276,0.038237,0.060886
-0.1143,0.0755,9.6944,0.059154,0.066482,0.030243
0.0291,0.1466,9.671,0.062751,0.033441,0.036905
-0.0007,0.123,9.8439,0.045565,0.036505,0.056223
0.003,0.2265,9.8575,0.069946,0.041035,0.017986
-0.0116,-0.0144,9.7823,0.050761,0.017053,0.035439
-0.1281,0.0552,9.5913,0.037571,0.061019,0.039036
-0.2325,0.0571,9.8191,0.033041,0.046231,0.0091929
0.0077,-0.155,10.049,0.048496,0.050228,0.039703
0.1395,-0.2085,10.034,0.048762,0.04783,0.035706
0.2487,-0.3119,9.9637,0.030776,0.046497,0.074076
0.2005,0.2433,9.7293,0.087799,0.032375,0.057422
0.1139,0.2948,9.918,0.075808,0.016654,0.042101
-0.0784,-0.0631,9.8052,0.042367,0.040502,0.045964
-0.0184,-0.0213,9.6201,0.04663,0.040235,0.037571
-0.1407,0.0762,9.6524,0.017986,0.027445,0.034906
-0.1914,-0.1669,9.7172,0.045831,0.037171,0.068347
0.0572,0.0784,9.7783,0.033574,0.028112,0.040502
-0.0973,0.0682,9.7994,0.0039969,0.032108,0.023448
0.0138,-0.005,9.8189,-0.020118,0.037038,0.062085
0.0496,0.0222,9.7959,0.039836,0.061552,0.033974
0.0922,-0.0763,9.9215,0.0425,0.027445,0.047297
-0.0578,-0.0112,9.7308,0.074476,0.0095926,0.039436
0.1211,-0.0903,9.8825,0.049029,0.025713,0.034773
-0.1406,-0.0244,9.7558,0.035572,-0.0022649,0.034373
-0.0111,-0.2603,9.8282,0.022116,0.023315,0.043033
-0.2401,0.0229,9.7112,0.034507,0.059687,0.0082603
0.018,0.1517,9.8551,0.048629,0.03917,0.032242
0.1189,0.2086,9.8731,0.050228,0.0085267,0.037971
0.2249,0.1551,9.9026,0.01732,0.015854,0.040902
0.0722,0.1222,9.7747,0.02185,0.028511,0.036105
-0.0674,-0.0082,9.958,0.046497,0.026246,0.037171
-0.0595,-0.0546,9.7566,0.015455,0.078339,0.0018652
0.0007,0.0246,10.036,0.019052,0.064483,0.03384
-0.0175,0.0759,9.6526,0.040235,0.055823,0.034507
-0.3342,-0.1239,9.9651,0.034906,0.024781,0.051693
0.0504,-0.0858,9.8215,0.03464,0.060753,0.08127
0.229,-0.1928,10.025,0.024514,0.029577,0.061819
0.219,-0.2396,9.8924,-0.0022649,0.009859,0.039036
0.0963,-0.1361,9.7699,0.035572,0.022649,0.029977
0.0937,-0.0343,9.8871,0.005196,0.047563,0.019318
-0.1204,-0.0675,9.8962,0.033307,0.045964,0.0058621
0.1871,0.0135,9.7698,0.033307,0.050894,0.015188
0.0391,0.2831,9.6875,0.030243,0.040902,0.022916
-0.1831,0.2201,9.6797,0.0026646,0.049828,-0.0035972
0.0388,0.0622,9.7762,0.029577,0.043966,0.029844
0.0951,0.1784,9.7768,0.020651,0.04703,0.013856
0.0694,0.0085,9.9023,0.037704,0.049961,0.055157
0.004,0.1609,9.963,-0.0035972,0.044899,0.03837
0.0384,0.0155,9.8357,0.037971,0.029044,0.029577
0.1048,0.1676,9.8184,0.017986,0.022116,0.061819
0.0596,-0.0096,9.886,0.055424,0.03011,0.024248
-0.1211,0.2165,9.8643,0.033441,0.006395,0.034107
-0.113,0.1689,9.6675,0.031176,0.01692,0.031709
0.0363,0.0227,9.6685,0.011591,0.031842,0.036105
-0.0091,0.1798,9.8225,0.011458,0.024381,0.047963
0.0207,0.1179,9.87,-0.014122,0.027579,0.02598
-0.0429,-0.0494,9.8264,-0.0033307,0.020784,0.020251
-0.1313,-0.0249,9.7619,0.026912,0.023981,0.018119
-0.1112,-0.2184,9.7561,0.027579,0.055424,0.0054624
-0.1319,-0.0549,9.9303,0.037571,0.043033,0.037971
-0.0316,0.0021,9.8174,0.061952,0.013723,0.054758
0.055,0.0796,9.7426,0.0019985,0.048096,0.083802
0.2017,0.0261,9.8248,0.049428,0.040635,0.059021
0.2474,-0.091,9.7762,0.062085,0.03877,0.051027
-0.048,0.2252,9.9466,0.037171,0.055557,0.057022
-0.1342,0.0268,10.111,0.024248,0.032375,0.0027978
-0.1131,0.0629,9.8648,0.019452,0.019452,0.045032
0.0681,0.2513,9.9817,0.033307,0.061286,0.036239
-0.2655,0.1792,9.8886,0.041035,0.058088,0.04663
-0.276,0.1944,9.9398,0.067414,0.037171,0.042767
-0.1517,0.0128,9.8578,0.025314,0.046364,0.040635
-0.026,0.0148,9.7951,0.03464,0.017453,0.046364
-0.0186,-0.135,9.8054,0.03837,0.019851,0.032641
-0.1932,0.1339,10.01,0.035306,0.028112,0.052759
-0.1388,0.1648,9.886,0.021184,0.03051,0.03464
0.0245,0.1561,9.9463,0.00026646,0.039836,0.029044
0.0637,-0.0812,9.8248,0.0047963,0.027312,0.019984
0.1914,-0.0168,9.9845,0.030909,0.050761,0.072344
0.3435,-0.0168,9.8634,0.020384,0.024248,0.034507
0.0503,-0.1859,9.619,0.041967,0.060753,0.026113
0.0417,-0.0874,9.7055,0.038637,0.03384,0.038903
0.0841,-0.0035,9.7297,0.056223,0.069679,0.024781
0.1514,-0.1254,9.8171,0.0045298,0.058355,0.045032
-0.1121,-0.1227,9.7489,0.017586,0.022516,0.03011
-0.0902,0.1038,9.5943,0.025314,0.0070612,0.0026646
-0.1924,0.1251,9.6597,0.01319,0.025713,0.027445
-0.177,-0.1446,9.7689,0.011325,0.006395,0.042367
-0.0306,-0.1216,9.7915,0.039436,0.013323,0.050894
-0.0926,-0.1361,9.8842,0.024514,0.045565,0.033974
-0.1633,-0.1384,9.8572,0.022916,0.025314,0.023049
-0.2143,-0.0514,9.8724,0.040902,0.026912,0.051294
0.0183,-0.0802,9.8874,0.066082,0.0429,0.037171
0.033,0.0715,9.8225,0.040768,0.041435,0.023315
0.0715,-0.0228,9.8279,0.03917,0.032775,0.031842
0.0108,-0.0463,10.036,0.044499,0.024248,0.014922
0.0046,0.1226,9.9028,0.041301,0.0065283,0.055557
-0.1546,-0.0779,10.051,0.006395,0.052493,0.028112
-0.0832,-0.2106,9.8658,0.033041,0.029577,0.042634
-0.0365,-0.2673,9.6146,0.035839,0.037704,0.028378
-0.0153,-0.0839,9.8294,0.073809,0.027046,0.0086599
-0.2095,-0.0413,9.6444,0.021716,0.062485,0.03464
-0.1033,0.0304,9.919,0.025047,0.037837,0.046764
-0.0564,-0.0849,9.8203,0.027712,0.035972,0.066082
-0.0605,0.1262,9.7976,0.016521,0.065682,0.067814
-0.0552,0.274,9.8691,-0.010259,0.028911,0.041701
-0.1836,0.2473,9.9147,0.0057289,0.058355,0.027712
-0.1063,0.2225,9.847,0.041967,0.023049,0.017187
-0.0494,-0.0126,10.019,0.017453,0.017986,0.0039969
-0.1199,0.0028,9.7527,0.028778,0.036239,0.057822
-0.1852,0.1342,9.8843,0.016654,0.041967,0.051294
-0.2228,0.2032,9.7462,0.022649,0.067814,0.055557
0.071,0.0576,9.8834,0.037571,0.087799,0.036372
0.1129,-0.123,9.9762,0.033307,0.062618,0.040768
-0.0238,0.0099,10.041,0.05156,0.022116,0.029844
-0.1236,0.0629,9.9084,0.063018,0.029177,0.023448
-0.0969,0.1701,9.9118,0.071145,0.054225,0.047696
0.0119,0.1337,9.8519,0.037971,0.01772,0.051826
0.043,0.1589,9.8358,0.024514,0.016654,0.016254
-0.0463,0.1498,10.022,0.042234,0.022116,0.03464
0.2022,0.0017,9.9312,0.054358,0.03051,0.018519
0.1105,0.0117,9.8683,0.029044,0.015055,0.040502
0.2431,0.04,9.9503,0.014789,0.057555,0.031576
0.0952,-0.0205,9.9261,0.053159,0.049428,0.046497
0.0738,0.0689,9.8629,0.041168,0.064483,0.035706
0.0943,-0.0633,9.6911,0.04703,0.043033,0.039836
-0.0742,0.0969,9.833,0.053292,0.0053292,-0.01319
-0.0928,-0.1395,9.9766,0.0433,0.025847,0.019318
0.1339,0.0838,9.9199,0.04783,0.0033307,0.034373
0.2314,-0.1315,9.9397,0.025314,0.048362,0.060087
0.0783,0.1311,9.8591,0.054758,0.057555,0.040102
0.153,-0.0578,9.6966,0.024648,0.025047,0.04783
0.0023,-0.0013,9.816,0.026779,0.055823,0.032508
0.0764,0.0132,9.8089,0.027978,0.033574,0.027579
0.1477,-0.1472,9.7126,0.014522,0.022116,0.023182
0.1721,-0.0402,9.749,0.051693,0.046364,0.055957
0.0499,-0.0475,9.6616,0.045698,0.037704,0.054225
-0.085,-0.0928,9.9333,0.031975,0.041967,0.053292
-0.0424,-0.0597,9.8728,0.060353,0.023182,0.049695
-0.0451,0.1466,9.7731,0.04663,0.064084,0.046897
-0.0365,-0.0134,9.8026,0.055424,0.025314,0.033307
-0.1308,-0.0307,9.8795,0.049029,0.03011,0.047563
-0.0828,0.0644,9.6222,0.038637,0.046897,0.053825
-0.0905,-0.2144,9.8111,0.036771,0.07714,0.036239
-0.1338,-0.0447,9.8838,0.048895,0.029044,0.049695
-0.0445,0.099,9.7877,0.0433,0.013057,0.036372
-0.0114,-0.1205,9.995,0.011724,0.022649,0.060753
-0.1176,0.0185,9.8124,0.058088,0.011458,0.019185
-0.0865,-0.0948,10.09,-0.0054624,-0.010792,0.048496
-0.0649,0.0877,9.8174,0.035439,0.035439,0.039436
0.1671,0.1226,9.7107,0.050494,0.031043,0.037171
0.0745,0.1329,9.6395,0.040102,0.01692,0.019452
0.0182,-0.212,9.7995,0.049295,0.031043,0.015854
0.2041,-0.0803,9.8964,0.050094,0.054624,0.0054624
-0.002,-0.1457,9.9109,0.055957,0.057555,0.023448
0.016,-0.0039,9.6473,0.036239,0.052359,0.047563
-0.0808,0.2159,9.7107,0.031975,0.03464,0.014655
0.1614,0.1224,9.6278,0.032508,0.03424,0.055024
-0.1776,0.0717,9.7554,0.030243,0.049961,0.030376
-0.2056,0.1925,9.7679,0.043566,0.057289,0.025447
-0.1272,-0.0425,9.6451,0.041035,0.062352,0.040102
-0.1028,0.0682,9.5886,0.037837,0.04743,0.035572
-0.0749,-0.0019,9.7038,0.026646,0.018519,0.024115
-0.1521,0.0111,10.004,0.023315,0.036505,0.04663
-0.0079,-0.005,9.7655,0.00066615,0.057555,0.032108
0.1673,0.1318,9.8017,0.058621,0.036771,0.017853
0.0316,0.1037,9.9296,0.019718,0.041967,0.04743
-0.0569,-0.1871,9.9079,0.0045298,0.049162,0.044366
-0.0228,0.2359,9.9677,0.012923,0.035706,0.063151
0.0073,0.0811,9.8192,0.003464,0.038903,0.03917
0.0892,0.2766,9.921,0.040768,0.041435,0.046764
0.0221,-0.2002,9.9712,0.055957,0.0037304,0.056756
0.013,-0.1245,9.8098,0.014922,0.02518,0.063284
-0.0364,-0.2615,10.026,-0.0077273,0.015721,0.01279
-0.0093,-0.1245,9.853,0.024248,0.020784,0.06022
-0.1723,-0.0609,9.8911,0.02971,0.047563,0.047163
-0.0169,-0.174,9.9574,0.031576,0.066482,0.052226
-0.052,-0.2746,9.8468,0.0086599,0.049961,0.034107
-0.2262,-0.2691,9.8476,0.050228,0.045698,0.038637
0.244,-0.1853,9.7772,0.035572,0.02105,0.051826
0.0589,-0.2525,9.7809,0.035706,0.018519,0.039436
0.0666,-0.0514,9.713,0.055024,0.023582,0.040635
-0.172,0.014,9.702,0.036105,0.023315,0.040902
-0.0347,0.007,9.5386,0.045565,0.05529,0.0029311
0.0598,0.0574,9.7391,0.036239,-0.0074609,0.042634
-0.0197,-0.1013,9.9004,0.031842,-0.0065283,0.025847
-0.0454,-0.199,9.8123,0.044499,0.036105,0.059554
0.0566,-0.0909,9.8227,0.0057289,0.026779,0.048362
0.0525,-0.0591,9.8845,0.016121,0.031043,0.044499
-0.0992,0.0267,10.045,-0.0019985,0.02185,0.037837
0.0607,0.0488,9.7305,0.068347,0.041701,0.050494
0.0802,-0.0629,9.7277,0.066349,0.052493,0.021983
0.1706,-0.0675,9.7445,0.031176,0.052359,0.0031975
-0.0241,-0.0783,9.4917,0.028911,0.047163,0.0038637
0.1385,-0.0169,9.7498,-0.0090596,0.036638,0.021983
-0.0767,-0.2312,9.5413,0.052626,0.0055957,0.031442
-0.0487,-0.0324,9.5327,0.034773,0.016121,0.039036
-0.072,-0.2054,9.6733,0.060087,0.040235,0.031576
-0.0989,-0.124,9.6855,0.020917,0.010792,0.035306
-0.0074,-0.2955,9.7209,0.021184,0.039436,0.019585
-0.0595,-0.2054,9.5032,0.030909,0.054091,0.020384
0.0116,0.0983,9.7184,0.068613,0.058888,0.031709
-0.0398,0.1704,9.664,0.051027,0.049828,0.031442
-0.0253,0.0492,9.9457,0.013323,0.027312,0.0073276
0.0181,-0.1675,9.5156,0.001732,0.012923,0.0035972
0.1275,-0.0782,9.9062,0.0429,0.045698,0.023315
-0.0576,-0.0764,9.7354,0.05609,0.0066615,0.019585
-0.0735,-0.0442,9.7382,0.022916,0.020251,-0.0046631
-0.0987,-0.0195,9.7752,0.011191,0.031842,0.05156
0.0628,-0.1241,9.9398,0.033574,0.044499,0.069679
0.1256,-0.0702,9.7838,0.043966,0.053558,0.069679
0.0617,-0.0657,9.751,0.033441,0.02145,0.052759
-0.0896,0.0122,9.9789,0.014122,0.040502,0.027712
0.0179,-0.2374,9.8523,0.037971,0.06435,0.024248
0.2121,0.0695,9.7466,0.030643,0.039969,0.01692
0.1316,0.114,9.7413,0.048362,0.037837,0.026912
0.0161,-0.1296,10.075,0.02558,0.040902,0.02105
-0.034,0.081,10.044,0.014389,0.049029,0.03011
0.0374,-0.1802,9.9757,0.033174,0.046231,0.021317
-0.1819,0.1872,9.8586,-0.0033307,0.023848,0.018253
0.0945,0.0839,9.8346,0.025847,0.048895,0.04703
0.0371,0.0922,9.9208,0.044366,0.043033,0.036905
-0.094,0.2443,9.8259,0.039969,0.036105,0.034107
0.1616,-0.1453,9.7591,0.017053,0.023981,0.042101
0.0174,0.0578,9.8806,0.043966,0.023848,0.061952
-0.0817,-0.0165,9.8199,0.055823,0.034373,0.037171
-0.0233,0.0941,9.5901,0.057156,0.0086599,0.035306
-0.1027,0.0288,9.9873,0.058355,0.034107,0.03011
-0.1248,-0.0975,9.8659,0.043167,0.03877,0.03011
-0.0873,0.1041,9.7193,0.05156,0.042367,0.052626
0.0415,0.0827,9.8435,0.074742,0.022782,0.011325
-0.0683,0.0409,9.8817,0.066349,0.032641,0.024514
-0.3177,0.2068,9.867,0.040902,0.0085267,0.027046
-0.0395,0.2206,10.073,0.036771,0.078472,0.035439
0.1115,0.014,10.076,0.019318,0.051427,0.022649
-0.0712,0.1571,10.064,0.014655,0.051826,0.029044
-0.1545,-0.0652,9.7726,0.0094593,0.041168,0.020384
0.1611,0.12,10.023,0.02558,0.022649,0.059687
0.0309,-0.1237,9.7249,0.040369,0.054891,0.066215
0.1245,0.1889,9.82,0.03877,0.036239,0.04663
0.114,0.0463,9.7867,0.011591,0.06435,0.062352
0.0637,-0.018,9.7818,0.034507,0.051294,0.025713
0.0944,0.1159,9.646,0.03384,0.054358,0.045698
0.08,-0.0147,9.7705,0.02598,0.025047,0.03464
0.0749,0.0846,9.7658,0.030376,0.035972,0.016787
0.1539,0.0061,9.8401,0.035039,0.016787,0.022916
0.1693,0.2065,9.8096,0.039569,0.04783,0.025314
-0.2179,0.1015,9.7565,0.03051,0.03464,0.048762
-0.1322,0.0826,9.8689,0.025047,0.012923,0.061153
-0.0795,-0.042,9.7925,0.022516,0.061286,0.053958
-0.1692,0.2613,9.8795,0.044099,0.045565,0.056889
-0.0399,0.1511,9.8002,0.032242,0.065816,0.016521
-0.0796,0.0304,9.7086,0.04663,0.019185,0.015455
0.3204,-0.1159,9.9218,0.069146,0.053825,0.018386
0.1881,-0.034,9.7321,0.028644,0.037438,0.026246
0.1596,-0.2503,9.6548,0.057955,0.032242,0.049695
0.2405,-0.1702,9.7834,0.045165,0.049428,0.026912
0.1049,-0.1649,9.7328,0.019185,0.063817,0.0075941
-0.0814,-0.1299,9.9508,0.036105,0.024381,0.035572
0.1604,-0.0808,9.9293,0.020118,0.030376,0.021983
0.0397,0.0986,9.8129,0.05196,0.047696,0.029044
-0.1284,0.1188,9.8471,0.059287,0.029311,0.024648
-0.1359,0.028,9.9105,0.06395,0.050094,0.024781
-0.2725,-0.2609,9.7859,0.051693,0.043699,0.010125
-0.2053,-0.0974,9.6869,0.048762,0.028778,0.046497
-0.0169,0.0584,9.6763,0.060353,-0.001732,0.031842
-0.2058,0.0406,9.7689,0.069813,0.031043,0.037304
0.0026,0.1685,9.9028,0.042234,0.043167,0.021583
-0.0295,-0.0517,9.9351,0.039436,0.038637,0.023182
-0.0305,-0.2549,9.8752,0.036372,0.080471,0.044632
-0.1055,-0.0896,9.876,0.026912,0.044366,0.034773
0.1085,-0.3726,9.853,0.023582,0.061952,0.052493
0.02,-0.0375,9.7949,0.051294,0.040635,0.046098
0.2027,0.0498,9.7502,0.053958,0.052626,0.048762
0.0684,-0.1607,9.7819,0.042101,0.023182,0.049961
-0.2826,0.0152,9.8548,0.024648,0.047696,0.035706
-0.2118,0.0537,9.9303,0.015721,0.010392,0.02145
-0.083,0.1483,9.836,0.036505,0.043833,0.043699
0.1386,0.1434,9.7385,0.021583,0.023315,0.054758
0.0609,0.0168,9.6326,0.034773,0.043566,0.03917
0.0587,-0.1576,9.9662,0.018386,0.00026646,0.016787
0.1894,-0.2445,10.072,0.039836,0.0093261,0.02105
0.0873,0.0005,9.9487,0.02598,0.0041301,0.04743
0.0885,-0.0448,9.999,0.045165,0.0094593,0.026912
-0.1022,-0.1416,9.7677,0.024514,0.034107,0.023715
-0.2468,0.1377,9.9341,0.04783,0.041168,0.051826
0.0559,-0.0593,9.7831,0.001732,0.02145,0.039569
-0.0482,0.0529,9.7843,0.036638,0.03464,0.036771
0.077,-0.02,9.9317,0.020384,0.03917,0.060353
0.0127,0.1196,10.053,0.0093261,0.034906,0.05196
0.0676,-0.2001,10.048,0.054091,0.026646,0.050761
0.093,0.0443,9.8513,0.026912,0.058488,0.033574
-0.019,0.0066,9.971,0.044499,0.054091,0.032375
-0.0064,0.0747,10.074,0.033174,0.015988,0.023848
-0.0836,-0.0371,9.9847,0.041701,0.042634,0.034107
-0.2709,0.0397,9.9329,0.026912,0.01692,0.032508
-0.1057,0.0211,9.9751,0.025314,0.022516,0.063284
-0.1038,-0.1175,9.8347,0.03011,0.011191,0.029977
-0.1766,-0.0012,9.6646,-0.005196,0.037971,0.041834
-0.0452,-0.0984,9.3569,-0.00026646,0.047696,0.041834
-0.0085,-0.0864,9.5927,0.015721,0.034373,0.040369
0.102,-0.0136,9.6579,0.035439,0.053958,0.033707
0.1719,0.209,9.849,0.013057,0.064617,0.053825
0.0674,0.0908,9.7849,0.048762,0.048496,0.029311
0.2944,0.0037,9.8892,0.012923,0.033574,0.025047
0.1389,0.1618,9.7863,0.036372,0.053692,0.02971
0.2553,0.1367,9.8519,0.044232,0.032508,0.017187
0.066,-0.1283,9.7316,0.040235,0.022516,0.00026646
0.0742,-0.2311,9.928,0.019585,0.018519,0.044765
0.0175,-0.1331,9.8376,0.024381,0.025713,0.027312
-0.1515,-0.1271,9.7283,0.024781,0.008127,0.03837
0.0636,0.0613,9.9516,0.051027,0.0425,0.045831
0.0022,-0.1302,9.8864,0.052359,0.0090596,0.053958
0.043,-0.2519,10.04,0.041701,-0.0074609,0.022916
0.0466,-0.1526,10.102,0.034906,0.040235,0.049428
-0.1262,-0.0137,9.9282,0.027046,0.01732,0.042101
0.2072,-0.0463,9.7788,0.015721,0.014655,0.0078606
0.1558,0.1164,9.5152,0.032108,0.051693,0.031442
0.0183,0.1081,9.7101,0.055823,0.048762,0.045831
0.0034,-0.0288,9.657,0.06888,0.02971,0.090596
-0.0793,0.1627,9.6384,0.048496,0.037971,0.053692
-0.1124,0.0236,9.7321,0.064617,0.043966,0.032508
-0.1722,0.0222,9.827,0.028778,0.028778,0.046897
0.057,-0.0148,9.6978,0.027978,0.031442,0.020118
-0.0384,-0.0549,9.7361,0.048629,0.03424,0.070079
-0.0174,-0.2236,9.7137,0.02598,0.060353,0.029311
-0.1436,-0.0471,9.7982,0.019851,0.022116,0.023315
0.2219,-0.0659,9.6464,0.050494,0.031975,0.031842
-0.0497,0.0604,9.6843,0.031709,0.024648,0.011991
-0.2576,-0.0435,9.9015,0.042234,0.03384,0.02105
0.0365,-0.1006,10.114,0.041168,0.069679,0.042767
0.0025,0.0109,9.927,0.076074,0.066881,0.032508
0.0662,0.1211,9.593,0.046897,0.038237,0.03917
-0.1358,0.0738,9.7102,0.039303,0.0066615,0.016121
0.1608,-0.0402,9.8471,0.023448,0.0043966,0.031576
0.0915,0.1336,9.8472,0.050494,0.023448,0.037038
-0.0238,-0.1143,9.7312,0.036372,0.033041,0.018785
0.0461,-0.1691,9.6929,0.051427,0.035439,0.053292
-0.2497,0.0324,9.7124,0.052493,0.027445,0.038104
-0.0375,-0.0174,9.8387,0.055157,0.036105,0.034773
-0.0762,0.0784,9.8192,0.022916,0.019452,0.027312
0.0726,-0.1348,9.9297,0.048362,0.025314,0.037038
-0.148,-0.0894,9.6277,0.06435,0.036372,0.034107
-0.1117,0.0658,9.7197,0.048895,0.022516,0.035572
-0.0259,0.13,9.6781,0.028245,0.028911,0.0433
-0.1535,0.0828,9.87,0.053958,0.038237,0.047696
0.0116,0.1305,9.7848,0.058488,0.01692,0.040369
-0.0442,0.2173,9.8725,0.0433,0.054358,0.031576
-0.032,0.0538,9.7918,0.032641,0.057422,0.040502
-0.0843,0.1612,9.7655,0.033041,0.06888,0.021983
-0.151,0.0298,9.6668,0.055823,0.036372,0.023448
-0.1093,-0.1343,9.6887,0.023182,0.024648,0.055157
-0.0931,-0.2711,9.6964,0.018785,0.030376,0.048496
0.0498,-0.2482,9.8325,0.017453,0.040768,0.057689
0.1331,-0.1446,9.6002,0.02145,0.027579,0.036905
-0.0154,0.1343,9.7099,0.023049,0.063018,0.014256
0.1726,0.3245,9.7825,0.044099,0.036638,0.040902
0.2784,0.1599,9.7784,0.051826,0.029044,0.027978
0.1288,0.2168,9.6505,0.038903,0.020517,0.035439
-0.1523,0.0987,9.6112,0.051027,0.046364,0.032375
-0.0614,-0.1874,9.5946,0.057689,0.02185,0.070345
0.0039,-0.3575,9.7255,0.021583,0.012524,0.052093
-0.0515,-0.0782,9.8578,0.043699,0.035572,0.032508
-0.0675,-0.1123,9.9282,0.027845,0.011591,0.031176
0.025,-0.0786,9.977,0.017453,0.065682,0.01772
0.0514,-0.1506,9.7576,0.032775,0.05156,0.029977
-0.1365,-0.111,9.8457,0.02971,0.019052,0.049295
-0.1888,-0.1977,10.195,0.031043,0.046364,0.0035972
-0.2593,-0.0895,9.8179,0.022916,0.031309,0.039969
-0.0829,-0.2028,9.9499,0.03464,0.027445,0.023848
-0.1533,0.0048,9.8953,0.03917,0.05569,0.043167
-0.292,-0.1023,9.8058,0.038237,0.0425,0.056223
-0.3967,0.1086,9.671,0.021716,0.042767,0.051693
-0.2505,-0.0385,9.6524,0.035839,0.055424,0.058888
-0.0068,-0.1457,9.777,0.087132,0.0087932,0.03384
0.0324,0.0494,9.9403,0.028911,0.041435,0.045165
0.0077,-0.0148,9.6903,0.028511,0.078872,0.054358
0.007,-0.0847,9.8333,0.029311,0.0433,0.043433
0.0167,-0.2264,9.6941,0.044899,0.0035972,0.021583
0.0608,-0.0854,9.9339,0.029044,0.029577,0.035039
-0.0769,0.1379,9.7809,0.019585,0.037837,0.020517
-0.0569,0.0561,9.7935,0.042367,0.014522,0.047297
-0.0725,0.134,9.8885,0.050094,0.0093261,0.053159
-0.0822,0.1486,9.8053,0.02185,0.030243,0.026779
0.0117,0.2579,9.8871,0.046231,0.0082603,0.013057
-0.1717,0.1539,9.662,0.037038,0.018652,0.017053
0.045,0.0904,9.6776,0.0065283,0.03384,-0.0075941
0.0086,0.0758,9.7183,0.016387,0.037971,0.016254
-0.1097,-0.1121,9.751,0.043966,0.051427,0.030376
-0.2415,-0.1121,10.044,0.058222,0.041168,0.06395
-0.014,-0.0494,9.7401,0.011458,0.014122,0.040235
-0.0895,-0.1277,9.71,0.0058621,0.0065283,0.049295
-0.1633,-0.0806,9.8319,0.031442,0.024781,0.057156
-0.0782,-0.0182,9.7975,0.011325,0.034773,0.041568
-0.0681,0.0161,9.6664,0.025713,0.026912,0.020651
0.0106,-0.0282,9.7953,0.036771,-0.0077273,0.043167
0.0268,0.0674,9.738,0.047696,0.068347,0.033707
0.2113,0.1263,9.5826,0.03051,0.044099,0.034373
0.0132,-0.0985,9.6713,0.03464,0.045431,0.022383
0.3075,-0.0536,9.8251,0.0425,0.031309,0.053159
0.064,0.1509,9.8615,0.026113,0.027179,0.046497
0.0025,0.0042,9.9004,0.0014655,0.026646,0.04743
0.0258,0.1206,9.5853,-0.0027978,0.032641,0.027445
-0.1954,-0.1994,9.4842,0.03011,0.0054624,0.053026
-0.1685,0.0698,9.7786,0.050361,0.067414,0.024781
-0.029,0.1407,9.6647,0.036505,0.040235,0.0429
-0.0209,0.032,9.5541,0.029044,0.0045298,0.031709
0.0204,-0.1459,9.5926,0.044099,0.020118,0.041568
0.1702,-0.1231,9.718,0.051693,0.036372,0.028112
0.0069,0.0246,9.9608,0.023582,0.0097258,0.020384
-0.0318,-0.2369,9.9361,0.033174,0.012524,0.054758
-0.1104,-0.115,9.8259,0.041301,0.045831,0.029844
0.0953,-0.0527,9.7094,0.020784,0.037704,0.0078606
-0.0404,0.2088,9.8909,0.019052,0.082336,0.0058621
0.1063,0.1706,9.8707,0.058355,0.045165,0.0015988
0.0023,-0.1664,9.9198,0.078206,0.032375,0.032108
-0.0366,0.1931,9.8209,0.031576,0.042767,0.041435
0.1117,-0.0035,9.7881,0.061019,0.038903,0.047963
-0.121,-0.1966,9.7679,0.040768,0.043566,0.037971
-0.2267,-0.0862,9.5511,0.042634,0.0433,0.055157
0.0192,-0.0848,9.76,0.038104,0.02638,0.0086599
0.0089,0.008,9.9152,0.048895,0.019185,0.020517
0.0181,-0.0352,9.7794,0.032375,0.024781,0.016521
0.0861,-0.0363,9.9412,0.024381,0.035572,0.015055
0.0676,0.0958,9.8083,0.03917,0.035439,0.027445
-0.0262,-0.0515,9.6508,0.019052,0.02185,0.031442
0.0444,0.1738,9.7408,0.064217,0.015188,0.039969
0.0998,0.0576,9.8161,0.064883,0.032108,0.019585
0.1952,0.0941,9.8077,0.079272,0.038903,0.035039
0.1694,-0.159,9.7182,0.046764,0.026646,0.024248
0.0677,0.0116,9.7752,0.053825,0.028511,0.030909
0.1273,0.2353,9.7171,0.019585,0.019452,0.017853
0.1096,-0.0587,9.9945,0.035306,0.034507,0.057689
0.2056,-0.1669,9.8501,0.03464,0.015055,0.0019985
-0.0532,-0.1594,9.7876,0.044765,0.03877,0.022516
0.0146,0.0203,9.6398,0.049562,0.018519,0.033974
0.0816,0.1698,10.008,0.050761,0.0065283,0.023049
0.0169,0.3052,9.961,0.059021,0.035572,0.019718
0.0202,-0.0972,9.9426,0.039969,0.019052,0.048362
-0.1377,-0.2418,9.8565,0.043699,0.029977,0.052759
0.0676,-0.1292,9.6644,0.05196,0.033041,0.023981
0.1236,-0.1808,9.9751,0.029977,0.0433,0.045032
0.0893,-0.0676,9.8131,0.026912,0.050627,0.034107
-0.1319,-0.1863,9.9151,0.02518,0.036239,0.041168
-0.0836,-0.4438,10.003,-0.011724,0.043699,0.040768
0.0096,-0.4922,9.9929,0.026513,0.038104,0.044099
0.0804,-0.0369,9.8265,0.064883,0.053958,0.021716
0.0933,0.048,10.012,0.06928,0.053159,0.033307
0.1317,-0.0006,9.769,0.046497,0.032641,0.0075941
0.0311,0.2414,9.7444,0.051294,0.010658,0.05529
-0.0126,0.0419,9.7239,0.05529,0.029844,0.03424
-0.0491,-0.0747,9.7355,0.031043,0.031709,0.043433
-0.0146,-0.0493,9.5803,0.032375,0.066881,0.05609
-0.0692,-0.0572,9.6849,0.015854,0.014389,0.018919
-0.1005,0.1723,9.801,0.03384,0.025713,0.046231
-0.1895,0.0806,9.8091,0.035706,0.01732,0.027978
-0.0451,-0.0069,9.6387,0.034107,0.049695,-0
-0.0137,0.1213,9.5655,0.038903,0.040635,0.038104
-0.022,-0.0309,9.6941,0.025847,0.065816,0.029444
0.0596,-0.0017,9.7495,0.017187,0.031975,0.015588
-0.127,-0.1967,9.8121,0.045032,0.045298,0.0429
-0.049,-0.0398,9.9374,0.045298,0.026912,0.020118
-0.1099,0.0597,9.9,0.065016,0.027179,0.048096
-0.1275,0.0607,9.7913,0.061019,0.040235,0.035306
-0.1106,-0.0736,9.9823,0.044499,0.030909,0.060087
-0.08,0.064,9.7396,0.048362,-0.0010658,0.035039
-0.1241,-0.0577,9.8122,0.0433,0.0099922,0.03464
-0.1099,0.1392,9.8152,0.034507,0.016787,0.046497
-0.0098,-0.0277,9.7664,0.042767,0.019318,0.024381
0.0567,0.0049,9.7377,0.034773,0.013057,0.015188
0.1021,0.0354,9.729,0.023715,0.035173,0.028644
-0.0404,0.0526,9.6855,0.026246,0.036372,0.02105
-0.0032,0.0945,9.894,0.055424,0.011191,-0.0058621
-0.0761,0.2769,9.746,0.026779,0.024248,0.019851
-0.001,-0.2758,9.804,0.016254,0.048496,0.044232
-0.0951,0.0604,9.7662,0.033441,0.018386,0.020517
-0.2246,0.023,9.6766,0.06435,0.039969,0.042101
-0.1673,-0.1004,10.021,0.026646,0.040635,0.067281
-0.2736,-0.1682,9.8568,0.051427,0.047563,0.031043
0.0055,-0.1394,9.7874,0.023848,0.053159,0.029844
0.0289,-0.0452,9.8056,0.021184,0.062485,0.026513
-0.0047,0.0975,9.5834,0.024781,0.035439,0.054091
0.066,-0.1092,9.9184,0.014522,0.032508,0.032641
0.1606,-0.1169,9.8988,0.01772,0.015321,0.035173
-0.0017,-0.1408,9.7004,0.023582,0.013589,0.037837
0.0607,-0.0405,9.6977,0.027445,0.055957,0.031975
-0.0134,0.0932,9.6979,0.053825,0.0433,0.060353
0.0632,-0.0245,9.6303,0.074609,0.04663,0.022649
0.0618,-0.1143,9.7082,0.036239,0.023981,0.039703
0.1772,-0.0664,9.6958,0.020384,0.02518,0.038503
0.0878,0.0475,9.7186,0.051027,0.023049,0.045431
-0.0701,0.0904,9.6553,0.0023981,0.031842,0.026646
0.0304,0.1166,9.5961,0.0091929,0.018919,0.028778
0.1021,-0.0305,9.6591,0.0029311,0.038903,0.053692
0.0378,0.0653,9.7329,0.037837,0.020384,0.049828
-0.193,0.0331,9.7634,-0.0094593,0.052359,0.040635
0.0586,0.038,9.8219,0.017453,0.043566,0.037171
-0.0571,0.2046,9.7408,0.048762,0.05982,0.03424
0.1271,0.0238,9.739,0.031043,0.025047,0.055024
0.0654,-0.0841,9.7431,0.03837,0.016787,0.031043
-0.1077,0.0545,9.7924,0.040635,0.039836,0.016787
-0.1441,-0.1173,9.9597,0.042634,0.054891,0.056356
-0.2367,0.0778,10.018,0.013989,0.031709,-0.0045298
0.1145,0.1266,9.9593,0.016254,0.060486,0.043833
-0.1868,-0.1661,9.7957,0.0021317,0.042367,0.041834
0.0674,-0.0429,9.8112,0.017053,0.014256,0.013456
0.1242,0.0032,9.8061,0.021983,0.024514,0.029177
-0.0306,-0.0451,9.78,0.042234,0.023848,0.03051
0.1031,0.0184,9.6845,0.041701,0.05196,0.031309
0.1482,0.0843,9.7293,0.01772,0.03384,0.055957
0.0661,-0.0732,9.6709,0.029177,0.023981,0.054758
0.1944,0.0175,9.8742,0.027445,-0.00079938,0.047696
-0.2489,0.0429,9.6656,-0.0059953,0.023582,0.025713
-0.045,-0.1127,9.7046,0.039969,0.01279,0.049695
0.1192,0.2155,9.6982,0.045431,0.043566,0.041435
0.0165,0.2615,9.8398,0.042767,0.0425,0.032108
0.086,0.236,9.5714,0.05116,0.052759,0.031309
0.0086,0.2493,9.5459,0.0433,0.052093,0.057555
-0.0983,0.1317,9.6602,0.022249,0.025047,0.048496
-0.0218,0.2844,9.6868,0.048362,0.032108,0.023182
0.0263,0.2392,9.8001,0.052626,0.044099,0.04663
0.0928,0.1335,9.7014,0.019851,0.040369,0.034906
0.3097,-0.1456,9.7562,0.037971,0.052759,0.017586
0.1522,0.1277,9.7426,0.031176,0.03877,0.019984
0.1004,0.1127,9.941,0.010259,0.01692,0.048096
0.1537,0.2197,9.8654,0.001732,0.044499,0.041168
0.0564,-0.0734,9.7197,0.032508,0.018785,0.039303
0.197,0.0936,9.7427,0.050894,0.033441,0.057555
-0.1324,0.1258,9.7683,0.041834,0.042367,0.037704
-0.0009,-0.0969,9.8977,0.028911,0.037304,0.040635
0.0394,-0.2076,9.8527,0.017853,0.030243,0.023448
-0.0465,0.0369,9.7401,0.010259,0.047163,0.02105
-0.0078,0.0526,9.7072,0.030643,0.045964,0.028911
-0.2547,0.1292,9.7909,0.020651,0.02105,0.027312
0.0678,-0.0295,9.6952,0.035439,0.02971,0.045964
0.2169,0.0736,9.7605,0.054758,-0.0021317,-0.0010658
-0.135,0.0268,9.7884,0.045431,0.0039969,0.029177
-0.071,-0.0029,9.6935,0.03877,0.028245,0.053825
-0.0007,-0.1037,9.7301,0.018386,0.031576,0.047297
-0.0682,-0.0366,9.9107,0.039036,0.049562,0.048496
-0.1332,0.116,9.5973,0.010525,0.060087,0.052626
0.0462,-0.0439,9.6378,0.038637,0.05529,0.02145
0.0365,-0.0476,9.7723,0.022916,0.02145,0.036771
0.0124,-0.3023,9.6574,0.031709,0.048496,0.065149
0.1596,-0.0425,9.7768,0.017453,0.019318,0.055957
0.0771,0.0005,9.859,0.041834,0.026779,0.027579
0.0715,-0.0107,9.7496,0.011325,0.023715,0.014389
0.2791,0.1484,9.9036,0.022649,0.051693,0.067947
-0.0174,0.1503,9.8811,0.056223,0.023182,0.046364
0.0372,0.0362,9.7553,0.037704,0.039969,0.040102
0.0518,0.1282,9.7653,0.050761,0.047563,0.0046631
0.1133,0.0855,9.5648,0.044632,0.014789,0.044232
0.1499,-0.0091,9.9801,0.069679,0.0039969,0.0023981
0.1556,0.0532,9.9085,0.039436,0.025447,0.042101
0.3883,-0.0942,9.8564,0.052093,0.017453,0.034773
0.2976,-0.0183,9.8407,0.038104,0.02185,0.050228
0.2969,-0.0881,9.842,0.035706,0.029311,0.039436
-0.0381,0.1352,9.8371,0.046098,0.02185,0.05529
-0.0926,0.1046,9.7295,0.029977,0.026646,0.025314
-0.0618,0.1158,9.6529,0.020517,0.053026,0.009859
-0.1133,-0.0321,9.8374,0.056623,0.040902,0.031975
0.0986,-0.0175,10.021,0.030643,0.055823,0.053292
0.1609,0.1986,9.8328,-0.0073276,0.019851,0.023981
0.1433,0.0344,9.7231,0.048496,0.039569,0.07341
0.0908,-0.0767,9.9129,0.057955,0.01319,0.033707
0.1193,0.0287,9.9006,0.035306,0.029444,0.073676
0.0067,-0.1627,9.6928,0.014389,0.014655,0.042101
-0.1757,0.0972,9.8061,0.040369,0.023315,0.059287
-0.0942,0.0347,10.04,0.033707,0.043433,0.044099
-0.0182,-0.3062,10.161,0.045831,0.03384,0.045565
-0.1052,-0.1243,9.894,0.035039,0.050627,0.041568
-0.0558,-0.0404,9.9444,0.025713,0.036905,0.032908
-0.0832,-0.3145,9.9422,0.023981,0.040902,0.063817
-0.0708,-0.0694,9.9873,0.048229,0.031709,0.024248
-0.0744,0.0671,9.9669,0.035306,0.013323,0.045831
0.0269,0.1364,9.9201,0.035706,0.011058,0.049828
-0.118,0.1408,9.6219,0.035572,0.032775,0.045431
0.0347,0.0216,9.6272,0.040369,0.061685,0.026113
-0.0602,0.1941,9.8255,0.063684,0.056756,0.041435
-0.1097,0.1306,9.8768,0.0425,0.049295,0.024781
-0.1401,0.0138,9.5629,0.043167,0.050228,0.073143
-0.0435,-0.0655,9.7542,0.047696,0.042101,0.035039
-0.0042,0.0846,9.7095,0.017986,0.034507,0.065416
0.0106,0.1391,9.7743,0.066615,0.028511,0.078739
0.0923,-0.0521,9.7466,0.019052,0.043966,0.041435
0.2522,-0.1227,9.8903,0.048362,0.036638,0.019585
0.0236,-0.144,9.7899,0.018785,0.040635,0.036372
0.0378,-0.0496,9.8651,0.032242,0.029444,0.037038
0.1581,-0.0943,9.7023,0.045298,0.045032,0.024514
0.0868,0.1084,9.6865,0.041435,0.039569,0.03011
-0.2163,0.1791,9.5605,0.049695,0.055424,0.048496
-0.0085,0.015,9.6848,0.005196,0.036771,0.0099922
-0.0156,-0.0736,9.8895,0.082736,0.063417,0.029311
-0.1317,-0.2188,9.8546,0.023315,0.04703,0.015055
-0.0299,-0.0732,9.7978,0.029844,0.041435,0.045431
0.1739,0.1282,9.7056,0.060087,0.028511,0.039836
0.1751,0.3018,9.6793,0.040635,0.032775,0.043033
0.1104,-0.1083,9.7408,0.05116,0.026513,0.035706
0.0647,0.0269,9.7461,0.013589,-0.0061286,0.028911
-0.1994,-0.0066,9.8297,0.055823,0.028778,0.031309
-0.1327,-0.2076,9.6939,0.035039,-0.00026646,0.062218
-0.0853,0.0223,9.7595,0.040768,0.032775,0.03917
-0.1385,0.0779,9.9109,0.020784,0.021983,0.05156
-0.2093,0.325,9.7253,0.050761,0.0082603,0.04663
-0.021,0.152,9.5108,0.046231,0.017986,0.032908
-0.0295,0.11,9.7539,0.040102,0.019452,0.045964
-0.1175,0.106,9.9071,0.0047963,-0.0033307,0.057955
-0.0196,-0.0595,9.9417,0.032641,0.040768,0.050494
-0.1375,-0.0608,9.6903,0.023981,0.031842,0.06062
-0.0359,0.0241,9.6059,0.0087932,0.051826,0.037971
-0.0067,0.1407,9.702,0.054358,0.04663,0.0050627
-0.0663,0.1005,9.6624,0.046497,0.03877,0.023848
-0.0859,0.0903,9.8461,0.061819,0.040635,0.0078606
0.1346,-0.0002,9.7047,0.061286,0.005196,0.031176
-0.0873,0.1046,9.7121,0.03837,0.035839,0.039303
0.0761,0.2183,9.8822,0.057689,0.028644,0.036905
-0.0609,-0.1848,9.7478,0.011724,0.037971,0.033707
-0.1848,-0.1049,9.7262,0.032375,0.054758,0.025314
-0.0443,0.0822,9.659,0.03384,0.047297,-0
0.0056,0.2174,9.5867,-0.0089264,0.033574,0.0079938
-0.0695,-0.0299,9.7416,0.048895,0.022383,0.036638
0.0694,0.013,9.7633,0.056889,0.023049,0.032242
0.0766,-0.137,9.625,0.037571,0.025847,0.0070612
0.0851,0.105,9.6556,0.027312,0.011325,0.039836
0.2665,0.1693,9.6022,0.032108,0.050494,0.022649
0.0711,0.239,9.9963,0.010525,0.031309,0.049562
0.1273,0.2046,10.123,0.041834,0.03011,0.072344
0.0662,0.1803,9.9378,0.040768,0.0425,0.06395
-0.0768,0.1206,9.739,0.0054624,0.033307,0.066615
-0.0502,-0.3525,9.9548,0.029977,0.039703,0.045698
-0.0071,-0.0389,9.8947,0.032242,0.050228,0.0054624
0.0791,-0.0466,9.7931,0.024914,0.050894,0.049029
-0.0819,-0.1068,9.8717,-0.0026646,0.051427,0.044765
0.1867,-0.3696,9.8457,0.028911,0.047563,0.04703
0.1899,-0.0352,9.9187,0.039569,0.046764,0.050894
0.0631,-0.1774,9.8278,0.010525,0.060753,0.046897
0.2751,-0.027,9.951,0.019984,0.039436,0.053026
0.0959,0.0925,9.7846,0.058754,0.075675,0.040369
0.1233,-0.0001,9.7428,0.069813,0.048629,0.061286
-0.0658,-0.0819,9.6586,0.039036,0.048895,0.043833
0.1024,-0.17,9.7855,0.047963,0.069813,0.046364
0.1083,0.0869,9.6315,0.06062,0.063018,0.063284
0.1799,-0.2023,9.6907,0.057822,0.040768,0.039436
0.026,-0.2331,9.678,0.041967,0.051693,0.03384
0.1459,-0.1138,9.606,0.040502,0.046231,0.050361
0.0402,-0.1478,9.8782,0.049428,0.016121,0.031842
0.0225,-0.2624,10.017,0.026779,0.025447,0.052359
-0.0283,-0.267,9.9036,-0.005196,0.0053292,0.055957
0.0234,-0.2422,9.8996,0.063151,0.026912,0.021317
0.1695,-0.0873,10.082,0.029444,-0.015854,0.030909
0.2443,-0.2651,9.857,0.021184,0.026912,0.043699
0.0597,-0.1713,9.893,0.050361,0.044632,0.038104
0.1644,-0.1247,9.9382,0.047696,0.035706,0.031309
0.0769,-0.081,9.7427,0.035306,0.049961,0.041168
0.0503,-0.0762,9.6856,0.033041,0.054358,0.033307
0.031,-0.0345,9.5839,0.035972,0.041435,0.045964
-0.0753,0.076,9.8886,0.018253,0.028911,0.019718
0.0363,0.1204,9.9908,0.028112,0.045831,0.057555
-0.3251,-0.0773,10.007,0.044099,0.036372,0.040502
-0.2491,-0.0151,9.8039,0.0053292,0.069413,0.056223
-0.1091,-0.2188,9.7378,0.026646,0.027046,0.040102
-0.0594,-0.12,9.9417,0.01279,0.026646,0.052759
0.025,-0.1914,9.9344,0.03837,0.013723,0.05116
0.0628,-0.1987,9.8891,0.033174,0.041301,0.01319
0.0654,0.1245,9.6074,0.020917,0.0074609,0.018119
-0.0916,0.1835,9.8312,0.028778,0.040768,0.026646
-0.0124,0.1947,9.8383,0.022383,-0.0099922,-0.018253
-0.0821,-0.1714,9.8344,0.044765,0.011591,0.041967
-0.1152,0.185,9.6987,0.044632,-0.0041301,0.039303
-0.1788,0.0019,9.7519,0.049562,0.039036,0.043433
-0.2139,0.0262,9.7156,0.022116,0.011591,0.02105
-0.2496,-0.0009,9.7292,-0.0029311,0.048096,0.019052
-0.0282,0.033,9.6919,0.023715,0.033041,0.026646
-0.104,-0.1083,9.8847,0.049695,0.056889,0.026513
0.1883,0.0006,9.6699,0.052892,0.078339,0.04783
0.1169,-0.0176,9.7779,0.049828,0.059421,0.034373
-0.107,-0.1102,9.8971,0.017453,0.041834,0.031043
0.0311,-0.1524,9.9201,0.019718,0.046231,0.031309
0.1017,-0.2977,9.772,0.03877,0.029444,0.037571
0.0739,-0.3204,9.7699,0.023182,0.022516,0.0083935
0.2227,-0.1323,9.8597,0.024781,0.027312,0.014522
0.1962,0.0736,9.8086,0.041701,0.010925,-0.01319
-0.093,0.1062,9.633,-0.010259,0.0095926,-0.00066615
-0.0512,-0.0689,9.7883,0.010392,0.033974,0.047696
-0.2273,-0.1906,9.6213,0.043966,0.038903,0.039836
0.1226,-0.1702,9.7494,0.032375,0.026246,0.033574
-0.0789,-0.1709,9.6735,0.032375,0.023715,0.053425
0.0956,-0.0589,9.7945,0.047696,0.02638,0.065949
-0.0745,-0.0718,9.7205,0.041834,0.031176,0.074209
-0.0646,-0.0761,9.8509,0.03011,0.026779,0.049295
0.0282,-0.2722,9.9942,0.037837,0.041568,0.032108
0.0836,-0.0723,9.7632,0.024781,0.029177,0.027845
-0.1143,0.16,9.8142,0.043966,0.032242,0.040902
0.0107,-0.0309,9.9581,0.027046,0.050228,0.034906
-0.1711,-0.0899,9.6545,0.039036,0.024914,0.042634
-0.1255,0.0059,9.781,0.020651,0.06435,0.019585
0.0318,-0.1564,9.6094,0.035972,0.036905,0.068347
0.0436,0.0666,9.7079,0.053425,0.033441,0.033041
0.2682,-0.0997,9.7971,0.035572,0.033974,0.085267
0.003,-0.0458,9.7186,0.057422,0.048496,0.047563
-0.0665,0.0562,9.7271,0.061419,0.022383,0.031043
0.1257,-0.0346,9.7747,0.050494,0.027579,0.037038
-0.2286,0.0082,9.7637,0.044499,0.05196,0.03051
-0.1089,0.1418,9.7508,0.038104,0.051294,0.025314
-0.2072,-0.0169,9.7189,0.032775,0.055424,0.033307
-0.0173,0.0336,9.6972,0.046497,0.057422,0.063151
0.0339,-0.0177,9.5088,0.010259,0.027978,0.035972
0.0786,-0.1283,9.4468,0.023315,0.0035972,0.0037304
0.0095,-0.2046,9.6015,0.053825,0.059287,0.02638
0.0144,0.0013,9.7437,0.028378,0.038903,0.045964
-0.0985,-0.2353,9.539,0.0090596,0.033707,0.022649
-0.0171,-0.1614,9.7196,0.036372,0.053425,0.046098
-0.1033,-0.0496,9.7926,0.032641,0.027046,0.038503
-0.0041,0.0418,9.8508,0.011591,0.046364,0.035706
0.0736,-0.1095,9.5388,0.026513,0.032375,0.028644
0.0511,-0.0345,9.6393,0.056223,0.029844,0.03011
0.2981,0.1074,9.7773,0.043966,0.057689,0.038637
0.2171,0.2455,9.7096,0.03917,0.031709,0.040902
0.177,0.1626,9.8679,0.061419,0.018253,0.027046
0.1554,-0.0358,9.8033,0.072477,0.017053,0.017187
0.1769,-0.1735,9.6991,0.037438,0.033174,0.042234
0.0898,-0.1864,9.823,0.015455,0.042367,0.023582
0.0234,-0.0236,9.7147,0.046764,0.027312,0.031442
-0.0188,-0.0019,9.6396,0.048362,0.074476,0.024648
0.1717,0.2203,9.6764,0.047563,0.045831,0.033574
0.1476,0.0306,9.7618,0.053958,0.02518,0.027845
0.0861,0.1921,9.871,0.051027,0.03837,0.029577
0.2036,0.0031,10.025,0.032775,0.032375,0.028911
0.0997,-0.0461,9.883,0.035439,0.056356,0.010525
0.0418,-0.1255,9.8094,0.046098,0.050494,0.049162
-0.0241,0.0596,9.9437,0.028112,0.031576,0.020784
0.022,-0.1206,9.9187,0.026779,0.041568,0.034373
-0.0165,-0.0315,9.7161,0.055557,0.067015,0.03011
0.3839,-0.114,9.7918,0.014789,0.037438,0.057422
0.1053,0.0228,9.8812,0.0087932,0.062485,0.035706
0.1909,0.0378,9.9032,0.0041301,0.045698,0.045298
0.2304,0.2584,10.036,-0.006395,0.066349,0.060087
0.3504,0.0649,9.8417,0.0041301,0.03464,0.069946
0.1356,-0.0485,9.7931,0.045565,0.03464,0.030909
0.0639,-0.1697,9.7639,0.015321,0.038104,0.035439
0.0531,-0.1932,9.9339,0.034507,0.036105,0.062618
0.0506,-0.0152,9.7264,0.031043,0.018652,0.06928
-0.0462,-0.0849,9.6847,0.034373,0.039836,0.032508
0.0902,-0.0596,9.948,0.049029,0.029844,0.04783
0.0628,-0.0542,9.871,0.053692,0.018386,0.045165
0.0123,-0.0999,10.017,0.03837,0.032908,0.027845
-0.0528,-0.1919,10.046,0.044499,0.024115,0.0054624
-0.1354,-0.1453,9.8788,0.03464,0.035173,0.018253
-0.0013,-0.1599,9.7983,0.058222,0.0429,0.019318
0.1272,-0.0291,9.9738,0.061952,0.047696,0.030243
-0.0962,-0.0053,9.9762,0.050494,0.058355,0.040369
0.0325,-0.2375,9.7818,0.047297,0.038503,0.022116
-0.0412,-0.0772,9.8733,0.042634,0.036505,0.061552
-0.1095,-0.14,9.7214,0.058355,0.022383,0.059287
0.0866,-0.0655,9.6993,0.041168,0.025447,0.021184
0.0187,0.0619,9.7169,0.063684,0.006395,0.060886
-0.0088,-0.0162,9.581,0.020251,0.036638,0.063551
-0.1808,0.1662,9.7372,0.043167,0.01692,0.048229
-0.0706,0.0573,9.8628,0.049961,0.025447,0.041701
0.0757,-0.2069,10.076,0.020384,0.020651,0.039836
0.1333,-0.001,9.7271,0.045032,0.027712,0.032242
-0.0554,0.1038,9.8275,0.046764,0.027579,0.071545
-0.1951,0.0362,9.6408,0.0065283,0.014122,0.029444
-0.3254,0.0492,9.5933,0.014256,0.025847,0.05649
-0.0944,-0.118,9.9417,0.0433,0.030909,0.030776
0.1436,0.0363,9.7929,0.039303,0.05156,0.041301
0.0021,-0.0983,9.8279,0.056356,0.048229,0.032775
0.2104,-0.2045,9.7731,0.056223,0.02105,0.030776
0.1672,-0.1531,9.8559,0.072877,0.0054624,0.02518
-0.0186,-0.1055,9.7278,0.02638,0.030909,0.022916
0.1273,-0.2034,9.6962,0.006928,0.042101,0.029844
0.1095,-0.0801,9.9237,0.062352,0.027845,0.028644
0.0224,-0.3635,9.9722,0.054891,0.00013323,0.024248
-0.0297,-0.2393,9.9417,0.022516,0.041301,0.018386
0.1826,-0.1301,9.9122,0.036905,0.018919,0.06062
0.3667,0.0169,9.7053,0.047163,-0.010658,0.028511
0.2649,0.1036,9.6299,0.028112,0.065416,0.023182
0.0867,0.069,9.7721,0.028644,0.029044,0.048229
0.3233,0.0017,9.8291,0.032108,0.046098,0.049961
0.0929,-0.0467,9.7072,0.03011,0.045298,0.052892
0.1837,0.034,10.035,0.058355,0.021583,0.040235
0.0622,-0.017,10.007,0.043566,0.015321,0.050228
0.261,-0.1685,9.7344,0.077407,0.033307,0.043966
0.3078,-0.0487,9.9166,0.038903,0.027712,0.023981
0.0064,-0.1578,9.9663,0.052093,0.020517,0.029177
-0.0652,-0.1745,9.7479,0.047563,0.03384,0.037304
-0.1467,-0.115,9.7259,0.001732,0.043699,0.040635
0.1556,-0.3329,9.56,0.020384,0.031709,0.032508
0.1052,-0.0188,9.8449,0.006928,0.024248,0.048096
-0.0709,-0.17,9.7599,0.0014655,0.045032,0.01239
-0.0588,-0.2843,9.8646,0.010792,0.035439,0.027579
-0.0688,-0.3243,9.7537,0.029311,0.024781,0.039836
0.1075,-0.0457,9.9285,0.026779,0.022516,0.0057289
0.0235,0.092,9.6628,0.029444,0.043966,0.01279
0.0414,0.2776,9.6072,0.06848,0.022516,0.048096
0.1693,0.2983,9.6147,0.039303,0.035039,0.027312
-0.0604,-0.0996,9.735,0.078872,0.050761,0.031842
0.0395,0.0467,9.8794,0.027712,0.048496,0.018386
-0.0311,0.0277,9.6292,0.020651,0.045431,-0.0019985
0.1432,-0.2011,9.8091,0.02185,0.02185,-0.013323
0.119,-0.262,9.7641,0.050361,0.047163,0.026779
0.0443,-0.2378,9.7196,0.041035,0.013057,0.06888
0.0215,0.0203,9.744,0.014522,0.024914,0.04663
0.2144,0.1337,9.8547,0.022249,0.028644,0.031176
0.0815,-0.0222,9.8166,0.042767,0.053825,0.033307
0.0469,-0.0505,9.8152,0.0059953,0.018253,0.045565
-0.1821,-0.0908,9.7698,0.030243,0.00039969,0.045165
-0.1156,-0.0719,9.7692,0.036905,0.015321,0.039303
-0.0028,-0.0416,9.9703,-0.010259,0.015988,0.043833
0.051,0.065,9.9494,-0.0071944,0.036771,0.042234
0.1918,0.0207,9.8092,0.022782,0.038237,0.041834
-0.0571,0.1345,9.8857,0.053692,0.015188,0.032108
-0.0733,-0.158,10.089,0.025847,0.027845,0.034773
-0.0645,0.0832,9.931,0.031043,0.049562,0.022782
-0.1562,-0.1171,9.6908,0.024914,0.050494,0.031442
-0.0852,0.0463,9.5523,0.02105,0.045565,0.021317
-0.0359,0.1686,9.846,0.030243,0.062352,0.020784
0.1411,-0.0445,9.7639,0.043566,0.035306,0.040369
-0.0222,-0.0791,9.8249,0.033574,0.040102,0.010792
-0.0482,-0.0023,9.832,0.054891,0.040235,0.029444
0.1491,-0.1409,9.8531,0.019851,0.043167,0.011724
0.0519,0.007,10.166,0.036771,0.032641,0.037171
-0.0658,-0.0502,9.8821,0.027845,0.046231,0.057689
-0.1119,-0.011,10.123,0.063018,-0.014655,0.058621
-0.229,0.0907,9.9369,0.053692,0.018519,0.058355
-0.1091,-0.0518,10.04,0.057555,0.033307,0.037438
-0.1006,0.1698,9.778,0.072877,0.02558,0.058088
0.1099,0.0053,9.7881,0.045431,-0.0074609,0.045698
0.081,-0.2161,9.6242,0.028378,0.012923,0.014389
0.1134,-0.2461,9.8462,0.035572,0.00053292,0.055823
0.0756,-0.0674,9.8623,0.047696,0.021716,0.041701
0.1768,0.2431,9.8914,0.010658,0.012257,0.063151
0.2937,0.2035,9.7171,0.076341,0.034773,0.047163
0.3909,0.1335,9.821,0.041834,0.027712,0.057822
0.2592,0.1124,9.7329,0.03877,0.055557,0.036905
0.1489,-0.1059,9.9656,0.032242,0.035173,0.060886
0.0134,0.0365,9.8502,0.033174,0.033041,0.063417
-0.0509,0.0275,9.8455,-0.00093261,0.031842,0.050761
-0.2199,-0.0719,9.676,0.0085267,0.013856,0.037038
-0.2117,-0.0646,9.9436,0.036638,0.051427,0.043033
-0.0252,-0.0223,9.7995,0.021716,0.027712,0.041435
0.2111,-0.0819,9.8244,0.0095926,0.030243,0.039969
0.0053,0.2432,9.7318,0.02518,0.039436,0.022516
0.0711,0.0032,9.5583,0.049162,0.072477,0.039969
-0.0378,-0.0991,9.6364,0.029044,0.043167,0.026513
-0.0493,-0.3166,9.7931,0.064883,0.037704,0.010925
-0.0413,-0.0373,9.7016,0.033574,0.049695,0.044632
0.0159,-0.0684,9.5767,0.036105,0.051027,0.041834
0.0456,-0.1133,9.785,0.036905,0.020517,0.063018
0.1603,-0.0057,9.6849,0.035173,0.045964,0.025314
0.084,0.0714,9.8035,0.041168,0.048895,0.036771
-0.0014,-0.0836,9.8941,0.032641,0.024115,0.065549
-0.1413,-0.0537,9.909,0.035572,0.0058621,0.037571
-0.1455,-0.084,9.9663,0.03837,0.029577,0.029044
-0.099,0.0807,9.7854,0.013323,0.074476,0.008127
-0.2392,0.0676,9.6361,0.035972,0.05156,0.0074609
-0.2235,-0.0288,9.829,0.033307,0.046098,0.054358
-0.1981,-0.1744,9.9038,0.0043966,0.045165,0.018785
-0.0746,0.0154,9.7612,0.010658,0.033041,0.027845
0.0502,-0.0172,9.6819,0.0067947,0.034906,0.045298
0.125,0.0748,9.487,0.019052,0.048762,0.035839
-0.0603,-0.0769,9.6177,0.0059953,0.033441,-0.0039969
-0.0199,-0.006,9.7849,-0.0071944,0.02185,0.029577
-0.0706,0.1149,9.6197,0.025713,0.041168,0.01279
0.1545,-0.0007,9.7706,0.039303,0.053825,0.056756
0.1819,-0.0854,9.9552,0.044765,0.01279,0.023981
0.2348,-0.1177,9.9576,0.051826,0.057955,0.056356
0.1285,0.0624,9.807,0.05609,0.088731,0.055157
0.0528,0.0623,9.801,0.065016,0.071278,0.042101
0.051,0.3101,9.7721,0.02638,0.061419,0.05649
0.0753,0.1414,9.5897,0.058355,0.033041,0.078339
0.0885,0.0718,9.7806,0.028245,0.018519,0.0425
0.026,-0.0642,9.7837,0.032242,0.069946,0.044099
0.0493,-0.0955,9.8423,0.041834,0.070212,0.029577
-0.0273,-0.0193,9.6957,0.035039,0.049828,0.033041
0.0663,-0.1226,9.8861,0.009859,0.062485,0.029577
-0.0132,0.1149,9.9157,0.0078606,0.033707,0.037837
0.1352,0.1494,10.051,0.039036,0.03384,0.033707
0.0063,0.2526,10.023,0.020917,0.035306,0.015854
-0.1436,0.2256,9.8922,0.04743,0.033574,0.043433
0.2042,0.1772,9.9691,0.027179,0.039569,0.038104
0.3384,0.1863,9.7739,-0.0037304,0.033041,0.045165
0.195,0.0184,9.7813,0.027312,0.060753,0.01772
-0.0802,-0.0013,9.7427,0.029311,0.039969,0.02971
-0.1174,-0.2802,9.7786,0.052359,0.023049,0.03837
0.183,0.0995,9.6756,0.051693,0.021184,0.037304
0.2739,0.1157,9.814,0.061685,0.054891,0.058355
0.1967,-0.0489,9.8337,0.064217,0.040102,0.05196
0.0912,0.1108,9.9351,0.025047,0.03011,0.027579
-0.1154,0.1903,9.9581,0.039436,0.02598,0.036372
0.0571,0.233,9.9238,0.030643,0.064084,0.038237
-0.0032,0.0024,9.8794,0.016654,0.032242,0.027312
0.0649,0.0117,9.7894,0.015721,0.021317,0.017053
-0.2174,-0.1829,9.7155,0.0433,0.040768,0.015588
-0.2592,-0.0853,9.6618,0.031309,0.014389,0.010925
-0.2013,0.0588,9.855,0.027312,0.0433,0.030909
0.0063,0.0868,9.8412,0.024514,0.036239,0.050494
-0.0973,-0.1467,9.8523,0.025314,0.033307,0.046231
0.1139,-0.0735,10.086,0.036905,0.038104,0.041435
0.3447,-0.0302,9.8958,0.01319,0.061685,0.032375
0.2261,0.0106,9.8944,0.017187,0.031975,0.043433
0.0991,0.0651,9.9817,0.02638,0.0070612,0.027978
-0.0699,-0.0801,9.5605,0.027978,0.024115,0.040369
0.12,0.2751,9.9431,0.06062,0.0042634,0.032108
0.1319,0.0339,9.8964,0.069146,0.021583,0.016654
0.093,-0.0305,9.8508,0.05116,0.040502,0.013989
-0.0108,-0.1329,9.8986,0.052359,0.024514,0.046098
0.0171,-0.0691,9.8942,0.039836,0.020784,-0.018386
0.0151,0.0551,9.8828,0.030909,0.027712,0.031309
-0.0436,-0.179,9.8769,0.016121,0.058355,0.023182
0.0827,0.1007,9.7674,0.0077273,0.032641,0.021716
-0.0555,0.1024,9.8263,0.034373,0.036771,0.039703
0.1026,0.0404,10.025,0.031442,0.014122,0.059421
-0.037,0.1286,9.8518,0.036905,0.057422,0.066482
-0.0042,-0.0255,10.123,0.039036,0.07754,0.071411
-0.0805,0.0188,9.7859,0.010125,0.076074,0.047297
-0.0989,0.1406,9.8624,0.0429,0.071012,0.027978
-0.1079,0.1343,9.6685,0.011991,0.052892,0.038104
-0.3084,0.0182,9.7351,0.040902,0.036239,0.03877
0.0159,0.1548,9.7045,0.046231,0.041568,0.02971
-0.2483,0.1222,9.8603,0.053159,0.006395,0.03464
-0.1731,0.0058,9.9459,0.03011,0.050894,0.064483
0.0069,-0.0596,9.8503,0.044499,0.036105,0.023848
0.1604,-0.0202,9.7261,0.022383,0.032375,0.047163
0.0738,-0.107,9.7137,-0.0014655,0.040102,0.042634
-0.0368,-0.0844,9.5607,0.033441,0.035039,0.026246
-0.1971,-0.1237,9.6491,0.059154,0.0058621,0.017453
-0.1472,-0.1694,9.6793,0.040635,0.019185,0.023848
-0.0466,-0.0512,9.6479,0.033041,0.041035,0.017053
0.118,-0.0963,9.6216,0.048629,0.031576,0.054225
0.3148,0.0309,9.8218,0.038903,0.044899,0.049428
0.1246,0.1218,9.8766,0.036105,0.026246,0.028112
-0.1094,0.0765,9.9986,0.022383,0.030243,0.034773
-0.1623,0.1626,9.928,0.03384,0.026246,0.053958
-0.1709,0.1283,9.7435,0.031842,0.031576,0.06475
-0.11,0.0023,9.8208,0.028644,0.036638,0.025847
-0.3744,-0.056,9.839,0.035572,0.014389,0.032375
-0.2949,0.1708,9.8056,0.036638,0.048496,0.040768
-0.2267,-0.0144,9.8054,0.01239,0.032375,0.050228
-0.2417,-0.0648,9.9243,0.012657,0.039036,0.045032
-0.1846,-0.032,9.6991,0.016654,0.059687,0.043966
-0.1295,-0.1158,9.7357,0.019585,0.040235,0.047297
-0.1045,0.1439,9.6868,0.041435,0.037038,0.070079
-0.0978,0.025,9.793,0.034373,0.055957,0.043699
-0.1701,0.115,9.7703,0.018519,0.029444,0.037704
0.0525,-0.0636,9.7639,0.023049,0.044765,0.038903
-0.0475,-0.0545,9.8303,0.022516,0.060353,0.026113
0.0543,-0.1941,9.7215,0.027312,0.053159,0.022916
-0.0799,-0.1249,9.6035,0.020517,0.045698,0.047163
0.1082,0.0331,9.8632,0.024381,0.0035972,0.039303
0.2449,-0.0537,9.8862,0.022116,0.016254,0.037304
0.0572,-0.1114,9.8264,0.014389,0.026912,0.017053
0.0602,0.0248,9.7646,0.028112,0.037971,0.036105
0.036,-0.0199,9.8149,0.029311,0.00026646,0.032375
-0.0614,-0.0834,9.8605,0.044632,0.017187,0.016654
0.0761,-0.0878,9.9367,0.032641,0.036505,0.016654
-0.0834,0.0371,9.831,0.039303,0.028511,0.07261
-0.001,0.03,9.8148,0.028245,0.038903,0.047563
-0.0412,0.0588,9.7697,0.037571,-0.0086599,0.059154
-0.049,0.1519,9.79,0.011591,0.033041,0.03877
-0.0698,-0.0135,9.9462,0.041301,0.044099,0.041301
0.0136,0.2033,9.7158,0.046098,0.033174,0.035839
-0.0391,0.1057,9.7845,0.049029,0.05116,0.032508
-0.1646,-0.0006,10.178,0.03424,0.03917,0.017853
-0.2272,0.0436,9.9155,0.039969,0.015321,0.048096
-0.2305,-0.0308,9.9798,0.037171,0.023182,0.061952
-0.2997,0.0373,9.9066,0.014522,0.033041,0.046098
-0.0022,-0.0711,9.9822,0.022516,0.017586,0.022782
0.0037,-0.2765,9.709,0.065283,0.027978,0.032108
0.1267,-0.1791,9.8121,0.034107,0.062218,-0.00039969
-0.092,-0.0589,9.6102,0.013057,0.044765,-0.011191
-0.1191,0.0255,9.68,0.011325,0.048895,0.036372
-0.2114,-0.0076,9.5789,0.040502,0.032775,0.026646
-0.2093,-0.104,9.7059,0.0013323,0.041168,0.054758
-0.0937,-0.1177,9.9662,0.028778,0.025314,0.040768
-0.0803,0.0309,9.8136,0.072344,0.02185,0.024115
-0.116,-0.0154,9.8374,0.048229,0.041568,0.009859
-0.036,0.0634,9.8863,0.021184,0.051294,0.022516
-0.0405,-0.0551,9.8125,0.032775,0.049029,-0.005196
0.0529,0.0737,9.8354,0.018652,0.055557,0.019452
0.027,0.0581,9.7363,0.013723,0.046231,0.048496
-0.0669,0.1517,9.7404,0.067281,0.06475,0.044899
-0.0367,0.1926,9.9352,0.03011,0.047696,0.03917
-0.2144,0.0406,9.7344,0.001732,0.061552,0.021317
0.0849,0.0194,9.8731,0.018785,0.07794,0.016387
0.1535,-0.1021,9.7953,0.041568,0.050761,0.0039969
0.0519,-0.0178,9.6906,0.053558,0.019851,0.031043
0.0931,-0.0581,9.6163,0.0429,0.030776,0.0094593
0.143,-0.0679,9.7377,0.053159,0.044499,0.006395
0.024,0.0698,9.7563,0.040768,0.030643,0.0067947
-0.1905,-0.0425,9.755,0.062485,0.013723,0.020384
-0.0209,0.0471,9.6462,0.063151,0.053159,0.015455
-0.2247,-0.0733,9.9483,0.045565,0.023582,0.0090596
-0.1728,-0.0247,10.022,0.073943,0.064883,0.0071944
-0.2017,-0.0193,10.006,0.054225,0.033974,0.014655
-0.115,0.1585,10.067,0.027579,0.0042634,0.012657
-0.2866,-0.0496,9.9967,0.056356,0.036505,0.053425
0.0068,-0.2509,9.8498,0.040369,0.036239,0.0026646
-0.2002,-0.1337,9.6846,0.063817,0.028378,0.0425
-0.0876,0.1085,9.7326,0.041834,0.033174,0.029577
-0.1095,0.3073,9.9019,0.04663,0.032908,0.052759
0.0304,0.3017,9.861,0.054491,0.03384,0.040635
-0.1727,0.0743,9.6784,0.013456,0.039036,0.0033307
-0.0702,0.048,9.7797,0.027179,0.043433,0.05529
-0.0999,0.0381,9.8173,0.019052,0.031709,0.060486
-0.0503,0.1087,9.6711,0.025314,0.056889,0.036905
0.0846,-0.1882,9.8113,0.028511,0.023049,0.022516
-0.0658,-0.0912,9.8291,0.044632,0.054491,0.028644
0.021,-0.0458,9.7349,0.047696,0.026912,0.038503
-0.1006,0.0424,9.9266,0.035839,0.014256,0.036638
0.0513,0.0268,9.7736,0.041834,0.0022649,0.040235
0.1029,0.0882,9.8278,0.052093,0.037837,0.049162
0.0532,-0.0734,9.6782,0.03384,0.050494,0.038237
-0.0456,0.0502,9.9493,0.046497,0.040902,0.060087
0.0433,-0.1739,9.9341,0.035572,0.032908,0.021983
0.0612,-0.1405,9.9372,0.053159,0.069013,0.027046
-0.262,0.18,9.8869,0.039036,0.016254,-0.0038637
0.1363,0.0692,9.6582,0.046897,0.018519,0.022516
-0.0707,0.0021,9.6302,0.048496,0.056623,0.018652
0.0156,0.0226,9.6216,0.040635,0.01279,0.017586
-0.1951,0.0664,9.73,0.060087,0.05569,0.019984
-0.0327,0.1131,9.721,0.067281,0.031309,0.016121
-0.0121,-0.0328,9.7848,0.031043,0.058621,-0.0014655
-0.1075,-0.1206,9.7046,-0.0039969,0.0010658,0.028511
-0.0012,-0.1796,9.8202,0.011724,0.033441,0.015188
0.0596,-0.155,9.782,0.044499,0.038237,0.024248
0.0476,-0.2333,9.7079,0.02638,0.052359,0.018919
0.0856,0.0487,9.8444,0.03917,0.0049295,0.0074609
0.0353,0.1393,9.8528,0.033707,0.044366,0.045032
0.2394,0.0828,9.736,0.033574,0.030776,0.026246
0.155,0.0564,9.7759,0.046231,0.038903,0.035039
-0.1115,0.1152,9.7872,0.052093,0.02518,0.016787
-0.0097,0.1611,9.7428,0.031442,0.031176,0.041967
0.1861,0.0806,10.012,0.053026,-0.0089264,0.032508
0.1721,0.1397,9.9072,0.056756,0.039303,0.048762
0.1524,0.0003,9.864,0.054891,0.0066615,0.063684
0.0238,0.0069,10.041,0.049562,0.03837,0.054225
0.048,-0.0391,9.9628,0.054358,0.041168,0.070479
0.1577,-0.1014,9.8013,0.03464,0.049428,0.036905
-0.0225,-0.0143,9.8947,0.037971,0.025847,0.067814
-0.0617,0.0042,10.013,0.022916,0.0010658,0.020651
-0.1135,0.0731,9.859,0.029444,0.034773,0.053825
-0.0893,-0.0537,9.7833,0.035706,0.054624,0.054758
-0.0653,-0.132,9.9569,0.0433,0.013723,0.037971
0.118,-0.1406,9.7053,0.016254,0.030776,0.010392
-0.144,-0.0313,9.8802,0.033574,0.030243,0.0031975
0.1336,-0.0134,9.9691,0.025447,0.03837,0.030243
0.1199,-0.1003,9.9384,0.048229,0.028378,0.031576
0.0718,-0.1103,9.9777,0.053292,0.019185,0.033041
0.0424,0.0545,10.032,0.035706,0.019718,0.040102
-0.0164,-0.1067,10.01,0.02598,0.02145,0.049029
0.2499,-0.0645,9.9294,0.029044,0.056223,0.09486
0.1148,-0.1537,9.917,0.029177,0.031309,0.062618
0.1163,-0.0341,10.115,0.02638,0.0029311,0.048362
0.2119,0.0689,9.8632,0.022916,0.038104,0.06888
0.1204,0.0974,9.8112,0.03384,0.043566,0.05156
0.0059,-0.0593,9.5547,0.015321,0.046897,0.052093
0.1511,0.0678,9.5834,-0.012923,0.052226,0.05156
0.0124,-0.0587,9.7424,0.011458,0.063018,0.041035
0.1153,-0.0624,9.5594,0.027845,0.052626,0.050627
0.1383,0.328,9.7119,0.012923,0.054891,0.037438
0.2925,0.1957,9.6929,0.035439,0.033174,0.06022
0.0831,0.2891,9.8601,0.052226,0.053692,0.050627
-0.062,0.283,9.9124,0.053159,0.053292,0.055424
-0.0382,0.2538,9.5855,0.012923,0.049162,0.027978
-0.1896,-0.1376,9.6224,0.031309,0.059421,-0.0031975
-0.0147,0.042,10.024,0.018253,0.028644,0.052892
-0.0257,0.2262,9.8263,0.02518,0.028378,0.031975
-0.0858,-0.0171,9.7,0.01692,0.038237,0.050361
0.0883,0.2265,9.5894,0.04703,0.03051,0.039969
-0.2557,0.0054,9.7638,0.035173,0.020917,0.039303
-0.0875,0.0556,9.7259,0.059021,0.010259,0.039436
-0.3437,0.0857,9.9098,0.045964,0.023981,0.014655
-0.1844,-0.2121,9.8368,0.01239,0.029044,0.067148
-0.174,0.0296,9.8104,0.05116,0.027179,0.054491
-0.1481,0.1858,9.7563,0.041435,-0.0015988,0.018919
0.2259,0.086,9.8059,0.030376,0.023715,0.039836
0.2279,0.1041,9.7892,0.044632,0.034373,0.058621
0.2796,0.1813,9.6495,0.031442,0.011458,0.037438
0.2289,0.1766,9.9098,0.042101,0.028112,0.029311
0.0111,0.0867,9.6894,0.022916,0.05569,0.022516
0.3125,0.3642,10.081,0.024248,0.057822,0.026912
0.0056,0.237,10.04,0.023182,0.024914,0.03384
0.0966,0.2555,9.8872,0.011857,0.065149,0.0094593
0.0581,0.1337,9.9586,0.010392,0.022649,0.016654
0.1204,0.1402,10.088,0.023315,0.00066615,0.044499
-0.0215,0.1302,9.9774,0.039836,0.0067947,0.01239
-0.0566,0.1245,9.9483,0.036771,0.038903,0.025447
0.0208,0.0105,9.8996,0.021983,0.028378,0.0082603
0.1836,-0.0884,9.6214,0.031176,0.041301,0.014655
0.0668,-0.1159,9.4592,0.061153,0.029044,0.012124
0.2399,-0.1796,9.6226,0.028511,0.049961,0.045698
0.1236,-0.254,9.7167,0.020917,0.016654,0.022516
0.1627,-0.2313,9.806,0.015854,0.035972,0.050494
0.2092,0.0557,9.6469,0.043699,0.016121,0.027445
0.1511,0.0055,9.8565,0.041168,0.036105,0.036105
0.0527,-0.0595,9.9132,0.010125,0.0050627,0.052226
0.0225,0.1719,10.056,0.012657,0.0049295,0.06395
-0.0012,0.0743,9.9993,0.034773,0.052226,0.020118
-0.0593,0.0905,9.7712,0.027712,0.017986,0.016654
0.0529,-0.1131,9.8533,0.0014655,0.052493,0.017187
0.07,0.0806,9.8612,0.030243,0.038237,0.071678
-0.1129,0.1316,9.8504,0.023049,0.022649,0.02971
0.1063,0.0268,10.017,0.0065283,0.05196,0.020251
-0.0121,0.0224,9.6918,0.037171,0.044366,0.030376
0.0627,-0.0798,9.7392,0.053026,0.057822,0.035706
0.0072,-0.026,9.8556,0.030909,0.042634,0.010658
-0.11,0.175,9.8705,0.058754,0.041301,0.015321
-0.1561,-0.1254,9.9012,0.023848,0.045964,0.028511
-0.2004,-0.1513,10.001,0.038503,0.05156,0.013856
-0.1009,0.0558,9.8775,0.043566,0.080604,0.05156
0.0414,-0.0123,9.7881,0.019984,0.060753,0.00013323
0.0019,-0.0581,10.015,0.0061286,0.053159,0.00013323
0.1085,-0.0632,9.9747,0.0057289,0.016787,0.018652
0.1199,-0.0157,9.8471,0.025314,0.026646,0.053425
0.0751,-0.0092,9.8612,0.039436,0.032908,0.03837
0.2369,-0.0973,9.9231,0.053558,0.023715,0.0031975
0.1574,-0.2477,9.8269,0.0094593,0.029844,0.041035
-0.027,-0.033,10.011,0.044765,0.0095926,0.047963
0.0531,-0.0557,10.036,0.023715,0.030643,0.036905
-0.1511,-0.032,10.026,0.042101,0.031842,0.056356
-0.1644,-0.2091,9.9171,0.031309,0.051693,0.057555
-0.181,-0.0675,10.117,0.030776,0.054225,0.032508
-0.0423,-0.1391,10.016,0.031176,0.020517,0.040502
-0.02,-0.3745,10.03,0.032908,0.035706,0.040635
0.1624,-0.0926,10.074,0.0059953,0.039036,0.048895
0.0983,-0.1709,9.8948,0.0023981,0.023848,0.023315
0.0126,-0.13,9.5573,0.011058,0.048895,0.062751
0.0282,0.1119,9.605,0.0070612,0.032908,0.032508
0.2472,-0.0213,9.8055,0.043033,0.03917,0.0429
0.1592,0.0618,9.7238,-0.00093261,0.037304,0.040902
-0.0319,0.0154,9.8744,0.027445,0.018919,0.040102
-0.058,-0.217,9.7886,0.051427,0.035572,0.011058
0.0254,-0.0226,9.9169,0.020251,0.060886,0.023049
-0.1046,-0.1272,9.7628,0.044099,0.071411,0.055024
-0.0581,-0.1502,9.6743,0.052359,0.025047,0.055424
0.1612,0.0994,9.7184,0.036105,0.043566,0.052359
0.1518,-0.1039,9.6479,0.031709,0.024914,0.017986
0.0205,0.0506,9.8996,0.013856,0.033041,0.035173
0.0324,-0.0674,9.7424,0.041301,0.046764,0.038903
0.1613,-0.1192,9.8184,0.026646,0.046231,0.016654
0.1608,0.0286,9.6024,0.062085,-0.00079938,0.010792
-0.0381,-0.0608,9.5458,0.033307,0.017586,0.015988
0.2093,-0.0387,9.5821,0.039569,0.041168,0.0010658
0.1305,-0.0499,9.9276,0.036505,0.037038,0.037704
0.136,-0.0074,9.6548,0.036239,0.025314,0.048229
0.0152,0.2122,9.7958,0.027046,0.05529,0.034773
0.2287,0.1894,9.7858,0.041035,0.052359,0.03837
0.218,0.1499,9.7438,0.020651,0.027179,0.053292
0.1557,0.1656,9.6976,0.029311,0.037571,0.023049
0.0438,0.1119,9.7368,0.017453,0.05116,0.057022
-0.0507,-0.0514,9.846,0.019318,0.02185,0.029844
0.203,0.0454,9.8428,0.014389,0.022916,0.032108
0.2283,-0.0131,9.8364,0.0097258,0.050761,0.025047
0.2481,-0.1285,9.5967,0.045431,0.047163,0.036771
0.2322,0.0166,9.7585,0.063151,0.047563,0.043566
0.2415,0.0142,9.7322,0.059687,0.048895,0.091795
0.0082,-0.2019,9.6316,0.038104,0.019984,0.035173
-0.2026,-0.1346,9.5657,0.048096,0.022383,0.042367
-0.0078,-0.2442,9.5915,0.022649,0.013057,0.031043
0.0404,-0.0697,9.9119,0.017853,0.018919,0.023182
0.0405,-0.0719,9.9008,0.020517,0.018519,0.045964
-0.0697,-0.1342,9.7864,0.017453,0.061019,0.029311
0.0782,-0.3231,9.8118,0.031709,0.038637,0.034906
0.0829,-0.2458,9.8379,0.036771,0.061685,0.04743
0.1672,0.1222,9.9654,0.018652,0.051294,0.025847
0.1068,0.1588,9.8067,0.008127,0.001732,0.010792
-0.1558,0.1479,9.7462,0.048229,0.053692,0.030376
0.1741,-0.1028,9.6513,0.045298,0.029577,0.022383
0.0165,-0.0037,9.8019,0.028778,0.017986,0.032908
-0.0735,0.2079,9.6242,0.057555,0.018519,0.02971
-0.0224,0.2987,9.8546,0.032108,0.040369,0.019052
0.1575,0.0686,9.9908,0.044765,0.03011,0.028778
0.0518,0.1357,9.8317,0.049428,0.019452,0.044366
0.0254,0.0615,9.668,0.032375,0.0079938,0.040768
-0.053,0.0287,9.8149,0.046098,0.0061286,0.035572
-0.1454,0.0457,9.8664,0.045431,0.063551,0.054891
0.0654,0.0816,9.8545,0.051693,0.03051,0.052759
0.1399,0.073,9.838,0.047563,0.022383,0.015055
0.2077,0.1238,9.5933,0.056623,0.037571,0.038637
0.0402,-0.0164,9.5813,0.034507,0.024514,0.027445
-0.0393,0.2898,9.5124,0.051294,0.032908,0.047696
-0.1315,0.0644,9.7529,0.03917,0.0429,0.062352
-0.0297,0.0418,9.932,0.032775,0.031176,0.030909
-0.0799,0.0149,9.8662,-0.00093261,0.045831,0.030909
0.0588,0.0452,9.7601,0.023049,0.046497,0.036239
-0.1574,-0.0184,9.7268,0.03464,0.044765,0.035306
-0.3227,-0.0268,9.7554,0.073676,0.01692,0.039036
-0.0019,-0.2937,9.8113,0.045165,0.01772,0.036638
-0.1852,-0.2359,9.733,0.028511,-0.0030643,0.057422
-0.2074,-0.211,9.777,0.011325,0.06395,0.048496
-0.1099,-0.2223,9.8048,0.039569,0.032242,0.025713
-0.107,-0.014,9.7321,0.025447,0.0097258,0.010792
-0.0821,0.0272,9.8579,0.027179,0.012657,0.021716
-0.0544,-0.0569,9.7075,0.030643,0.023848,0.061952
0.1647,0.1143,9.5951,0.027712,0.0046631,0.028778
0.1963,-0.148,9.6359,0.0085267,0.027978,0.031442
0.1054,-0.017,9.5234,-0.0021317,0.058088,0.060486
0.0777,0.0863,9.6841,0.031309,0.086067,0.051294
-0.1304,-0.2868,9.8271,0.043966,0.027845,0.029977
0.0501,-0.3947,9.885,0.042101,0.03464,0.03917
0.0214,-0.1579,9.7362,0.028778,0.043033,0.030909
0.0371,-0.0399,9.6445,0.052892,0.0027978,0.013723
-0.0187,-0.1538,9.6305,0.010525,0.020784,0.069413
0.1515,-0.0158,9.6816,0.032641,0.0087932,0.052093
-0.006,-0.0534,9.6718,0.029044,0.023448,0.067548
0.0792,-0.107,9.8234,0.029844,0.029177,0.057955
-0.078,-0.0553,9.7482,0.020784,0.06475,0.040635
-0.0701,-0.0986,9.9042,0.013856,0.023715,0.077806
-0.0887,0.1746,9.7105,0.045298,0.0087932,0.059687
-0.0975,0.1411,9.599,0.040635,0.012524,0.014522
0.1015,0.1905,9.8014,0.011058,0.0085267,0.061819
0.0655,0.1174,9.8814,0.03424,0.020118,0.059154
0.041,-0.1317,9.8425,0.02518,0.018519,0.026912
0.0997,0.0475,9.6697,0.040235,0.041168,-0.0041301
0.302,0.0436,9.6354,0.050494,0.039436,-0.0083935
0.1386,0.0958,9.8766,0.040102,0.013723,0.011991
0.1382,0.0962,10.201,0.054624,0.037971,0.019851
0.0194,-0.0284,9.9753,0.041834,0.0090596,0.006395
0.214,-0.0498,9.8314,0.0433,0.017586,0.035572
0.2235,-0.0787,9.7235,0.038637,0.0090596,0.058754
0.1034,-0.0121,9.8781,0.017586,0.021184,0.050094
-0.0692,-0.0724,9.854,0.016521,0.061419,0.029444
-0.0263,-0.0456,9.718,0.029311,0.046764,0.028112
0.0305,0.0182,9.7722,0.020251,0.043966,0.001732
0.0174,-0.104,9.6838,0.053692,0.064217,0.019718
0.0018,0.317,9.6801,0.052892,0.03837,0.031309
-0.0381,0.0047,9.7941,0.026912,0.032108,0.034773
-0.1728,0.0692,9.8685,0.028644,0.044366,0.055157
-0.0183,-0.0847,9.8071,0.049428,0.047563,0.024381
-0.2504,-0.0857,9.8976,0.020251,0.040502,0.025447
0.0657,-0.1511,9.7216,0.013723,0.040635,0.051693
0.0536,-0.0618,9.7177,0.013989,0.051826,0.0074609
-0.0327,-0.0417,9.7701,-0.00053292,0.023582,0.027845
-0.1172,0.2026,9.7591,0.0077273,0.048629,0.054624
-0.1419,0.0454,9.7368,0.027312,0.056889,0.045165
0.0425,-0.0553,9.4873,0.029044,0.079672,0.039836
0.0841,-0.009,9.5584,0.025314,0.006928,0.028511
0.3093,0.2871,9.5748,0.049961,0.014922,0.052093
0.3644,0.1641,9.6024,0.02105,0.063417,0.018652
0.1682,0.0701,9.5578,0.01279,0.029977,0.064617
0.2367,-0.1088,9.6511,0.056623,0.016387,0.070345
0.0651,-0.2536,9.4646,0.052892,0.031975,0.057822
0.1567,-0.1343,9.8408,0.063284,0.0041301,0.066215
0.0866,0.0159,9.8082,0.055823,0.022383,0.052892
0.028,-0.0587,9.9078,0.043833,0.039703,0.031309
0.0083,-0.0271,9.8808,0.046364,0.015588,0.045964
-0.0828,-0.2631,9.9498,0.059021,0.035439,0.012124
-0.0238,-0.1748,9.888,0.05196,0.033174,0.030776
-0.0314,-0.2607,9.7619,0.039303,0.019984,0.040102
0.0692,0.025,9.6969,0.015188,0.022649,0.036239
0.2247,-0.0736,9.7846,0.050494,0.044499,0.015455
0.1856,0.0667,9.9006,0.028778,0.020384,0.029044
0.114,0.1771,9.8542,0.03464,0.054091,0.024781
0.1542,0.0757,9.8441,0.045431,0.048762,0.058222
0.0028,-0.0006,9.9288,0.011724,0.055823,0.037837
-0.0207,-0.0882,9.9745,0.020251,0.023049,0.029044
0.0208,-0.0516,10.043,0.029577,0.044232,0.073143
-0.095,0.1279,9.905,0.05609,0.037038,0.062218
-0.2386,0.0181,10.122,0.025713,0.024914,0.053692
0.0155,0.2006,10.021,0.041701,0.061819,0.036372
0.1833,0.1991,9.6388,0.02105,0.052359,0.010392
0.2271,0.1018,9.8923,0.045698,0.052493,0.049428
0.0629,0.1382,9.7326,0.040635,0.043566,0.045698
0.0718,0.0718,9.9338,0.030376,0.036372,0.049828
0.1484,0.0262,9.8542,0.030776,0.041035,0.057156
0.1986,-0.0634,9.8809,0.025847,0.029577,0.040635
0.019,-0.0987,9.886,0.032375,0.02145,0.043566
0.0879,0.1706,9.8082,0.037704,0.039436,0.065016
0.0492,-0.0199,9.7609,0.032908,0.031442,0.036638
0.238,-0.1593,9.6734,0.027978,0.044632,0.052892
-0.0263,-0.2889,9.8045,0.023981,0.048362,0.063417
-0.2215,-0.1226,9.8025,0.0021317,0.024648,0.034906
-0.2683,-0.0644,9.9067,0.0094593,0.05982,0.033174
0.0651,0.0222,9.882,0.0015988,0.041834,0.036638
0.3253,0.1314,9.913,0.0027978,0.023582,0.034373
-0.0172,0.1849,9.7983,0.045831,0.044765,-0.0073276
-0.0036,0.1861,9.9454,0.037304,0.022916,0.015055
0.2862,0.0188,9.8285,0.0042634,0.0061286,0.041301
0.1044,-0.0804,9.7437,0.0071944,0.0425,0.049295
0.042,-0.0189,9.6368,0.029311,0.010259,0.031709
-0.0197,-0.0293,9.6921,0.048496,0.023582,0.010392
0.0538,-0.1288,9.8083,0.02518,0.017986,0.015721
0.0927,-0.1252,9.9063,0.041435,0.019185,0.023848
-0.1544,0.0705,9.9885,0.074076,0.058088,0.030376
-0.0728,-0.1538,9.7661,0.035039,0.043167,0.065682
0.0514,-0.2218,9.8727,0.049162,0.046497,0.054624
0.1943,-0.0124,9.7439,0.033041,0.048096,0.029311
0.177,0.0025,9.6984,0.037038,0.041568,0.013856
-0.0455,-0.0111,9.9227,0.0074609,0.049828,0.0055957
-0.1384,0.1706,9.8057,0.034773,0.049162,0.017986
0.0045,0.2189,9.6278,0.028112,0.029977,0.033174
-0.0557,0.037,9.7748,0.014122,0.015721,0.011857
-0.0271,0.0496,9.9498,0.029444,0.026113,0.02971
-0.1012,0.1389,9.8274,0.023049,0.021583,0.013856
-0.054,0.2323,9.883,0.014122,0.02558,0.05156
-0.124,0.1808,9.6533,0.0057289,0.040369,0.050094
-0.133,0.2897,9.766,0.028378,0.05116,0.042767
-0.0345,0.224,9.9213,0.035839,0.031842,0.067548
-0.0047,0.1312,9.7739,0.021716,0.03837,-0.00093261
-0.0849,0.081,9.9524,0.062352,0.040902,0.057022
0.0485,0.2997,9.9004,0.055557,0.052093,0.034107
0.061,0.1923,9.7117,0.040768,0.035706,0.037971
-0.0143,0.1962,9.7359,0.027046,0.047163,0.042634
0.0319,0.0863,9.9203,0.022116,0.06395,0.023582
0.082,-0.0022,9.9369,0.037438,0.029444,0.058621
0.0741,0.15,9.7779,0.031576,0.027445,0.059554
0.0801,0.0624,9.6962,0.046098,0.027712,0.04743
0.0841,0.1696,9.8342,0.053692,0.018386,0.045698
-0.1468,0.1865,9.9373,0.029044,0.013989,-0.0026646
-0.2388,0.1579,9.8406,0.0031975,0.046897,0.030376
-0.1176,0.0374,9.9536,0.03051,0.03837,0.02185
-0.215,-0.0244,9.9434,0.02971,0.010792,0.040768
-0.1346,-0.0071,9.8897,0.034373,0.0013323,0.027978
-0.1148,0.0853,10.183,0.013723,0.039303,0.03837
-0.0983,-0.0036,9.8535,0.040635,0.031176,0.053692
-0.1003,-0.0345,9.9014,0.05649,0.032908,0.018785
-0.0542,0.1816,9.7802,0.026912,0.040369,-0.0026646
-0.0594,0.1268,9.8635,0.040102,0.045165,0.0041301
0.0952,0.3452,9.7988,0.028245,0.048229,0.0097258
0.3104,0.0814,9.6973,0.023848,0.01319,0.031309
0.1068,0.1305,9.8178,0.03464,0.03464,0.026113
0.0209,-0.1148,9.7556,0.068747,0.035972,0.055957
-0.1686,0.1476,9.9807,0.059021,0.032508,0.044232
-0.1259,0.0342,9.8543,0.078206,0.028644,0.0095926
0.064,0.036,9.9862,0.044366,0.035572,0.012257
0.2682,0.0986,9.8794,0.060486,0.06062,0.026513
0.0173,-0.0236,9.9993,0.018652,0.052626,0.057289
0.017,0.0796,9.7443,0.039836,0.0022649,0.042634
-0.0753,0.0177,9.9132,0.031709,0.028112,0.014655
-0.0978,0.2168,9.8929,0.041834,0.059021,0.03837
0.0391,0.306,10.05,0.037304,0.035572,0.024381
0.1167,0.1761,9.9738,0.048096,0.026246,0.045831
0.2975,0.1085,9.9692,0.060353,0.028245,-0.0030643
0.0717,0.1061,9.7585,0.042234,0.033041,0.038237
0.0876,0.1693,9.778,0.0021317,0.027845,0.013856
0.2128,0.2404,9.8264,0.024514,0.037837,0.046364
0.1103,0.1897,9.9169,-0.0014655,0.027179,0.032108
-0.1714,0.1289,9.848,0.044899,0.028378,0.037438
0.0179,-0.1311,9.7265,0.014122,0.025047,0.010125
0.335,-0.1371,9.515,0.048229,0.023715,0.043033
-0.0518,0.1676,9.7921,0.035039,0.034773,0.015455
0.032,-0.0316,9.7284,0.024648,0.031975,0.022249
-0.0704,0.092,10.02,0.015455,0.027445,0.043966
-0.0699,-0.0759,9.8733,0.035439,0.056356,0.03384
0.0264,0.0336,9.9829,0.035439,0.080071,0.013456
0.0013,0.1365,9.9215,0.053159,0.039036,-0.0015988
-0.0813,0.094,9.7954,0.041168,0.00066615,0.03011
-0.2015,-0.0474,9.8625,0.052093,0.032641,0.037704
-0.0203,0.1361,9.9357,0.041168,0.022649,0.035306
0.209,-0.204,9.8333,0.037971,0.011991,0.028911
0.1734,0.0127,9.8984,0.041035,0.046231,0.015588
0.1163,0.196,9.692,0.043566,0.021184,0.045964
-0.0651,0.1508,9.7623,0.033307,0.048895,0.04783
-0.2048,0.0666,9.7739,0.022649,0.043833,0.06848
-0.1221,0.1069,9.8194,0.041834,0.031043,0.044899
-0.1316,-0.0529,9.7163,0.065949,0.024914,0.028245
0.0619,0.0304,9.6968,0.018519,0.00079938,0.037038
-0.0981,0.0163,9.5271,0.024115,0.023981,0.043033
0.0712,-0.3827,9.6981,0.037704,0.044366,0.042234
0.1952,-0.1509,9.6329,0.033707,0.081537,0.080071
0.1322,0.27,9.5359,0.01239,0.048895,0.056356
-0.0627,0.179,9.6211,0.036105,0.035706,0.073143
0.0709,-0.1147,9.6479,0.043966,0.032775,0.031842
0.0326,-0.0786,9.4645,0.018253,0.030243,0.050761
-0.1571,-0.0928,9.5163,0.011724,0.0099922,0.028911
-0.2789,-0.0042,9.6555,0.045298,0.041435,0.041568
-0.3156,-0.0335,9.9157,0.0057289,0.022649,0.026912
0.2239,-0.0213,9.7076,0.013856,0.042634,0.06435
0.0731,0.1458,10.054,0.033441,0.059154,0.054891
-0.0725,0.0214,9.8126,0.035572,0.026513,0.044366
0.0836,-0.0832,9.7576,0.035039,0.046231,0.037971
0.2598,-0.1062,9.8032,0.053692,0.039303,0.051027
0.0311,0.0289,9.9789,0.046098,0.028778,0.049562
-0.0222,0.0584,10.079,0.064617,0.018253,0.07341
-0.0109,0.0067,9.9372,0.047963,0.046897,0.040902
-0.0764,-0.069,9.9013,0.088731,0.027445,0.047563
0.0392,-0.0533,9.9658,0.053558,0.045831,0.039303
-0.098,-0.1274,9.8798,0.022782,0.040902,0.062751
-0.0548,-0.2449,9.7812,0.024914,0.038903,0.028378
0.0232,0.1603,9.6143,0.049029,0.029844,0.063284
0.1859,-0.027,9.8719,0.022249,0.04703,0.029844
0.022,0.0019,9.5995,0.035972,0.066615,0.0042634
0.0034,0.1116,9.4833,0.038104,0.015588,0.00053292
0.2053,0.0614,9.7969,0.023981,0.029444,0.026246
0.0292,0.0198,9.7473,0.060353,0.040502,0.0074609
-0.0916,-0.1293,9.6234,0.031576,0.037837,0.028511
0.0526,0.0032,9.6929,0.032242,0.05116,0.03837
0.219,0.1622,9.6014,0.033574,0.046098,0.028112
0.0864,0.1234,9.6671,0.024781,0.040235,0.040902
-0.1019,0.1686,9.7808,0.056756,0.039436,0.02185
-0.0322,0.337,9.7117,0.028378,0.040369,0.036372
-0.0848,0.0082,9.8446,0.020517,0.023315,0.032641
0.1972,-0.0731,9.8303,0.0021317,0.029044,0.0433
0.1033,-0.0695,9.9292,0.037837,0.042767,0.042767
-0.0511,-0.0206,9.6253,0.016787,0.031442,0.041301
-0.104,0.0503,9.7877,0.026113,0.044765,0.065816
-0.1121,0.0326,9.6743,0.036771,0.031709,0.029977
0.1648,0.0242,9.77,0.028511,0.034773,0.0433
0.1748,0.075,9.7963,0.031709,0.036771,0.016387
0.1049,-0.2149,9.9578,0.023981,0.035706,0.028378
-0.0659,-0.0512,9.902,0.061419,0.017187,0.022649
-0.004,-0.0829,9.9627,0.01692,0.017053,0.037971
0.0404,-0.1892,9.8566,0.044366,0.049695,0.050761
-0.0083,-0.0429,9.7628,0.034906,0.048762,0.017187
-0.0897,-0.1193,9.8579,0.040235,0.012257,0.019851
-0.0427,-0.1923,9.6319,0.041435,0.025314,0.033041
-0.0116,-0.1282,9.6648,0.061286,0.034107,0.061952
-0.1071,-0.0756,9.7147,0.037171,0.032108,0.046364
-0.0167,-0.0352,9.8619,0.034373,0.034773,0.05982
0.0349,-0.0209,9.9074,0.030243,0.032242,0.053425
-0.0511,0.1169,9.9252,0.044099,0.013723,0.033441
-0.0286,0.0288,9.9069,0.027712,0.033974,0.012657
-0.0033,-0.0591,9.674,0.049695,0.0433,0.027845
-0.1694,-0.0645,9.7007,0.043566,0.028644,0.02558
-0.1523,0.0416,9.7541,0.03011,0.041301,0.052493
-0.0192,0.2411,9.8686,0.018253,0.044366,0.031709
-0.1254,0.1547,9.6597,0.045431,0.072077,0.048362
-0.0169,-0.0657,9.7377,0.040635,0.043566,0.035706
0.1661,0.0022,9.7896,0.027312,0.0061286,0.023582
0.0657,-0.066,10.048,0.015854,0.029577,0.010792
0.2771,-0.0338,9.8728,0.047563,0.034773,0.028778
-0.0139,-0.0447,9.9256,0.04663,0.018119,0.040902
-0.0322,-0.2407,9.6506,0.05569,0.031709,0.0425
0.2922,-0.1848,9.6745,0.034373,0.026912,0.045831
0.2137,-0.1339,9.8649,0.032908,0.05609,0.051693
-0.0276,-0.1626,10.173,0.041701,0.013456,0.028911
0.0128,-0.1175,9.7566,0.048096,0.023315,0.036372
0.2243,-0.0321,9.7618,0.05196,0.021317,0.057156
-0.0402,-0.1033,9.6907,0.027978,0.023315,0.03011
0.0457,-0.0718,9.8416,0.031842,0.026646,0.053159
0.0219,-0.2269,9.6082,0.027978,0.019585,0.040768
-0.1479,0.0233,9.6667,0.017187,0.010525,0.043433
-0.0165,0.014,9.6548,0.016121,0.025314,0.019585
0.0687,-0.1008,9.87,0.0045298,0.038903,0.036771
0.2953,0.0558,10.012,0.018253,0.039836,0.031975
0.1467,0.1199,9.6698,0.028378,0.031043,0.0094593
-0.0763,-0.0457,10.051,0.028911,0.03424,0.042367
-0.0351,0.029,9.7651,0.051693,0.059554,0.057156
0.099,0.2107,9.6129,0.039969,0.029844,0.057689
0.126,0.4388,9.6503,0.023715,0.057822,0.030376
-0.0903,0.1533,9.7826,0.0049295,0.043966,0.026113
-0.2256,0.0805,9.9081,0.041035,0.044632,0.032908
-0.1614,0.148,9.8909,0.032242,0.040768,0.042367
-0.095,0.0115,10.045,0.031442,0.050894,0.038104
0.1595,0.0554,9.8926,0.05116,0.032908,0.025447
-0.0158,-0.1178,9.91,0.059421,0.038104,0.023049
0.0996,0.0994,9.8686,0.042767,0.0033307,0.022516
0.2709,-0.1006,9.8239,0.060486,0.042367,0.062218
0.384,0.1361,9.7701,0.020917,0.040102,0.041568
0.1316,0.0284,9.7452,0.03051,0.013456,0.053425
0.1679,-0.1541,9.8426,0.03464,0.021184,0.024914
0.133,-0.0285,9.8931,0.032641,0.031043,0.053292
-0.0421,0.0247,9.9058,0.012923,0.050894,0.034507
0.1503,0.2202,9.9968,0.057022,0.043433,0.01279
0.0237,0.1248,9.949,0.040635,0.03424,0.050627
0.0849,0.0588,9.84,0.036239,0.013723,0.025447
-0.0774,0.1117,9.8092,0.019052,0.04663,0.061419
-0.015,-0.166,10.048,0.016521,0.049961,0.069679
0.0613,-0.0144,9.8008,0.032242,0.039836,0.042367
-0.0275,0.0721,10.113,0.031309,0.026912,0.059554
-0.0165,0.1738,9.8988,0.037038,0.043033,0.04743
-0.0174,-0.1366,9.8289,0.047963,0.066215,0.04703
0.0298,-0.234,9.7925,0.06062,0.075142,0.02145
-0.1255,-0.2206,9.8281,0.030776,0.030243,0.026779
-0.0364,-0.202,9.9009,0.031309,0.035039,0.061552
0.0131,-0.1217,9.789,0.050494,0.010125,0.042634
0.112,-0.2163,9.9852,0.033707,0.041568,0.05116
-0.0157,-0.2685,9.8602,0.027312,0.015188,0.057022
-0.0065,0.0496,9.7921,0.017453,0.0019985,0.0095926
-0.1627,-0.0589,9.9003,0.047163,0.041435,-0.00026646
-0.1521,-0.1646,9.8409,0.035572,0.015455,0.027712
-0.0612,-0.1343,9.9259,0.022516,0.044765,0.022649
-0.1819,-0.0733,10.015,0.031842,0.029977,0.018919
-0.2538,-0.1194,10.033,0.043033,0.05982,0.037304
-0.1826,-0.0912,10.011,0.031842,0.011458,0.037171
0.0231,0.0538,9.8166,0.045431,0.058222,0.016387
-0.2248,0.1336,9.6498,0.018652,0.015055,0.025314
0.116,0.1018,9.6824,0.016387,0.03384,-0.0042634
0.0536,0.0127,9.8086,0.020118,0.015188,0.052759
-0.226,0.0417,9.9207,0.038237,0.067414,0.016254
-0.1207,0.126,10.003,0.022782,-0.010925,0.060353
-0.3209,0.0737,9.9343,0.03464,0.010658,0.044099
-0.1168,0.0259,9.7478,0.024914,0.028378,0.041435
0.0779,0.0756,10.045,0.055424,0.074609,0.0022649
0.0335,0.0125,10.111,0.0078606,0.033041,0.0075941
-0.0551,0.1006,9.9266,0.047297,0.05196,0.022116
-0.1864,0.1623,9.8672,0.053558,0.071545,0.044232
-0.118,0.0878,9.7823,0.047696,0.066482,0.040235
-0.1456,0.1682,9.7385,0.031842,0.03837,0.052093
-0.0898,-0.0059,9.8438,0.010259,0.04703,0.029444
-0.0556,-0.0345,9.64,0.062352,0.05116,0.021983
-0.0588,-0.1463,9.7755,0.028112,0.033174,0.02145
0.0542,-0.186,9.8431,0.049428,0.043699,0.028778
0.2311,0.1577,9.9319,0.053958,0.049695,0.037971
-0.0303,-0.1103,9.7058,0.036105,0.063817,0.0429
-0.1074,-0.0369,9.8786,0.038237,0.056623,0.048229
0.0828,0.0997,9.7396,0.032775,0.041834,0.058754
-0.0434,0.0154,9.8868,0.0037304,0.029311,0.044366
0.1053,0.1751,9.7915,0.054624,0.0094593,0.038903
-0.0268,-0.0238,9.7466,0.0425,0.043033,0.014789
-0.1046,-0.2168,9.5339,0.048762,0.035439,0.024914
-0.2577,-0.0047,9.7797,0.015188,0.041834,0.011991
-0.196,0.0941,9.8197,0.0090596,0.030376,0.037571
0.0358,0.2161,9.7402,0.023582,0.042767,0.051826
-0.0649,0.1314,9.8508,0.035439,0.069813,0.030243
0.116,-0.15,9.6553,0.025847,0.051693,0.0065283
-0.0624,-0.0642,9.7061,0.047963,0.057289,0.03051
-0.1911,-0.0125,9.7737,0.01732,0.029977,0.0086599
-0.0474,0.0324,9.7076,0.017453,0.059554,0.037171
0.2079,0.0803,9.7748,0.021983,0.070079,0.05609
0.2058,0.0152,9.9256,0.059021,0.029444,0.035972
0.0326,-0.0789,9.7759,0.055024,0.034773,0.010125
-0.3618,-0.2549,9.8576,0.01772,0.01772,0.0078606
-0.0818,-0.2251,9.9856,0.031975,0.0070612,0.041035
-0.01,0.0889,10.008,0.016121,0.024648,0.032775
0.0885,0.1613,10.024,0.036239,0.034906,0.046897
0.0117,0.0103,10.008,0.023981,0.038237,0.017586
0.0269,0.1817,9.7791,-0.0013323,0.038104,0.049162
-0.0321,-0.2059,9.7289,0.026912,0.038503,0.029177
-0.158,-0.1021,9.607,0.065283,0.026912,0.060486
0.0831,-0.1109,9.7057,0.053159,0.02518,0.039436
0.124,0.004,9.7944,0.022249,0.019185,0.045165
0.1259,0.241,9.6481,0.068347,0.056356,0.052892
-0.0615,0.0487,9.5719,0.02145,0.021716,0.03384
0.0512,0.1134,9.674,0.042101,0.023582,0.045165
-0.188,-0.0548,9.7126,0.044099,0.017586,-0.0054624
0.0379,-0.0985,9.676,0.02971,0.045032,0.036505
0.0487,-0.2065,9.8043,0.017853,0.016787,0.018253
-0.0598,-0.0587,9.7063,0.0086599,0.030376,0.031576
-0.1824,-0.0866,9.5975,0.0045298,0.040502,0.011591
0.0027,0.0292,9.7298,0.026779,0.055823,0.039036
0.1263,0.0517,9.7657,0.02971,0.052493,0.021583
0.3067,-0.1381,9.9372,0.029844,0.014655,0.047696
-0.0501,-0.1726,9.7204,0.032508,0.051693,0.050761
-0.0048,-0.0813,9.8235,0.032641,0.037438,0.046098
-0.0911,-0.0741,9.9254,0.04783,-0.001732,0.030909
-0.312,-0.2573,9.9203,0.030776,0.045565,0.01319
0.0201,-0.2545,9.8177,0.023182,0.030376,0.014522
0.0691,-0.0041,9.7696,0.019585,0.050761,0.051826
0.1766,0.0177,9.7564,0.02105,0.063684,0.032908
0.261,0.0663,9.816,0.037438,0.05116,0.050094
0.2822,-0.0141,9.8103,0.026246,0.067015,0.054758
0.0001,0.0674,9.6729,0.022916,0.062485,0.024648
-0.0645,0.0026,9.6641,0.052359,0.033307,0.040635
-0.0005,0.2297,9.7515,0.0433,0.046231,0.013057
-0.1413,0.1392,9.7723,0.016254,0.025713,0.047696
-0.0627,0.0441,9.8391,0.030776,0.035572,0.031043
-0.0429,0.0457,9.7422,0.035839,0.044499,0.023049
0.2485,-0.0902,9.725,0.024115,0.052359,0.0071944
-0.1761,0.0256,9.7335,0.0010658,0.026646,0.03917
0.0541,-0.2576,9.5535,0.03464,0.011325,0.023848
0.0826,-0.034,9.7757,0.023715,0.020118,0.021184
-0.0259,-0.1043,9.7346,0.023715,0.02638,0.019185
-0.0103,-0.0387,9.4648,0.057156,0.013989,-0.012657
0.0895,-0.0919,9.6692,0.053692,0.044366,0.026912
0.041,-0.0207,9.7491,0.034906,0.014256,0.013989
-0.0547,-0.0759,9.6472,0.037837,0.023582,0.02145
0.117,-0.0671,9.7844,0.056623,0.020784,0.041701
0.0541,-0.2432,9.7203,0.0083935,0.024781,0.033574
0.2075,-0.0015,9.6686,0.071278,0.021583,0.015854
0.2647,-0.0362,9.7887,0.034773,0.031309,0.032908
0.2869,0.2268,9.8154,0.042767,0.023715,0.030376
0.077,0.1902,9.8152,0.031309,0.073809,0.036905
-0.0713,0.0154,9.7914,0.0425,0.057289,0.048895
-0.1318,-0.028,9.9573,0.039436,0.04783,0.075408
0.0199,0.1169,9.8823,0.054624,0.029977,0.046364
0.0111,-0.1697,9.7707,0.049162,0.0433,0.05982
-0.0229,0.009,9.8464,0.029044,0.037171,0.07341
-0.0493,0.0044,9.9283,0.037971,0.035839,0.024914
-0.0144,0.038,9.8492,0.035306,0.051826,0.050761
0.2926,-0.0763,9.8693,0.041701,0.027579,0.03464
0.1721,0.0062,9.7349,0.024781,0.042367,0.059154
0.1349,0.1047,10.083,0.026246,0.039303,0.041435
-0.0037,0.0212,9.8219,0.031709,0.035972,0.020384
0.0008,0.0745,9.7199,0.032375,0.027579,0.016387
0.0635,0.0292,9.5036,0.047963,0.012124,0.032908
0.2512,-0.0033,9.6273,0.06435,0.040902,0.036638
0.0318,0.158,9.5664,0.031975,0.0054624,0.020917
-0.102,0.0213,9.6809,0.03051,0.050094,0.032641
0.2771,0.1941,9.687,0.052759,0.012524,0.023981
-0.1924,0.1841,9.7945,0.032108,0.00093261,0.054358
-0.1895,0.0972,9.8776,0.0093261,0.02105,0.00066615
-0.1368,0.0325,9.8096,0.052892,0.032375,0.027712
-0.0472,0.154,9.6961,0.02558,0.038903,0.05156
-0.1686,-0.0782,9.6382,0.035439,0.037038,0.033707
-0.2207,0.1279,9.7532,0.035173,0.031309,0.027845
-0.1845,-0.0545,9.9138,0.036638,0.050494,0.046098
0.1109,0.2004,9.7252,0.033174,0.031576,0.03384
0.2008,0.116,9.7891,0.044232,0.030776,0.058621
0.1185,0.2428,9.9128,0.054758,0.033974,0.034373
0.0037,0.1699,9.5817,0.026513,0.044632,0.032375
-0.0379,0.1135,9.7724,-0.0018652,0.03837,-0.016787
-0.1221,-0.0102,9.8868,0.0018652,0.040102,0.020917
-0.08,-0.042,9.8829,-0.013456,0.032775,0.032108
0.1486,-0.0109,10.024,0.044099,0.028511,0.059421
0.0091,0.0362,9.9502,0.020784,0.066482,0.031309
0.216,0.0981,9.9771,0.017053,0.054225,0.029844
0.0823,0.0203,10.039,0.027046,0.026646,0.041568
0.21,0.0237,10.021,0.02638,0.035839,0.035306
0.1373,-0.1037,9.9954,0.074742,0.037304,0.03464
0.1318,0.092,9.9759,0.023315,0.048629,0.058754
0.2979,0.2083,9.6991,0.076074,0.020384,0.040369
0.1389,0.1286,9.7949,0.029577,0.039703,0.013323
0.0997,0.0846,9.8244,0.053558,0.067548,-0.017187
-0.1833,0.2017,9.5744,0.069013,0.021716,0.019984
-0.0908,0.1691,9.8778,0.07341,0.016387,0.028112
-0.0275,0.0653,9.7103,0.062352,0.035306,0.048229
-0.0621,0.1654,9.8146,0.033307,0.057822,0.010125
0.1178,0.1178,9.8075,0.015188,0.048629,0.044099
0.1379,0.0332,9.6877,0.040235,0.040235,0.052093
-0.0119,0.0667,9.5603,0.043699,0.038104,0.014389
-0.1747,-0.1829,9.6313,0.036905,0.04663,0.0023981
-0.1942,-0.0609,9.5013,0.0075941,0.034906,0.025314
-0.2458,-0.186,9.8173,0.048762,0.035572,0.026113
-0.0999,0.0727,9.8569,0.066082,0.037438,0.017986
-0.1297,0.2447,9.897,0.075541,0.033174,0.049961
0.0749,0.3031,9.8558,0.032242,0.033574,0.037438
0.0997,0.1894,9.9558,0.035173,0.052493,0.041834
0.0258,-0.0317,9.7994,0.045165,0.042767,0.040768
0.006,-0.0195,9.8234,0.033041,0.03051,0.011724
-0.0284,-0.0835,9.7499,0.05116,0.039036,0.019452
-0.1274,-0.1204,9.6446,0.033974,0.048096,0.043033
-0.0755,-0.0814,9.6468,0.024381,0.037171,0.030376
0.0333,0.2707,9.7754,0.0095926,0.00093261,0.042367
-0.1206,-0.0004,9.9693,0.0057289,0.023848,0.0433
-0.0466,0.0485,9.7021,0.0097258,0.016387,0.033174
0.0549,-0.096,9.6207,0.024248,0.0049295,0.020784
0.2278,-0.0616,9.6474,0.017586,0.026646,0.038237
0.1445,0.059,9.9057,0.037704,-0.0010658,0.037571
0.2033,0.0054,9.9388,0.065549,0.017453,0.074476
0.1975,0.2312,9.8043,0.050094,0.035173,0.076208
0.0579,0.1007,9.8401,0.043833,0.042367,0.041168
0.1093,-0.2274,9.8064,0.05569,0.053825,0.024781
0.1018,-0.1104,9.7488,0.024248,0.05529,0.027579
-0.047,0.1271,10.011,0.03917,0.040902,0.04783
0.2196,0.0341,10.007,0.0082603,0.029444,0.02558
-0.0456,-0.1254,9.6608,0.040102,0.046897,0.035306
0.0624,-0.0662,9.7578,0.027712,0.029977,0.038503
-0.1314,-0.199,9.7046,0.006928,0.044765,0.027978
-0.0861,0.0006,9.7102,0.037438,0.016787,0.036771
-0.0663,-0.0309,9.8337,0.052226,0.059554,0.02638
-0.01,-0.0978,9.8363,0.023981,0.0058621,0.013856
-0.1693,-0.0785,9.7352,0.037438,0.03837,0.043566
-0.192,-0.0391,10.062,0.039569,0.064217,0.033307
0.0542,-0.2816,9.8597,0.030643,0.031176,0.065416
-0.0178,0.0117,9.9507,0.02638,0.049295,0.043167
-0.1064,0.0097,9.7238,0.048895,0.03837,0.069413
0.1899,-0.1079,9.6234,0.046497,0.039703,0.037837
-0.0292,-0.222,9.7976,0.03837,0.027978,0.047163
-0.1086,-0.2877,9.8877,0.031043,0.016521,0.030643
0.0327,-0.2301,9.8854,0.047163,0.0021317,0.022116
-0.0447,-0.0563,9.8538,0.023582,0.0035972,0.036239
-0.1073,0.0716,9.9169,0.037837,0.035306,0.03384
-0.0317,-0.034,10.007,0.035839,0.034373,0.038637
0.0741,-0.0912,9.8699,0.031842,0.045964,0.033441
0.0815,-0.0585,9.848,0.047297,0.048362,0.048629
0.0035,0.0183,9.9627,0.010125,0.031176,0.029311
-0.1049,-0.065,9.815,0.033174,0.02518,0.065016
-0.0621,-0.344,9.7533,0.022383,0.040902,0.066881
0.1549,-0.1929,9.6921,0.039836,0.025047,0.054358
-0.0635,-0.2127,9.762,0.040635,0.0429,0.011191
-0.0057,-0.2809,9.6069,0.020517,0.037038,0.044232
0.007,-0.162,9.7414,0.023049,0.031576,-0.020784
0.1093,-0.0375,9.8702,0.05116,0.033041,0.0038637
-0.0398,-0.0596,9.9898,0.052892,0.077407,0.028245
0.1158,0.0988,9.828,0.051826,0.02971,-0.0099922
0.076,-0.0591,9.843,0.055957,0.018253,0.015854
-0.0216,0.1651,9.9837,0.035039,0.019185,0.047163
0.0407,0.0783,9.8479,0.044632,0.015321,0.091129
-0.0697,0.1292,9.8074,0.044765,0.0022649,0.066748
-0.0525,0.1627,9.8558,0.037038,0.02638,0.028911
-0.0604,0.0443,9.932,0.016521,0.046897,0.050761
0.0432,0.0299,9.8606,0.030643,0.05609,0.015055
-0.1083,-0.0135,10.019,0.013323,0.018119,0.019585
0.0852,0.1538,9.9506,0.064617,0.050761,0.028112
-0.2755,0.0849,9.8013,0.039969,0.058621,0.027445
-0.2545,0.217,9.942,0.034906,0.020384,0.046897
-0.1217,0.0373,9.8576,0.036771,0.049828,0.062218
-0.128,0.0158,9.9352,0.032508,0.027712,0.055557
0.0188,0.0647,9.8447,0.058088,0.024914,0.055557
-0.0575,0.0033,9.9058,0.059953,0.041834,0.022516
0.2094,-0.0807,9.7372,0.02598,0.040235,0.046764
0.0681,-0.086,9.8383,0.038503,0.0099922,0.037971
-0.0098,-0.0089,9.7811,0.060753,0.003464,0.047563
0.167,-0.0628,9.8727,0.05609,0.012923,0.015188
0.0892,-0.0453,9.7174,0.042367,0.035306,-0.0025314
0.1392,-0.171,9.8978,0.02598,0.067681,0.041834
-0.0234,-0.1847,9.9095,0.025713,0.036105,0.019718
-0.0389,-0.0942,9.6847,0.011458,0.046764,0.026779
0.1302,0.0926,9.6765,0.048362,0.01692,0.017986
0.0584,-0.0017,9.7636,0.037571,0.020118,0.032775
0.256,0.1247,9.8245,0.016654,0.081004,0.051693
0.047,0.0317,9.6769,0.058488,0.039036,0.018652
0.1472,0.1311,9.913,0.043033,0.0066615,0.039303
0.204,-0.0101,9.8003,0.035572,0.03917,0.040635
-0.0881,-0.0851,9.7691,-0.0019985,0.026246,0.027312
0.018,0.039,9.4695,0.041035,0.032108,0.071811
-0.061,0.1038,9.5676,0.034773,0.029044,0.046231
-0.0519,-0.1368,9.7111,0.034773,0.038503,0.030376
0.0849,0.08,9.7971,0.023848,0.032108,0.039836
-0.1544,-0.1587,9.8144,0.023715,0.020384,0.018253
-0.1356,-0.0667,9.7253,0.043433,0.023182,0.03464
0.1279,0.1267,9.7193,0.03464,0.017053,0.046364
0.1067,-0.0147,9.9235,0.042101,0.036505,0.032508
0.0357,-0.0798,10.087,0.024248,0.034373,0.037171
0.0753,0.0209,9.882,0.023049,0.035173,0.019452
0.0133,-0.116,9.9929,0.022516,0.048229,0.027712
-0.0322,-0.1748,9.7092,0.030376,0.041035,0.048895
-0.018,-0.1579,9.8625,0.032775,0.045964,0.039703
-0.004,-0.3414,9.8,0.0047963,0.052226,0.033307
-0.0262,0.0235,9.8338,0.029444,0.039703,0.0071944
0.0495,0.0609,9.6948,0.05569,0.029844,0.024514
-0.1195,0.052,9.6952,0.011857,0.043167,0.042101
0.0616,-0.1199,9.5793,0.051693,0.033574,0.040768
0.2286,0.109,9.6068,0.036105,0.026513,0.039436
0.2057,-0.0262,9.5006,0.03917,0.042367,0.03917
0.0318,-0.22,9.6865,0.010925,0.042234,0.019585
-0.1028,-0.043,9.8344,0.014922,0.021716,0.058222
-0.2264,-0.1791,9.8846,0.013323,0.015055,0.032775
-0.1375,-0.0396,9.883,0.032375,0.030376,0.022649
-0.0598,0.039,9.7624,0.027312,0.027712,0.01239
0.0452,-0.016,9.8192,0.057022,0.031576,0.035972
0.0567,0.0099,9.8812,0.029844,0.025314,0.028378
-0.1344,-0.0451,9.7916,0.032508,0.039703,0.018253
-0.0399,-0.0532,9.8128,0.048229,0.02598,0.042367
-0.0869,-0.079,9.9607,0.051294,0.041435,0.041568
-0.3206,-0.0576,9.8268,0.04743,0.015988,0.041035
-0.0445,0.0393,9.7961,0.015854,0.022649,0.015188
-0.0422,0.1274,9.8254,-0.017586,0.036239,0.031309
0.027,-0.13,9.787,0.0033307,0.03051,0.026113
0.0269,-0.1155,9.846,0.036505,0.063551,0.024115
0.0289,-0.0206,9.913,0.024781,0.045565,0.022649
-0.0393,0.1507,9.7985,0.039569,0.032641,0.037704
0.0418,0.0134,9.8505,0.01239,0.085667,0.027046
0.0773,0.1064,9.9621,0.0094593,0.048895,0.046897
0.0871,0.092,9.9984,0.017586,0.067414,0.055157
-0.1873,0.0748,9.7685,0.025713,0.029844,0.023848
-0.1059,0.0405,9.6797,0.032641,0.051693,0.045431
-0.1221,0.0202,9.7693,0.028378,0.052359,0.024514
-0.1604,0.0751,9.8072,0.04743,0.023848,0.036105
0.0324,-0.0235,10.029,0.024381,0.0037304,0.053958
0.0463,-0.1819,9.827,0.060486,0.025847,0.020118
0.1944,-0.1235,9.8252,0.036505,0.049162,0.045831
0.2032,-0.0025,9.8206,0.035839,0.055157,0.040235
0.0791,-0.033,9.9863,0.036638,0.033307,0.038503
0.0411,-0.2264,9.7602,0.027312,0.053159,0.0043966
0.2373,-0.0633,9.8727,0.014256,0.023315,0.023981
0.1661,0.0442,9.8958,0.032641,0.022116,0.043433
0.3614,0.1627,9.7001,0.023715,0.037837,0.037438
0.1583,0.0248,9.6459,0.028644,0.048229,0.031709
0.2491,0.1289,9.7477,0.0429,0.041701,0.05116
-0.055,0.038,9.651,0.043966,0.053558,0.043033
-0.0835,0.1015,9.8084,0.043566,0.034507,0.041035
-0.2679,0.2427,9.5994,0.03464,0.026646,0.037837
-0.3826,0.1854,9.8954,0.036505,0.0433,0.013323
-0.1656,0.0756,9.7681,0.02105,0.044232,0.042101
-0.1427,0.2159,9.9175,0.021983,0.05156,0.050361
-0.0034,-0.0064,9.9071,0.0085267,0.058088,0.049029
-0.0125,-0.0094,9.822,0.052226,0.045298,0.037304
0.0173,0.1751,9.8879,0.0433,0.055157,0.020384
-0.0891,0.0538,9.7859,0.03464,0.010259,0.0425
-0.0738,0.0997,9.7015,0.05982,0.0054624,0.025847
-0.0761,0.0811,9.7373,0.039969,0.067148,0.028378
0.0093,0.2002,9.7307,0.048229,0.056356,0.053026
0.0772,0.037,9.951,0.041301,0.02598,0.061552
0.0449,0.048,10.058,0.019585,0.0087932,0.037304
-0.0431,0.229,9.7624,0.041301,0.022782,0.034773
-0.0102,0.0882,9.8741,0.019585,0.02971,0.016787
0.0157,-0.0973,9.6748,0.023848,0.061019,0.036105
-0.0629,-0.0636,9.7643,0.044499,0.030909,0.013456
-0.0521,0.1637,9.979,0.036105,0.022916,0.015588
0.1212,-0.171,10.115,0.017986,0.024514,0.050627
