0.069679,-0.019984,0.00053292,1.6699,1.5244,10.533
0.086866,0.059687,0.026646,1.8519,1.1855,10.363
0.15055,0.065949,0.053558,1.5687,1.2262,10.821
0.14975,0.017853,0.078472,-0.092806,1.5615,10.955
0.18093,0.019585,-0.03464,0.11975,0.99093,10.677
0.14069,-0.019318,-0.065549,-0.60953,0.382,9.7081
0.10339,0.12657,-0.09033,-0.43409,0.47241,10.793
0.052493,0.03011,-0.11271,0.59276,1.5837,10.659
0.077407,0.035173,-0.028245,1.992,1.6657,11.935
-0.038637,0.042101,0.071012,-0.61671,1.7669,11.235
0.04703,0.057822,-0.052226,-0.84603,0.8137,11.309
-0.050228,0.035972,-0.077407,0.1449,1.716,11.816
-0.044366,-0.018919,-0.019318,2.2794,0.57181,10.07
-0.010792,0.067947,0.015721,-0.21854,-0.10777,11.197
-0.032242,0.0035972,0.076074,0.23531,0.11795,9.8482
-0.085667,-0.071545,0.166,0.35925,-0.7652,11.767
0.0025314,-0.09899,0.076208,1.7124,-0.23591,10.322
0.093394,0.030376,0.03011,1.4484,0.01437,9.598
-0.0074609,0.028245,0.031576,0.56761,-1.1909,9.4812
0.056356,0.038503,0.04783,-0.49816,-0.53947,9.1531
0.16414,-0.035306,0.018919,-0.51253,0.97297,9.2489
0.17067,-0.077673,0.02638,1.1466,0.17184,9.8135
0.0429,0.091529,-0.0053292,1.4771,1.6424,9.3644
0.088731,0.045831,-0.024248,0.81131,0.43888,10.999
0.12111,-0.014256,-0.018919,-0.54067,0.29938,9.1866
0.095393,0.052759,0.027046,1.1598,0.30297,9.9572
0.063817,0.11178,0.02558,0.50535,0.73167,10.692
-0.061286,-0.0050627,-0.0054624,1.0418,-0.01437,8.795
-0.061819,0.083136,0.054624,1.3969,0.15388,9.7836
-0.031709,0.061685,-0.014389,1.801,0.20956,9.371
-0.074209,0.058754,0.021184,1.1993,1.2185,10.199
0.018652,0.039569,-0.057689,2.5315,-0.44547,10.152
0.056889,0.035706,-0.014789,1.6729,0.73886,10.551
0.046497,0.10152,0.12377,1.8825,0.576,10.181
0.054225,0.044366,0.026646,1.2819,1.3005,9.6698
0.065016,0.10205,0.028245,-0.18621,0.79215,11.665
-0.00013323,0.078472,0.068347,-0.36703,0.38739,11.408
0.042234,0.024514,0.046764,-0.1437,-0.88555,8.6687
0.12337,0.064217,0.010792,0.61791,1.746,9.2459
0.032508,0.041435,0.084335,-0.010778,0.66162,9.6746
0.078073,0.0066615,0.063284,0.40655,2.125,8.9387
0.033307,-0.032108,0.16441,1.5178,1.4214,9.6075
0.024115,0.045298,0.19185,0.78855,0.9101,9.3597
-0.00093261,0.074209,0.067148,0.5748,1.431,10.921
-0.014389,0.11538,0.081404,0.60594,0.92507,10.741
0.00079938,0.12883,0.1259,1.7543,0.53828,10.719
-0.050094,0.09939,0.10725,2.41,0.065264,10.364
-0.027579,0.045165,0.061153,1.5035,1.4687,10.019
0.0083935,-0.07301,0.033974,0.05748,0.74904,9.9991
0.098457,-0.097524,-0.031442,0.82867,-1.134,8.6495
0.031309,0.023049,-0.05609,1.7693,0.21675,9.1986
-0.0035972,-0.0066615,0.0091929,0.43709,0.42691,10.38
-0.022916,0.10072,-0.0010658,-0.3844,-0.25148,9.3219
-0.086333,-0.048496,-0.0030643,0.21016,0.60115,10.806
-0.061419,0.073276,0.00013323,0.48199,0.48379,10.97
-0.057422,0.014655,-0.018253,0.74964,-0.72269,10.406
0.0066615,0.039569,0.0038637,-0.0029937,-0.23291,10.546
0.056756,0.014122,0.097791,0.73107,-0.013173,10.641
0.039036,-0.015321,0.059953,0.54606,0.09101,11.518
0.10752,0.069013,0.10965,0.35685,-0.36105,10.049
-0.077673,0.048096,-0.040502,1.707,0.68737,9.7524
-0.11498,-0.0065283,-0.074875,3.2135,0.89154,9.9937
-0.034107,0.01772,0.023715,2.0801,0.385,9.5998
0.054091,0.02558,0.040502,1.3879,1.2035,10.209
0.072744,-0.071678,-0.0050627,0.73586,0.5766,10.352
0.14016,-0.095393,0.079005,0.18262,0.13113,12.144
0.12097,0.039969,0.014789,-0.86639,0.64665,11.191
0.037971,0.057156,0.017853,-0.24968,-1.0891,10.703
-0.067548,0.10379,0.052759,0.53588,-0.83705,10.709
-0.0061286,0.044765,0.038503,0.10658,-1.0933,11.127
0.03877,0.087399,-0.017853,0.38919,-0.26884,11.626
0.020784,0.07341,0.084068,0.27962,0.49996,10.321
-0.082336,0.10685,0.17839,0.12274,0.24429,10.981
-0.0071944,0.14482,0.12137,0.97177,-0.81849,10.84
0.078606,0.089664,-0.01279,-1.258,0.042511,9.8614
-0.058621,0.11071,0.063284,0.46283,0.52331,10.983
-0.05156,0.10645,0.0862,1.7861,-0.0958,11.045
0.048895,0.10352,0.049428,0.84903,-0.72808,12.282
-0.041568,0.076474,-0.031842,1.5023,0.82927,12.097
0.017053,0.054358,-0.041834,0.62989,0.22992,10.612
0.0019985,-0.0054624,-0.034507,0.288,0.49457,10.915
0.026779,0.034773,-0.026513,-0.15148,0.34488,10.485
0.1239,0.094327,-0.044232,-0.25507,0.58258,9.6495
0.12337,0.049162,-0.011191,-1.2071,0.93764,10.698
0.072344,-0.11351,-0.03051,-0.10358,0.46104,10.566
0.066615,-0.068214,-0.1243,1.8346,-0.27483,11.718
0.036771,-0.10632,-0.11911,1.1981,0.49457,10.182
0.040902,-0.0429,-0.11631,0.98435,1.9867,9.5339
0.033041,0.088598,0.019052,1.5406,1.1047,10.232
0.014122,0.011325,0.043033,1.9316,0.5269,10.162
0.0082603,0.067947,0.047163,0.80592,1.1167,9.4812
0.090197,0.071012,0.11684,0.26465,1.2322,10.942
0.092861,0.073809,0.12417,1.6292,-0.64126,10.707
0.044765,0.0094593,0.081137,1.3675,0.18142,10.719
-0.019052,0.019984,0.05156,0.58917,0.043709,9.4345
-0.024115,0.052359,0.0066615,1.9681,0.079035,9.4986
-0.047963,0.03424,0.041435,2.1256,-0.12274,10.078
-0.044366,0.024781,0.03837,1.8777,0.48439,11.996
0.06928,-0.0035972,-0.013057,1.6202,-0.64126,10.096
0.060753,0.084468,-0.05982,0.58079,0.25627,9.4968
-0.062085,0.088198,0.03877,0.75742,0.52151,9.853
-0.11218,0.044366,0.071012,0.90172,1.0484,9.9488
-0.0085267,0.048496,0.066482,0.96279,0.61851,10.282
0.035439,0.15428,0.050761,0.63946,1.6172,9.0148
0.063817,0.026646,0.037038,1.1394,0.77778,11.231
0.14309,0.03837,0.070745,1.4035,-0.35087,10.013
0.065016,-0.011325,0.083802,0.82927,0.74125,11.351
0.028644,-0.050228,0.0031975,1.5304,0.37362,10.722
-0.011325,-0.013456,0.0429,0.2407,-1.4208,12.189
-0.056889,0.037971,0.13789,0.065264,0.70233,9.8866
-0.064217,0.036771,0.11271,0.17005,0.28261,9.4022
0.005196,0.033574,0.048629,0.89633,-0.53588,9.0154
0.063151,0.027179,0.012124,0.50535,1.0131,9.4429
0.02598,0.029177,0.061685,1.1328,-0.044906,9.8333
-0.062085,0.052359,0.1339,1.2119,-0.15807,11.07
0.031975,0.074076,0.048895,0.75203,1.4861,10.9
-0.082469,-0.035439,0.08207,0.63827,0.83825,10.484
-0.051027,0.0082603,0.031043,1.1316,0.8604,10.449
-0.074609,-0.020917,0.006395,0.59935,0.49636,9.0076
-0.059687,0.028378,0.033707,1.0772,-0.75083,9.5746
-0.020118,0.095393,-0.018519,0.57121,-0.79873,11.245
0.086999,0.07714,0.0077273,2.2962,1.2855,11.216
0.10472,0.047297,0.033041,1.0107,0.81131,13.073
0.056356,0.065283,-0.11258,0.72209,0.98375,12.312
0.039569,-0.027312,-0.058754,0.32153,1.4592,10.584
-0.037704,0.018785,0.03011,1.2394,0.046703,9.7207
-0.01732,0.067281,0.029044,0.083825,0.22992,11.582
0.017986,0.014122,0.036239,0.84544,0.41314,11.907
-0.015188,0.0070612,0.12004,-0.55624,0.80352,9.9183
0.0037304,-0.015721,0.092062,0.31315,1.1544,8.0706
0.052093,0.020384,0.13203,-0.037123,0.61791,8.343
-0.028112,0.10285,0.11791,1.6825,0.27722,10.47
0.051427,0.08167,0.07714,0.82927,-0.61252,10.216
0.14309,0.043966,0.00039969,0.93944,-0.63408,9.856
0.062085,0.0075941,-0.045565,0.69395,1.2975,10.327
0.058222,-0.027046,0.071545,0.191,1.355,9.5052
0.04783,0.0043966,0.024514,-0.27662,1.5023,11.004
0.022383,0.017586,0.011991,-0.37781,-0.15088,10.488
-0.018386,0.10445,0.051427,1.0209,-0.33111,10.516
-0.021983,0.05196,0.044632,0.64006,-0.85681,9.795
0.052226,0.054758,0.0083935,0.97357,0.54726,10.442
0.086733,0.0091929,0.11058,0.96998,0.25686,11.271
0.0087932,0.036771,-0.026646,1.1095,0.45625,10.729
0.023182,0.044899,-0.018519,0.58019,0.59635,9.2333
0.058088,-0.0433,-0.0429,0.573,-0.29638,9.0369
0.12004,-0.042101,0.011591,0.91729,0.54127,9.8452
0.095126,0.053692,0.12257,0.79933,0.63887,9.883
-0.039703,-0.058355,0.1716,0.72329,0.90411,11.051
-0.031309,-0.029844,0.087132,-0.11795,1.6514,9.7453
-0.031176,-0.040369,0.041834,0.97536,0.94483,10.624
-0.02145,0.031709,0.098191,1.4101,1.8938,10.648
-0.028511,-0.023448,-0.0022649,-0.35925,-0.61252,11.199
0.047696,0.021983,0.010925,0.8634,0.33051,9.4543
0.048895,-0.021716,0.0099922,1.14,-0.86938,9.1699
0.13723,-0.014922,0.013989,1.4029,-0.99512,10.465
0.10512,-0.11857,-0.049029,-0.18441,-1.8513,9.7746
0.054358,0.01772,-0.059421,0.2401,-0.32632,11.107
0.080071,-0.022649,0.037704,1.0227,-0.72868,10.739
0.030243,-0.058888,0.015588,-0.60773,-0.20896,11.242
0.013856,-0.0070612,-0.018785,-0.89753,0.22992,12.122
0.015055,-0.050494,-0.027445,0.32273,-0.72509,11.531
-0.042367,-0.052226,-0.03917,0.19579,-0.45864,10.128
-0.031842,0.00026646,0.00026646,0.64785,1.7322,9.4782
-0.049295,0.0035972,0.0062618,0.048499,0.14011,10.72
-0.060087,-0.086599,0.031576,0.95201,0.98973,10.922
-0.028112,0.027046,0.072211,-0.22214,0.32452,10.09
-0.083002,0.043833,0.14828,-0.17963,1.2244,10.363
-0.048629,-0.019318,0.021184,0.20836,1.4855,9.3549
-0.0014655,-0.12084,-0.026912,1.0035,1.7525,10.343
0.087932,-0.066615,0.14362,1.0281,1.6041,9.2184
0.12497,0.038237,0.20491,1.2226,-0.028141,8.616
0.075008,0.006928,0.097924,0.87058,-0.00958,11.318
0.041435,0.036771,0.10325,3.1566,0.22932,11.684
0.099523,0.11977,0.0089264,1.2107,0.61611,12.598
0.080471,0.096592,0.10072,0.49337,0.34428,11.319
-0.0022649,0.066748,0.078739,1.0538,-0.0077837,10.794
-0.011191,0.079005,0.0858,0.75263,-0.12095,11.596
0.00079938,0.10379,0.072477,1.0532,-0.4814,10.657
-0.064617,0.12137,0.075675,1.94,-0.14969,9.4447
-0.01239,0.1259,0.076474,2.3956,-1.5645,8.9082
0.093661,0.081537,0.065816,1.0137,0.16945,9.5483
0.09406,0.0013323,0.13763,0.53588,-0.08143,10.721
0.12324,0.05982,-0.0078606,0.94124,-0.88615,10.268
0.088864,-0.055557,-0.024648,1.4663,1.3592,10.148
0.065283,-0.04703,0.084068,1.4322,1.3771,10.704
0.10432,0.022249,0.04783,1.992,2.1902,9.0142
0.044366,0.027312,0.046098,2.7794,2.1513,10.436
0.060886,0.1335,-0.0030643,1.1712,0.65743,11.573
0.0087932,0.07794,0.13749,1.725,0.45804,11.148
-0.073809,0.14802,0.15681,1.2616,0.42152,10.3
-0.045165,0.075541,0.092995,1.9867,0.48978,12.035
0.0022649,0.035839,0.072344,1.7693,1.0023,12.326
0.057289,0.089797,-0.040369,1.5041,1.4496,11.886
0.058888,0.037438,0.044366,0.66401,1.1394,11.073
-0.023182,-0.057422,0.061286,1.4214,1.8825,10.766
0.056623,0.1347,0.030243,1.1915,1.616,9.9428
0.026646,0.17813,0.044899,0.79334,0.85082,10.137
0.003464,0.15095,0.083935,1.337,-0.080232,9.1393
-0.010525,0.11684,-0.058355,2.3591,-0.27602,9.1387
-0.066215,-0.0043966,-0.0042634,0.90711,-1.5669,8.5873
0.0031975,0.018785,0.028245,1.9274,-0.44846,9.4022
0.054091,0.041967,0.088598,0.48319,0.076041,9.8195
0.054225,-0.011058,0.062885,0.21555,0.047301,11.294
0.083136,0.054358,-0.0053292,-0.16825,1.064,10.47
0.063417,-0.040369,-0.00079938,0.4299,1.9298,8.8681
0.066215,0.0070612,0.015988,0.37302,0.58258,9.9776
0.01732,0.029044,0.018785,1.3514,0.54726,10.473
0.11631,0.1339,0.048096,1.0652,0.26764,11.082
0.0099922,0.12204,0.090197,0.71191,0.37122,9.4333
0.058088,0.078739,0.1672,0.36823,0.59576,8.607
0.09859,0.0033307,0.16294,0.57779,0.96099,10.198
0.11378,0.02971,0.08993,-0.75263,0.68018,10.898
0.11724,0.011591,0.0018652,0.38859,1.0005,11.749
0.082603,0.01319,0.12404,-0.42092,0.62749,9.5728
0.025314,-0.00013323,0.10059,-0.70832,0.43948,10.426
0.036905,0.046897,0.20824,0.034129,-0.4784,9.0483
0.0862,0.11484,0.27645,0.34608,0.55684,9.5381
0.089397,0.097658,0.10658,0.05269,0.64066,9.7117
0.038104,0.20557,0.13696,0.78436,0.22094,9.8955
-0.066881,0.098057,0.15028,1.4669,0.45265,11.294
-0.01772,0.091396,0.058088,1.4214,-0.48978,11.302
0.086333,0.020384,0.0429,1.4819,0.38619,10.948
0.11045,-0.01239,0.050494,0.87477,0.673,11.036
0.166,-0.022916,-0.0057289,0.68437,0.34488,10.146
0.14056,-0.079538,0.053026,0.78556,-0.27962,8.2987
0.0089264,-0.044899,-0.006928,-0.18741,-0.13831,8.6627
-0.0022649,-0.064217,-0.0429,0.59456,-1.1753,8.4903
0.036771,-0.035306,0.016254,-0.26345,-1.5484,10.218
-0.022649,-0.0077273,0.08993,0.37661,-1.24,9.7488
0.005196,0.033174,0.073809,0.63467,-0.11376,8.7753
-0.04703,0.010392,-0.024381,1.5232,0.71132,8.1652
0.0095926,-0.036638,-0.020251,0.22932,1.4274,9.4453
0.092328,0.032108,0.044499,0.098794,1.2412,9.4992
0.011325,0.080604,0.041568,1.1185,0.18801,10.206
0.027712,-0,-0.020384,1.6076,-0.50894,9.468
0.070479,0.072211,0.074342,0.066461,-0.096998,10.22
0.063018,0.036905,0.00026646,0.80232,-0.95501,11.032
0.032508,0.09406,0.0029311,1.6094,-0.27243,10.266
-0.011058,0.12857,0.011458,1.8298,-0.26764,11.646
0.010925,0.11644,0.19092,1.831,0.66222,9.6704
-0.011191,0.037571,0.11631,0.99931,0.52091,11.233
0.032375,-0.0054624,0.093261,-0.037123,0.30237,11.674
-0.029444,0.010658,0.039569,0.11496,0.14071,11.197
-0.087266,0.064617,0.07794,0.68617,1.3119,11.743
0.063817,-0.013856,0.023715,-0.4796,1.5633,10.798
0.031975,-0.013989,0.081803,0.39517,1.8603,9.1513
0.036239,0.057422,0.050361,0.31794,1.2053,10.125
0.011724,0.048629,-0.014389,0.96279,0.5754,9.38
-0.02558,0.015854,-0.027978,-0.24728,-0.70533,9.2477
0.096459,0.096192,0.067947,-0.077239,-1.5418,9.9656
0.11431,0.076074,0.052759,-0.69874,-0.20836,10.151
0.059287,0.027845,0.11378,-0.55983,-0.032333,10.687
0.085933,0.19838,0.16094,-1.3394,-0.45864,11.352
0.09033,0.14602,0.092195,0.98015,0.46703,12.061
0.019318,0.16374,0.075008,-0.11316,0.28261,11.023
0.10006,0.082203,0.076074,-1.0185,0.54426,9.8393
0.092195,0.064084,0.049428,0.12215,0.061671,10.625
0.12657,0.015588,0.011458,0.21076,0.91549,10.524
0.0858,0.06395,0.052493,1.7807,-0.5772,9.7387
0.090863,0.012124,-0.075142,1.2933,0.078436,10.313
-0.019984,-0.01772,-0.091929,2.0968,-0.43828,9.5842
0.076874,-0.039303,0.014122,3.8296,0.64725,9.6572
-0.052493,-0.013589,0.031043,2.3267,0.73467,10.336
-0.080338,-0.10445,0.12231,1.1658,1.6627,12.013
-0.022383,-0.039036,0.12244,2.0627,1.6148,10.735
-0.033974,0.03384,0.083802,1.7789,0.66581,12.798
-0.00093261,0.071678,0.1251,0.5281,0.65383,10.405
0.056889,0.073143,0.064617,1.8992,0.96518,11.207
0.099256,0.015721,0.070079,2.092,1.1969,8.7765
0.078606,0.056889,0.082869,1.1376,0.0065863,11.18
0.099256,0.041435,0.01692,1.5843,0.92028,11.81
0.10778,0.07301,0.072211,0.76401,2.0842,12.516
0.12057,0.079139,0.054491,0.80712,1.8154,11.013
0.11111,0.042234,0.027845,-0.51253,1.6903,11.569
0.13017,0.11258,0.045032,0.75921,-0.73047,11.103
0.099656,0.040635,0.09899,0.70293,-0.19938,10.134
0.10219,0.065416,0.11058,1.6082,-0.85382,11.036
0.076874,0.039569,0.091929,1.5322,0.35865,10.381
0.052626,0.097791,0.067681,0.91669,-0.089214,9.8345
0.043566,-0.010792,-0.006928,0.24549,0.023351,9.9339
0.033174,-0.0038637,0.034906,1.2717,-0.39517,10.215
0.15641,0.075675,-0.013723,0.191,0.66102,9.1896
0.22969,0.035306,0.090197,-0.10119,-0.088615,8.8789
0.082469,0.0021317,0.076474,0.60594,0.85561,10.464
0.10632,-0.048895,0.091795,1.2963,1.152,9.4674
0.050094,-0.03877,0.096059,0.6203,0.63647,9.4692
0.041168,0.032242,0.039969,0.32931,1.0346,9.4147
0.070345,0.098191,0.065949,0.49217,-0.43409,10.857
0.089397,0.097924,0.047963,0.6724,1.6478,10.988
0.1339,0.11444,-0.0042634,1.0783,1.1251,10.196
0.00093261,0.10658,-0.036505,1.2544,0.19459,9.889
-0.092195,0.035706,-0.0030643,1.5573,0.8149,9.2441
0.046231,0.09859,-0.071012,1.9711,1.0083,9.5213
0.033441,0.02971,-0.019851,1.7454,1.0532,9.6045
0.066082,0.025314,0.017053,0.70533,1.5023,10.94
0.1255,0.024514,0.067015,1.5819,0.53409,9.9895
0.078872,0.032641,0.037704,1.8849,1.5268,9.1489
0.020917,0.082203,0.019718,2.1878,1.067,9.2339
0.031176,0.050094,0.026912,1.0316,0.67958,7.7598
0.024648,-0.020784,0.061419,0.31614,0.65144,9.2513
0.10192,0.0037304,0.13843,0.25866,-0.38619,10.709
0.031975,0.10072,0.1235,1.4136,-0.22573,9.9309
-0.018519,0.19158,0.1231,1.0514,-0.24309,8.5178
0.012657,0.035306,0.11924,1.5184,-0.89633,9.2339
0.03011,0.075275,0.059154,0.88495,-0.070652,10.452
-0.013323,0.080338,0.071278,1.3119,0.81969,9.5794
0.01692,0.13376,0.10312,0.97357,-0.025746,9.7075
0.098857,0.11698,0.11231,1.6064,-0.20896,8.9292
0.053292,0.016654,0.13323,0.22633,0.91549,9.0369
0.12897,0.04703,0.12644,1.6777,0.76041,9.7944
0.063817,-0.035972,0.1263,1.5352,0.40715,9.9027
0.11711,0,0.067015,0.9083,0.11676,9.8931
0.075541,0.014522,0.01239,-0.36105,-0.37961,10.243
0.1279,0.13763,0.062485,0.46283,0.94483,9.8608
0.11538,0.10019,0.050228,1.0496,0.077838,10.2
0.14962,0.11404,0.081404,0.61552,1.1131,9.8063
0.086866,0.10032,0.11738,0.58678,1.2933,10.226
0.087132,0.057022,0.079938,1.3705,0.6227,9.3447
0.10352,0.024381,0.088998,0.92926,0.58737,11.559
0.084601,0.010259,0.0050627,1.1807,0.63467,9.9955
-0.01319,0.048762,0.081936,1.7364,0.30895,10.982
-0.031442,0.094593,0.020784,2.4615,1.1879,10.064
0.051693,0.029444,0.0062618,2.2711,1.822,8.8298
-0.023315,-0.0011991,0.10272,1.7705,0.96339,8.8172
-0.18959,-0.041834,0.091662,0.59037,0.91309,9.3291
-0.10792,-0.0073276,-0.016654,-0.58857,1.2999,9.7093
0.014789,0.058488,0.080471,0.36224,1.7418,9.2651
-0.037704,0.050761,0.065549,1.2634,0.53229,8.7382
0.057022,0.0058621,0.041967,1.5256,-0.50714,10.979
0.040768,0.065549,0.081404,1.5154,-0.70293,10.832
0.054891,0.0082603,0.059554,1.0263,1.707,11.112
0.056889,0.01239,0.096325,0.78077,1.0772,9.6057
-0.057689,0.0094593,0.087532,1.9723,0.15867,9.3154
-0.060353,0.0037304,0.090063,1.9753,0.11616,9.089
-0.060486,-0.029311,0,1.5059,0.72089,10.744
0.010259,-0.062618,0.014655,1.3202,1.3059,10.058
0.035173,0.010658,-0.013456,0.98435,0.10598,11.524
0.06848,0.072877,-0.011458,2.7087,0.8119,10.181
-0.019318,-0.0037304,0.0090596,2.5183,0.3365,10.528
0.058754,0.15242,-0.057422,1.1454,1.8926,11.063
0.073276,0.10232,-0.033041,2.1357,1.3616,12.413
0.10752,0.012524,0.081537,0.46942,0.89094,10.687
0.085933,-0.060486,0.095659,0.65204,0.65683,10.704
0.02558,0.0042634,0.1231,0.71072,1.1257,10.067
0.1267,-0.12164,0.093128,0.63767,1.0484,10.433
0.2209,-0.046364,0.043566,1.5118,1.3184,9.8081
0.067281,-0.0050627,0.07754,2.4178,0.71431,10.286
0.066615,0.0433,0.15175,2.5962,1.4047,9.5848
0.035839,0.049029,-0.019851,1.5142,2.2687,9.7027
0.0433,0.0014655,-0.011591,0.56402,1.725,10.433
0.057555,-0.0095926,-0.039036,-1.0167,0.89094,9.8423
-0.01732,-0.054624,0.009859,0.36823,-0.0011975,9.1375
0.018919,0.065149,0.0029311,1.158,0.13472,10.14
0.015588,0.0062618,0.10965,0.00479,1.1795,10.425
0.011991,0.05982,0.048229,0.088016,1.0095,8.3999
-0.061019,0.088998,0.073943,0.66282,1.6029,9.9877
0.0039969,0.15481,0.052359,0.85681,0.38081,10.568
-0.0039969,0.11031,0.027978,0.95261,-1.3346,11.086
-0.001732,0.041967,0.041834,0.32512,0.83825,10.781
0.03384,-0.026912,0.018785,0.27542,1.5011,10.063
0.092861,0.052493,0.075541,1.9771,0.75143,9.8381
0.044899,0.12897,0.075941,2.7902,1.2526,10.327
0.030376,-0.019452,0.06475,1.9831,1.4843,9.6063
-0.022383,0.0425,0.069546,1.4639,2.7189,10.674
0.031176,0.10032,0.1295,0.64006,3.147,11.242
0.061419,0.027179,0.052626,0.84663,2.0549,10.771
0.057422,0.029577,-0.022516,1.0221,1.352,10.916
0.090596,0.034373,-0.020517,1.3107,1.1753,11.569
0.071545,-0.019052,-0.034507,1.5603,-0.36703,10.367
0.093261,-0.019318,0.015588,1.8897,1.2861,10.013
0.1227,0.0045298,0.14948,0.30177,0.30596,10.076
0.15481,0.0077273,0.030643,0.27423,1.0652,9.4339
0.090996,0.033974,0.052493,0.25746,1.6142,9.1711
0.023049,0.038637,0.03837,1.9795,1.5957,11.103
-0.054358,0.040635,0.02105,1.6208,0.63168,12.126
-0.036905,0.095792,0.087799,1.81,0.11975,11.473
0.025847,0.0031975,0.12004,1.0849,-0.92627,10.05
0.038104,0.069946,0.14269,1.3232,0.40475,8.9627
-0.03424,0.084068,0.069813,1.6729,0.56881,10.728
0.060486,0.053692,0.10472,2.6339,0.51552,11.719
-0.059421,0.071545,0.0095926,2.6387,0.84783,11.186
0.0099922,0.045831,-0.043966,0.97357,0.26405,12.505
0.13523,0.11924,0.054091,1.5609,-0.52391,11.712
0.092995,0.038903,0.060486,0.46643,0.31135,11.772
0.11804,-0.0093261,0.074875,-0.03353,0.35266,11.563
0.091129,0.047696,0.07341,0.34129,-0.95081,10.11
0.02518,0.01732,0.011058,0.43529,-1.1753,9.2076
0.0086599,0.10698,-0.021317,-0.23411,0.096399,9.2435
-0.0021317,0.10312,-0.026513,-0.60414,0.19699,9.3489
0.081137,0.043566,0.10046,-1.4969,0.70233,8.6274
-0.022516,-0.0065283,0.13656,-0.56522,0.76939,9.204
-0.046231,-0.088864,0.071545,0.59456,2.3812,8.5723
0.028511,-0.069413,0.12297,0.35685,1.907,9.21
0.060886,-0.073809,0.050627,0.51972,1.4035,9.1914
0.087132,-0.068081,-0.006928,1.4831,0.56223,9.8764
0.0010658,-0.0015988,-0.039303,0.56163,0.34608,8.5801
0.024514,-0.11964,0.028511,0.3335,1.7064,7.9364
-0.054358,-0.10352,0.0054624,-1.1011,1.4023,8.8346
-0.023582,-0.022649,0.033174,0.13053,-0.44248,9.3483
0.063417,0.054091,0.053026,-0.51253,0.54067,7.3586
0.061819,0.0094593,0.059421,0.15268,0.50594,8.0933
-0.0010658,0.022782,0.11551,-0.13711,0.52211,8.9262
0.023182,0.029577,0.072744,-0.12035,0.15268,10.102
0.0071944,0.1327,0.14029,0.99452,-0.088615,9.9943
-0.017453,0.15788,0.15095,0.14969,-0.10897,10.709
0.067414,0.057422,0.12324,0.83466,0.58917,10.07
0.071411,0.016254,0.16467,0.67778,0.88256,9.7746
-0.026113,0.028644,0.21583,0.93345,0.30057,10.374
0.082603,-0.068613,0.04783,-0.055085,0.23231,10.53
0.019718,-0.04703,0.076607,-1.5753,-1.2849,10.227
0.021716,0.14376,0.0071944,-0.78795,-1.1801,10.736
0.018785,0.062885,-0.059687,0.25986,-0.82508,11.695
-0.047563,-0.026646,0.095126,0.47002,0.30057,11.435
0.038503,-0.08167,0.083402,2.6117,1.0562,10.557
0.14002,-0.032775,0.071411,1.2214,0.63946,9.5135
0.040369,0.09939,0.15481,0.47241,0.03353,8.8495
0.096725,0.11458,0.14282,0.71132,0.4311,9.883
0.097524,0.10205,0.12644,1.0879,1.4735,9.8788
0.03877,0.057555,0.076074,0.89274,0.85561,10.843
0.073809,-0.035972,0.13589,-0.42631,0.74484,10.633
-0.015588,-0.078206,0.086333,0.85322,0.67359,10.167
-0.014922,-0.012524,0.052093,0.70832,1.4562,9.2806
-0.0050627,0.039303,-0.0047963,0.32273,1.7489,10.511
-0.054358,-0.052093,0.044765,-0.74664,0.15328,12.049
-0.0067947,0.0049295,0.10792,0.046703,-0.20836,12.544
-0.0038637,0.034107,0.011591,1.6178,0.91729,11.021
-0.037038,-0.0010658,0.054491,2.3309,1.552,10.233
-0.036638,0.057156,0.033574,1.4897,0.93525,9.3136
-0.05649,0.11778,-0.018919,1.043,0.3353,9.6363
0.025047,0.14429,0.070878,2.0962,-0.21375,8.6292
0.079538,0.13656,0.054624,0.43529,1.1658,8.4573
0.10165,0.086466,0.05649,-0.46523,1.0364,9.8423
0.11138,0.040235,0.07674,0.31135,0.94423,10.848
0.12777,0.049295,0.041301,1.6244,-0.016765,10.535
0.028778,0.028644,-0.015854,1.9873,1.167,10.725
-0.018519,0.089531,-0.029311,1.5166,0.10418,11.478
-0.02185,-0.016254,0.0433,0.89513,1.5298,10.9
0.14109,-0.09033,0.048762,0.57839,-0.35207,10.726
0.14096,-0.08127,0.095393,-0.41673,1.0179,11.338
0.11924,-0.026246,0.075408,-0.26764,0.62809,11.328
0.15108,-0.048895,0.14362,0.51792,1.8717,10.949
0.10392,-0.035039,0.023315,1.9034,2.6555,10.582
0.054891,-0.054091,0.053425,1.5927,2.1238,10.1
0.024381,-0.008127,-0.018519,0.8131,3.0818,8.8106
0.058754,0.036372,0.073809,0.89333,2.5519,10.013
0.088598,0.071278,0.072744,1.4568,1.4969,10.885
0.034773,0.052759,0.0093261,0.66282,2.0369,10.792
0.027978,0.12324,0.057689,0.88256,0.77418,10.636
0.037304,0.11964,0.050228,0.80412,0.39937,9.8764
0.016654,0.012923,-0.029844,0.46523,1.2526,9.3836
-0.033174,-0.14882,0.032375,-0.22333,1.716,10.052
-0.037171,-0.06062,0.052093,0.88076,0.28441,9.1255
0.043033,-0.034373,-0.035706,0.41613,0.70173,8.9926
0.23235,0.013456,-0.086067,0.15448,-0.80592,10.515
0.077673,-0.063018,-0.080204,0.23231,0.38679,10.864
0.12977,0.061286,0.031442,-0.30716,-0.74006,10.994
0.1227,-0.035173,-0.010259,0.64126,-0.36224,10.563
0.10352,-0.011991,0.055823,-0.60354,0.99872,9.4824
0.011724,-0.037038,0.02638,-0.02395,0.87837,8.4424
0.041967,-0.062618,0.086999,0.87178,0.82508,8.6052
-0.028644,0.071145,0.0425,0.88016,1.7016,7.9334
0.06022,0.064483,0.12017,1.4544,0.40296,9.3603
0.10898,0.092861,0.15788,1.3083,0.27602,8.7435
0.11831,0.076474,-0.012257,1.7537,1.5023,10.078
0.064617,0.059953,0.014655,1.0538,1.0766,9.0435
0.091795,0.0083935,0.052759,1.6406,-0.31075,9.6872
0.088998,0.013723,0.0011991,1.3466,0.0017963,9.3405
0.088864,0.1327,0.018652,0.79035,1.5412,10.31
-0.037971,0.15694,0.087799,1.1209,0.66761,11.031
0.015455,0.097791,0.045698,1.4412,1.7717,10.022
0.12177,0.11511,0.12111,0.88076,2.2321,10.061
0.059021,0.057422,0.071545,1.0724,0.35985,11.116
-0.0077273,0.082736,0.10538,-0.1461,1.7891,10.387
0.04783,0.069946,-0.042234,0.87956,0.99452,11.01
0.0018652,0.057822,-0.0014655,0.022154,0.9598,10.934
0.048762,0.098857,0.048096,0.56582,0.34248,9.368
-0.030909,0.069679,-0.011458,1.7663,-0.021555,9.6105
-0.0046631,0.058222,0.025314,2.9009,0.85322,9.3189
0.013057,0.077273,0.090996,2.1357,0.66761,10.527
-0.037704,0.098723,0.054758,2.0393,-0.70533,10.128
0.023981,0.041035,0.035439,1.3646,0.040116,11.14
0.040768,0.10086,0.079938,-0.19579,0.076041,10.183
0.10872,0.036905,0.03917,0.75083,1.2741,10.537
0.034107,0.15774,0.034906,1.4837,3.0931,10.324
-0.047297,0.041967,0.042367,0.51253,2.3848,8.9345
-0.011591,-0.0095926,0.062751,0.32392,1.9118,9.8105
0.016654,0.058088,0.067015,-0.04311,1.2795,8.8902
0.061952,0.084335,0.061019,0.60594,1.6142,10.089
0.06435,-0.0015988,0.032242,0.010778,0.82627,10.31
0.097125,0.11698,0.018386,1.5765,0.96578,11.668
0.096592,0.080471,0.0043966,2.3585,-1.2568,9.7836
0.07301,0.13869,0.10725,1.8693,-0.018561,9.8536
0.087266,0.085667,0.10832,1.1089,0.11436,9.1082
0.14282,0.11431,0.067548,1.519,-0.53588,10.834
0.049162,0.05649,0.019585,0.42571,-0.42691,10.351
-0.017187,-0.018386,0.035439,0.037721,0.37302,9.8476
-0.0037304,0.039703,0.14016,1.8819,-1.2999,10.131
0.070612,0.036105,0.084734,1.1885,-1.9076,9.8494
0.11458,0.04783,0.092462,0.61611,0.55744,11.101
0.02105,-0.067814,0.036905,0.69275,0.21974,10.242
-0.0015988,-0.11138,0.050228,1.6663,0.072449,10.243
0.15135,-0.050494,0.025047,1.3167,-1.0849,10.534
0.22796,-0.036905,-0.021716,0.5736,0.020358,10.552
0.074742,-0.082203,0.016254,1.1694,1.8028,9.9171
0.15242,-0.066082,0.0059953,0.4317,-0.080831,10.063
0.12177,0.048895,0.052093,1.54,0.86938,10.496
0.097391,0.024381,0.11511,2.5812,1.1622,9.401
0.025314,0.032908,0.085134,2.4615,0.044307,9.0848
0.037571,0.023582,-0.0039969,2.2615,0.34308,9.6099
-0.0062618,-0.020517,-0.082203,0.1413,0.86879,10.625
0.07341,-0.075941,0.008127,0.75083,2.474,10.28
0.089131,-0.088198,0.033307,1.3316,0.96099,11.495
0.067015,-0.045032,0.08127,1.6777,0.25986,12.513
0.12697,0.026646,0.071678,2.5207,1.5466,10.5
0.03384,0.046231,0.0070612,2.0807,0.69036,11.795
-0.020384,0.098457,0.0066615,0.8161,-0.42391,10.143
-0.015455,0.14735,-0.012257,0.28141,0.70173,10.011
-0.047297,0.028378,0.00093261,-0.49876,0.54366,8.9088
-0.015588,0.021983,-0.088864,-1.3137,0.72329,10.552
0.014122,-0.0077273,0.054758,-1.3628,2.4872,11.018
0.052493,0.031176,0.0087932,-0.41793,1.0059,11.682
0.087532,0.090197,-0.023049,0.045505,1.1933,10.974
0.036505,-0.03877,-0.06475,0.31734,-0.56103,9.4788
-0.017986,0.013723,-0.019984,0.84723,0.90591,9.0333
0.024248,0.081936,-0.00039969,0.47361,1.8819,9.571
0.067548,0.16227,0.060087,-0.056881,1.2873,9.6345
0.028778,0.072744,-0.048895,0.50654,0.70473,11.21
0.010525,0.16041,0.065816,1.7885,1.2795,10.886
0.12284,0.15095,0.0010658,1.6514,0.79155,9.859
0.005196,0.082469,0.012257,2.3417,1.3873,10.054
0.038503,0.11977,-0.021583,1.0807,0.16526,9.1118
-0.009859,0.092195,-0.033441,0.16046,-0.59336,8.7477
0.001732,-0.0049295,0.037171,0.90232,-1.1969,9.1866
0.033974,0.01279,-0.045298,0.46523,-0.21076,9.9303
0.041301,0.049428,-0.066881,0.39278,0.18741,10.022
0.082603,0.016654,0.10499,-0.026944,0.53528,10.946
0.052093,0.023981,0.073809,-0.041314,1.0047,11.408
-0.0011991,0.081137,-0.053692,1.1059,1.2843,10.016
-0.014789,0.014256,0.05529,1.2478,0.61611,10.36
-0.0054624,-0.045165,0.017586,1.225,0.90172,9.795
0.036372,0.0066615,-0.0021317,1.7489,0.82627,10.6
-0.0067947,0.071678,-0.020917,0.60953,0.56761,8.9387
0.022516,0.061552,-0.019052,1.6765,1.2903,9.4123
0.092995,0.013456,0.06395,1.7094,1.4657,8.9238
0.01279,0.065549,0.097258,0.76281,1.1658,10.409
-0.0045298,0.060087,0.061552,1.5963,-1.5094,11.245
-0.020784,-0.026513,0.10512,0.16585,-1.0867,9.8836
-0.058888,0.056223,0.080471,0.82029,-0.64186,10.34
-0.039703,-0.028378,0.0055957,0.36823,0.94902,10.618
-0.043966,-0.065949,0.072211,0.85801,1.0298,10.028
0.09073,-0.029044,0.0059953,1.0167,1.3394,10.066
0.033974,-0.090596,-0.0022649,0.52331,0.79334,9.2764
0.042367,0.006928,0.00039969,1.4053,2.0585,9.6824
0.03837,0.006928,0.058754,1.625,2.4106,10.974
0.070212,0.13443,-0.0025314,0.72808,1.2538,9.8117
0.11791,0.022116,-0.10499,1.6969,1.5172,11.379
0.018919,0.039569,-0.032641,0.020956,1.0502,10.449
0.040102,0.023848,-0.0013323,1.4232,-0.12634,11.185
0.069679,0.033041,0.048362,1.6981,-0.36224,9.5465
0.029844,0.0093261,0.10285,2.2639,-0.34308,9.5722
0.060087,-0.11365,0.0026646,1.3831,0.56342,9.8411
0.062218,-0.069679,0.018919,1.0412,0.34248,9.9087
0.12577,-0.12564,0.087532,0.51912,-1.255,8.4286
0.058222,-0.03837,-0.015988,0.84484,-0.19579,9.3968
0.029577,0.0013323,-0.046497,2.2986,0.35027,11.409
0.13683,-0.050627,0.03464,0.27363,0.6718,11.404
0.052093,0.11231,0.094593,0.50055,0.60234,12.162
0.14922,0.049961,0.087132,0.4299,1.9154,11.107
0.15242,0.013723,0.091263,0.44607,0.48439,9.9961
0.1231,0.014389,0.074609,0.46822,0.088615,9.8189
0.021583,0.0046631,0.069413,1.328,-0.25627,9.2992
0.078606,0.029177,0.067548,0.21375,0.58378,9.3273
0.1327,0.088465,-0.070345,0.65084,0.1437,8.2125
0.077806,0.015455,0.028778,0.40595,1.3274,9.8213
0.0077273,0.048629,0.065283,0.26704,1.7687,11.815
0.032908,0.089131,0.10991,0.70473,1.1741,10.895
0.050494,0.10365,0.11804,0.47541,1.9591,10.424
0.14762,0.062485,0.099256,-0.61252,2.2495,11.093
0.021317,0.075408,0.0035972,0.3341,1.6843,10.621
0.016521,-0.003464,-0.091795,-1.6334,1.4382,10.6
0.065549,0.044099,-0.079005,-1.237,2.3345,9.6758
0.075142,0.026779,0.035572,-0.27662,3.462,9.6932
0.059953,0.030376,0.053292,-0.78197,2.4154,9.4004
0.13176,-0.094593,0.014655,-0.35805,0.85262,8.728
0.050494,-0.071678,0.055823,0.35745,-0.53109,10.619
0.06062,-0.015321,-0.035572,0.2383,-0.17364,11.166
0.034507,0.028511,-0.010792,-0.17124,-0.098195,9.004
0.071411,0.031043,-0.008127,0.30955,0.47002,9.4411
-0.011325,-0.0058621,0.0042634,0.18142,0.20537,8.9747
0.046231,0.0093261,-0.081137,0.8646,-0.22273,9.5668
0.078073,0.073809,-0.031576,0.37063,0.24668,9.9524
0.058888,0.054758,-0.0022649,0.40895,0.3341,11.37
0.065149,0.059554,0.03464,0.41074,-0.20417,10.191
0.030376,-0.017453,0.022116,0.075442,0.90651,10.528
0.05529,-0.072344,0.066082,0.44427,0.91489,11.014
0.08207,0.029044,0.043167,-1.0496,0.49457,10.777
-0.11085,-0.037038,0.013589,0.025746,-0.041912,10.107
-0.033441,0.021583,0.015988,1.4125,0.10478,10.533
0.012524,0.084335,0.11538,1.649,0.41374,11.295
-0.0074609,0.047163,0.10778,2.0693,0.3347,10.122
-0.03424,-0.032508,0.1339,1.2622,-0.099991,10.351
-0.0082603,-0.02518,0.1684,-0.2886,0.77059,11.263
0.11031,0.0062618,0.15042,0.11077,0.16526,9.7165
0.12017,0.016121,0.15908,1.0017,-0.090411,9.7429
0.10112,0.07794,0.12604,0.32752,0.40715,10.367
0.1279,-0.0083935,-0.029444,2.5537,0.79454,10.494
0.099656,0.05609,-0.050494,1.8244,1.8813,9.986
0.035306,0.12071,0.01772,0.12454,1.2592,9.3944
-0.02558,0.14908,0.00079938,-0.091609,0.89573,9.468
0.053958,0.11045,0.044366,-0.60474,0.79813,11.223
0.023448,0.045698,0.097924,0.67778,1.7777,10.687
0.00079938,0.07754,0.063151,0.22513,0.81131,9.3692
0.0425,0.081137,-0.029844,0.66641,1.4633,9.9674
0.0091929,-0.040502,0.097258,-0.74185,1.843,11.315
0.090063,-0.010392,0.1283,-0.37482,-0.49217,11.361
0.13603,0.029977,0.070612,-0.21974,-0.37841,11.043
0.086866,0.031975,0.12923,-1.0005,0.95261,10.463
-0.03011,0.065816,0.061286,0.12035,2.4495,9.7213
0.06395,-0.018919,0.051826,1.3406,1.3376,11.237
0.053958,-0.028778,-0.036105,2.4291,1.7543,10.601
0.061019,-0.051427,-0.036771,1.8453,2.1471,10.002
-0.022249,-0.081137,-0.057822,2.4333,2.0729,10.327
0.024914,-0.035839,-0.028644,0.82029,1.458,10.182
-0.0054624,-0.012124,-0.050228,-0.65024,1.4029,9.6165
0.10712,0.057289,-0.040635,-0.0089812,0.90052,10.812
0.11631,0.075941,-0.078606,-0.037123,-0.18681,10.724
0.010792,0.069413,-0.066349,0.64665,-0.767,11.241
-0.037171,0.088331,-0.05982,1.4807,-0.82268,9.8931
0.042634,0.10179,-0.11498,1.4526,1.7286,10.237
0.043966,0.024514,-0.0010658,-1.3406,1.1424,11.104
0.050494,0.12457,-0.019851,-0.2389,1.7376,10.285
0.078606,0.23702,0.010925,0.67479,1.5442,11.47
0.018386,0.14922,0.045964,0.79215,1.0532,10.436
0.074742,0.084601,-0.024514,2.2507,0.80712,9.7979
-0.0057289,0.044232,-0.0078606,1.5472,1.2592,9.5489
0.040902,0.042234,0.02638,2.5387,1.1047,9.592
-0.029977,-0.032375,0.092861,2.1902,0.61791,9.9333
0.063284,0.068081,0.01772,2.0956,0.10658,9.7944
0.10632,0.03917,0.029844,1.5532,-0.30417,12.182
0.12177,0.067681,0.04663,2.1549,1.225,10.647
0.17053,0.071012,0.099656,1.3005,1.3196,10.774
0.11684,0.12044,0.090197,0.45086,1.1095,11.091
0.0050627,0.088864,0.061286,-0.00479,2.2303,9.8566
0.033174,0.031043,0.072477,0.69754,0.66581,8.9854
0.13963,-0.020251,0.030643,1.0706,1.1322,7.4227
0.19851,0.0011991,0.064217,0.11975,1.449,8.5615
0.12364,0.065816,-0.024648,0.8622,0.15388,9.8003
0.13723,0.073809,-0.013723,1.8633,0.94782,11.293
0.10605,0.06848,0.039303,2.2142,1.7645,10.342
0.014922,0.1688,0.10952,1.1514,0.63527,10.31
0.05569,0.12777,0.07754,0.17005,0.74006,9.5351
0.051294,0.11844,0.043033,-0.49397,0.21316,9.7135
0.010392,0.049695,0.036105,0.78137,-0.10179,10.336
0.0095926,0.13003,0.05609,0.63767,0.3371,9.5716
0.053425,0.063151,0.042767,0.68677,0.83286,9.1663
0.014655,0.021317,0.052493,-0.079634,0.69215,8.0729
0.15281,0.022782,-0.0010658,0.6706,2.3752,9.0836
0.054358,0.054491,0.0079938,0.71251,1.3041,10.67
0.024514,0.041967,0.0085267,0.97536,2.198,9.1561
0.12031,-0.041168,0.07341,0.77179,0.27722,10.332
0.049961,0.017853,0.10272,0.50475,1.4119,10.995
-0.052493,0.028778,0.058222,1.4472,0.42391,10.667
0.066615,0.0067947,-0.027978,0.90711,0.16226,10.381
0.090596,0.047696,0.029844,0.90591,0.76041,10.436
0.14149,-0.022916,0.016254,0.17124,1.3496,9.9536
0.044632,-0.043033,0.0099922,1.3999,1.3214,10.338
0.063417,-0.00066615,0.055024,1.6142,1.6993,11.992
-0.0087932,0.095526,0.03877,0.35027,1.2436,11.176
0.053425,0.048895,0.041967,0.53947,0.69695,11.038
0.068214,-0.013856,0.072877,-0.61971,0.82807,10.4
0.015988,-0.045431,0.10778,-0.17603,0.13951,10.875
-0.033974,-0.045298,0.11391,-0.29818,0.79215,12.54
0.052359,-0.022649,0.066482,-0.2868,0.49816,12.009
-0.0041301,-0.0019985,0.13323,-1.1472,-0.3359,10.231
0.020917,-0.052093,0.037438,-0.63288,0.37601,10.324
-0.0058621,0.029311,0.014789,-0.63108,0.1928,9.7632
0.0042634,0.031709,0.040768,-0.9119,1.8268,9.7944
-0.079005,-0.015588,0.066615,0.57959,0.93944,11.416
-0.060486,0.050894,0.014789,-0.12813,1.319,9.8973
0.016121,0.02518,0.00066615,-0.20956,2.0567,11.262
0.075275,0.070745,0.022782,-0.080232,-0.27303,11.079
0.066748,-0.063284,0.038104,0.37601,-0.44367,10.391
0.11911,-0.035306,-0.047297,0.67778,0.385,10.632
0.039836,0.066881,-0.051826,0.22872,1.3125,11.264
0.069013,0.059021,0.051826,0.039517,1.2214,11.473
0.062085,-0.011058,-0.0026646,0.95501,-0.28261,10.704
0.026779,0.022516,0.066482,0.3341,0.55624,10.716
-0.071811,0.082869,0.080737,0.60534,1.7909,10.857
-0.042234,0.046897,0.097524,1.0436,0.026944,9.8027
-0.013989,-0.015321,0.06062,1.6184,-1.0394,9.3231
0.024115,0.0079938,0.11325,1.7364,-0.41374,10.923
0.039303,0.0039969,0.011591,1.5855,1.6424,10.145
0.11351,0.031709,0.030909,1.8843,1.8507,9.5716
0.17693,0.039303,0.048895,1.631,2.3489,9.9776
-0.017453,0.13283,0.079538,1.8268,2.2273,9.8566
-0.040902,0.11951,0.0854,1.7016,1.7693,10.522
-0.02105,0.082736,-0.01239,1.1963,1.3352,11.359
-0.019718,0.027845,0.0067947,1.1053,0.91968,12.665
-0.0083935,-0.071012,0.00079938,0.12753,0.60534,11.118
0.041967,-0.11951,-0.068747,0.75443,-1.2238,10.808
0.15934,-0.062751,-0.05982,0.14729,-1.5454,10.795
0.12151,-0.02105,0.018919,0.92746,0.24369,12.031
0.068347,0.029977,-0.025447,0.69275,1.1879,10.725
0.008127,0.099656,0.01772,1.3173,0.41314,9.7039
0.091929,0.024781,0.15441,1.4035,0.15927,9.8237
0.030776,0.10445,0.062085,1.6364,0.10718,10.34
-0.00013323,0.06475,-0.036505,1.7639,0.61013,10.67
-0.006928,0.1708,0.02971,1.3903,-0.11017,10.086
0.028911,0.15615,-0.077806,-0.6239,-0.95381,10.882
-0.024248,0.098191,0.018652,0.53349,-0.26944,10.097
-0.098457,0.024914,0.068747,1.1358,-0.32752,8.6202
0.0021317,0.029577,-0.0037304,1.173,0.55085,8.7567
-0.10618,0.058621,-0.053692,-0.43709,0.42272,9.6704
-0.0429,0.11231,0.022383,-0.01437,1.9489,9.401
-0.00013323,0.14802,0.020251,0.16705,1.3945,9.2172
-0.08167,0.20331,0.073276,0.10538,1.8903,9.6177
0.029177,0.099256,0.049961,0.70772,1.3388,8.9561
0.030243,0.10965,-0.044899,0.36045,0.76281,8.9956
-0.045298,0.073809,-0.067681,1.3352,-0.46463,9.4459
0.075941,0.07261,-0.017453,-0.12933,0.44307,12.194
0.022516,0.050627,-0.014256,-0.53768,0.25327,11.579
0.030909,0.038503,-0.018652,-0.32871,0.58019,10.799
0.043966,-0.020917,0.070345,0.5742,1.1131,9.7985
0.13549,-0.0057289,0.11884,0.21974,1.822,10.945
0.10325,-0.0059953,0.061286,0.05748,1.228,10.461
0.093794,-0.0097258,-0.0050627,0.385,-0.37302,9.9195
-0.033574,0.0089264,-0.029444,-0.41134,-0.86819,9.7045
0.0025314,-0.01692,-0.0061286,0.61072,-0.55923,10.046
0.031842,0.099656,0.0862,1.9292,0.08622,11.164
0.079938,0.10965,0.093394,1.0065,0.046104,12.068
-0.031176,-0.0011991,0.12177,0.12693,0.96518,11.494
0.0053292,0.040102,0.0050627,0.25806,1.7645,12.622
0.045964,-0.066082,0.035839,1.0688,1.5298,10.448
-0.024514,-0.03384,0.024115,1.9166,0.93106,9.865
-0.030376,-0.00093261,0.072477,0.71012,0.007185,11.004
-0.011991,0.035572,0.10245,0.37721,0.84244,11.225
0.056623,-0.017853,0.1295,0.861,-0.35745,11.13
-0.076474,0.052226,0.050761,0.38021,0.70892,10.224
0.083136,0.054491,0.13736,0.98913,1.034,10.401
-0.041035,0.070745,0.093794,0.82627,0.58079,10.764
-0.013723,-0.016121,0.068347,0.60294,0.7179,11.939
-0.027179,0.0039969,0.13456,1.352,0.50055,12.757
-0.022782,-0.0014655,0.056356,0.9101,0.25088,11.248
0.025713,0.064883,0.11005,1.0191,0.62569,10.525
0.087266,0.12444,0.027579,0.97177,1.3071,10.522
0.0094593,0.079405,0.063551,1.6603,0.9107,10.443
0.0091929,0.058222,0.054891,1.9819,0.54546,8.1675
0.10832,-0.018119,0.0023981,2.1986,0.5263,8.2783
-0.050494,0.05116,-0.063284,3.3835,0.33051,8.9136
0.065149,0.045431,0.0050627,-0.45565,0.96878,7.9658
-0.055424,0.16068,0.10365,-0.15448,1.3843,9.4495
0.039436,0.071012,0.10592,0.61851,1.8064,9.5848
0.055823,-0.017453,0.1235,0.56702,0.53768,10.089
-0.045698,-0.013856,0.11618,0.90591,1.4113,9.8566
0.015588,0.070878,0.11604,0.63467,0.80532,11.006
-0.088065,-0.057822,0.075408,-0.46343,1.7819,10.893
-0.087132,0.069946,-0.018253,-0.30536,2.2878,10.942
0.046497,0.037837,0.012923,-0.20178,0.24429,9.1998
-0.053425,0.028778,-0.087932,-0.22453,0.24668,9.7542
0.035706,-0.063151,-0.019318,0.52391,1.1322,9.659
-0.012524,-0.0039969,0.019052,0.6718,0.958,10.166
-0.022116,-0.021583,0.13789,-0.12933,1.0843,9.3902
0.043167,0.032641,0.011325,1.94,-0.25686,8.4699
0.0054624,0.20238,0.043966,1.3071,0.40954,9.5177
-0.0033307,0.15148,-0.029577,0.56702,1.3801,9.6872
0.024115,0.11151,-0.05609,0.62989,1.6172,10.324
0.02971,0.098057,0.057022,1.4376,1.6867,11.956
0.048229,0.073143,0.08127,-0.33171,-0.087417,10.777
0.035839,0.049295,0.090063,-0.63228,0.67778,10.158
-0.014655,0.039703,0.022649,-1.1448,0.37961,10.789
0.078872,0.073676,0.028511,0.54606,0.93465,11.182
-0.0042634,-0.052892,0.025314,0.63288,-0.032333,11.316
-0.016254,-0.04783,0.082203,1.4538,0.55265,10.75
-0.037304,-0.05569,0.074209,0.35446,-0.056282,10.581
0.11778,0.0094593,0.041435,1.9777,0.015567,12.905
0.0862,-0.017453,0.054758,1.8118,1.9232,10.807
0.0043966,-0.043566,0.024648,1.5328,0.31315,9.6303
0.054758,0.065682,0.045165,1.2538,0.4802,10.866
0.035306,-0.009859,-0.0053292,0.49517,-0.12634,10.34
0.028511,0.043566,0.041967,0.54666,1.5945,10.161
0.036372,0.10538,0.017986,0.22812,1.5142,10.455
0.037438,0.008127,0.035972,-0.41733,-0.34907,10.217
0.03051,0.035439,0.020118,-0.93225,1.4897,9.889
0.040768,0.052226,-0.038903,0.20956,0.30895,8.8872
0.047963,0.092995,-0.027046,0.38679,-0.37302,7.5484
0.04703,0.067947,0.12923,0.45265,0.65803,8.1005
0.033174,0.12737,0.048762,-0.06227,1.6041,8.5334
0.07714,0.12031,0.082336,-0.80771,1.3352,9.4393
0.10072,0.088465,-0.0078606,0.39458,-0.053289,9.5602
0.10645,0.08207,-0.012257,-0.42811,-0.37242,9.6495
0.061019,0.11351,-0.02145,-0.80472,-0.24728,11.014
0.067548,0.033174,-0.087799,0.29758,-0.63946,12.288
0.0053292,-0.041568,-0.058888,-1.625,1.1867,11.852
0.016121,-0.0067947,-0.014789,-0.083226,1.725,9.5339
0.046897,-0.039569,-0.049695,0.3371,0.31734,10.722
-0.047696,-0.0077273,0.033307,-0.71191,0.088016,10.114
0.022516,0.039036,0.033041,-1.5094,-1.7082,9.1729
-0.05569,0.068347,0.031975,-1.6148,-0.78017,10.078
-0.081004,0.048096,0.013456,-1.3544,0.44547,10.438
-0.088864,0.11391,0.11844,0.42451,1.3891,10.6
-0.0067947,0.052626,0.13883,-0.69395,-0.91908,9.2345
0.035572,0.0085267,0.049695,-0.13292,0.40655,10.572
0.054091,0.062885,-0.0046631,0.9586,-0.73347,10.398
0.0038637,0.0075941,-0.061685,1.1879,-0.93585,9.5471
0.0075941,0.011857,0.059287,1.9657,0.7197,10.536
0.03917,0.0077273,0.061153,0.9568,1.6304,9.5471
0.090197,0.043966,0.014922,1.431,0.81969,10.16
0.083935,0.029444,0.0027978,2.2094,1.3975,10.616
0.06022,0.0091929,0.031176,0.64845,1.2496,8.7346
0.011325,0.035439,0.040102,-0.7652,0.37122,7.7197
-0.067681,0.0083935,-0.023848,0.62689,1.6178,8.2945
0.0079938,-0.023715,-0.0061286,1.9543,0.54366,9.8327
-0.065549,-0.0065283,0.041168,0.46643,0.69754,11.282
-0.023448,0.066748,0.066615,1.1233,1.0807,10.739
0.021583,0.032908,0.013057,1.3891,1.246,10.469
0.11325,0.13376,-0.027978,0.79993,1.0736,10.397
0.057422,0.065816,-0.031309,1.2167,0.83645,10.009
0.016654,-0.0071944,-0.012257,0.61911,0.19519,9.9392
0.059154,0.0022649,-0.0039969,0.47661,-0.5245,9.8075
0.033574,0.037571,0.011857,1.1616,0.52271,11.281
0.064617,-0.064217,-0.014256,1.3837,0.36584,9.4806
0.01732,-0.062218,-0.13003,0.4808,-0.52211,10.272
0.11071,0.072077,-0.08993,-0.15388,0.80891,10.49
0.091929,0.031709,-0.016121,-0.39937,-0.11736,10.667
0.061552,0.00093261,-0.015055,1.4448,1.2885,10.015
0.12284,0.063018,0.00079938,2.3232,1.0873,10.251
0.11085,0.067414,-0.025047,3.2105,-0.21615,11.15
0.11138,0.12564,0.044499,1.7549,0.76101,10.67
0.10738,0.084868,-0.0075941,0.54846,0.49217,9.8171
0.072344,0.053558,-0.043033,0.29399,-0.29818,8.3568
0.071678,0.0023981,-0.039036,0.24429,-1.4867,9.7141
0.02145,-0.075275,0.034773,0.31135,0.573,11.031
-0.020517,-0.083002,0.083935,1.6945,1.1999,10.699
0.058222,0.022116,0.05116,0.84603,0.053887,10.354
-0.040102,0.058754,0.023448,0.60354,-0.31195,10.961
0.027312,0.044366,0.11844,-0.18202,0.46283,11.863
0.062352,0.067148,0.072477,-0.66162,-0.88974,11.246
0.063551,-0.005196,0.13256,-0.83466,1.1119,9.0537
0.032908,0.038903,0.14895,0.70233,3.2668,10.278
0.061819,0.035706,0.10632,0.78975,2.4201,10.616
0.045431,0.065149,0.11924,-0.25926,2.0381,10.422
0.060353,-0.059554,0.12084,0.5245,0.65743,9.8919
0.046897,0.062352,0.14922,-0.52151,1.6939,10.063
0.033574,0.026513,0.12404,-0.49696,2.5662,10.855
0.018919,-0.057822,0.082603,0.2868,1.837,10.152
0.011991,-0.0078606,0.058088,0.9083,2.0142,11.219
0.045298,-0.015588,0.024514,1.1616,3.0207,11.621
0.057156,-0.018519,0.023715,1.6202,1.4376,11.019
0.079405,-0.069679,0.041568,2.0561,0.9562,10.866
0.1235,0.034373,0.03464,0.8628,1.1143,10.835
0.05982,0.081004,-0.012923,0.81011,1.0514,10.964
0.06475,0.10712,-0.10712,0.51912,0.78017,9.6075
0.059953,0.071411,0.096991,1.6675,0.71371,9.6303
-0.026113,0.08127,0.039969,2.2968,0.21615,10.581
-0.0042634,0.062618,0.10885,1.7507,-0.79394,9.295
0.015055,0.077007,0.097125,1.6208,-0.35266,9.5261
-0.0041301,0.10006,0.078206,0.4329,-0.57001,10.695
0.10445,0.083935,0.12071,-0.53708,-0.9077,10.603
-0.037171,0.052626,0.08993,0.57779,-0.41314,10.342
-0.020651,0.040768,0.064883,1.4861,1.8364,11.217
0.080204,-0.10872,-0.045165,0.63228,2.0016,9.3291
-0.028112,-0.11085,-0.019185,1.5526,-0.78137,10.643
-0.0049295,-0.10325,-0.075275,0.12873,-0.41673,9.7518
0.011058,-0.0050627,-0.009859,0.50535,-0.64545,10.705
0.00053292,0.035706,0.088465,2.1208,0.18801,10.412
0.066215,-0.015988,0.11058,2.598,-0.30476,10.91
0.01279,-0.085933,0.12377,1.7801,-0.056282,10.395
0.026779,-0.021583,0.03917,1.4466,0.30836,11.416
0.03424,0.034107,0.032775,-0.22154,-0.25627,10.485
0.041035,0.096459,-0.035306,0.82029,0.29279,9.5189
0.17866,-0.054758,-0.0054624,-0.023351,1.5675,10.122
0.072211,-0.078339,0.041834,-0.055085,0.35925,9.8399
0.12417,0.06022,-0.063417,1.0239,0.97117,9.2142
0.068613,0.14016,-0.076341,0.80951,0.80891,8.8866
0.091263,0.11698,-0.055157,1.9849,2.007,9.0759
0.1704,0.059154,-0.092062,0.22872,1.5005,9.3489
0.091795,0.11205,0.0085267,1.3406,0.61791,10.007
0.081404,0.067148,0.050761,0.3365,1.8986,10.323
-0.0095926,-0.013856,-0.040502,2.0854,1.7753,10.239
0.10832,-0.034507,0.081803,1.6298,1.0742,8.6777
0.17053,0.083269,-0.054624,1.0059,1.9867,10.101
0.014122,0.012923,-0.13336,1.3687,2.6219,9.7956
0.045698,0.046231,-0.068081,-0.39218,1.2394,9.8123
0.097125,-0.022249,-0.0033307,-0.20777,0.37182,8.9543
0.13936,0.011458,0.0045298,0.88974,0.81789,10.368
0.11791,0.023582,0.0070612,0.91429,-0.11975,10.43
0.062218,0.015988,0.038637,0.98854,-0.20657,10.856
0.068081,-0.019851,-0.00039969,0.83765,-1.3256,9.8632
0.00013323,0.063151,0.042367,-0.20597,-0.28261,9.5483
0.027312,0.023315,0.093794,0.34907,0.64426,9.9428
0.074076,-0.049828,0.13936,0.059875,0.40056,9.9692
0.043167,0.0015988,0.16707,1.0909,-0.91908,8.7196
0.034507,-0.020118,0.062751,0.82208,-0.59935,8.8513
0.019185,0.00079938,0.094593,1.2286,0.11256,8.7741
0.014522,0.0057289,0.12644,-0.191,1.8166,11.494
0.055157,0.071012,0.10019,-0.43649,0.70652,10.56
-0.049961,0.10978,0.055823,0.40715,1.0742,9.5363
-0.066881,0.18239,0.10445,0.07185,0.97716,9.6908
-0.11871,0.035439,0.02558,-0.0017963,1.6687,10.829
-0.032641,0.0015988,0.089531,0.31195,1.1622,9.9045
-0.050094,-0.059287,0.22116,2.1699,-0.2407,9.2303
-0.036771,-0.039436,0.05982,1.3795,-0.13352,10.134
0.065016,-0.034773,0.093927,0.54067,1.1412,9.4728
-0.010658,-0.072477,0.037971,-0.27722,2.4447,9.9506
-0.021716,-0.0086599,0.029177,0.080831,0.19519,11.022
-0.044765,0.019185,0.13909,0.85322,0.51014,10.327
-0.044899,-0.009859,-0.0027978,0.72269,0.25447,11.253
0.0066615,-0.026646,0.05196,1.2574,1.6041,10.454
0.11351,-0.019185,0.10898,1.4484,1.6292,9.2411
0.074209,-0.064084,-0.020251,1.6448,0.21555,9.4333
-0.0059953,-0.024381,0.0057289,2.4908,0.85681,10.255
0.0067947,0.0078606,-0.025447,2.1872,1.0346,8.7885
0.02598,-0.03051,0.041435,0.95561,0.77358,8.9417
0.031842,0.06888,0.09446,0.62989,1.8992,9.5099
-0.016387,0.033307,0.10125,-1.2328,-0.45625,9.8417
-0.032375,0.09406,0.040635,0.05748,0.49337,9.8919
-0.0030643,0.11098,-0.039569,0.97716,-0.70772,9.9931
0.035439,0.053159,-0.027445,1.7705,-0.30417,8.9465
0.0062618,-0.0033307,0.047563,1.249,-0.0041912,8.1244
0.086866,0.063551,0.079405,0.48978,0.60833,9.4297
0.0035972,0.075275,0.13816,0.16406,0.51792,11.199
0.0429,-0.008127,0.078472,1.8753,0.42212,10.796
-0.0058621,-0.019718,0.018652,1.4316,1.0544,10.839
0.13376,-0.12004,-0.01239,1.7501,-0.36045,9.8231
0.10125,-0.0858,-0.024381,1.9902,1.0736,9.0172
0.10965,-0.079805,0.0062618,1.1724,-0.056881,9.1992
0.058488,0.077273,0.028378,0.27303,0.79155,9.4231
0.011991,0.023182,0.06022,2.21,1.4705,8.5998
-0.0025314,0.078206,0.032641,1.0903,0.95201,8.6585
0.050761,0.099789,0.057555,-0.20298,1.4771,9.7141
0.015321,0.0433,0.059154,-0.4311,0.45864,9.5728
0.00093261,0.0065283,0.044366,0.45744,-0.059276,9.4393
0.10392,0.015188,0.0022649,1.1927,1.1388,10.222
0.10658,0.051294,0.049695,0.19459,0.51972,10.035
0.056889,0.049162,0.15308,0.94183,0.96998,10.109
-0.015055,-0.032908,0.066215,1.0161,2.1076,9.5662
-0.024781,0.052093,0.055024,1.3669,2.5621,8.0161
0.026113,0.083002,-0.00093261,2.0058,1.5831,7.6802
0.0058621,0.019984,0.013856,1.3765,2.5094,9.5123
0.092062,-0.049695,0.025847,2.101,1.7058,10.579
0.028511,0.053425,-0.016787,1.5627,1.5047,10.937
0.052359,0.02558,-0.023848,0.40056,0.9592,9.307
0.065016,-0.022383,0.044232,0.67659,0.97716,8.1813
0.086333,-0.00026646,0.053292,-1.5418,1.3364,10.933
0.09939,0.079938,0.1255,-1.4609,1.3346,10.204
0.1756,0.055424,0.061819,-0.23052,1.2209,12.758
-0.014256,0.08127,0.042101,0.30057,0.22273,11.891
-0.050894,0.082736,0.14722,1.4705,-0.79215,12.734
-0.029577,-0.028644,0.053425,0.091609,-0.6694,11.292
-0.0090596,-0.019718,0.041834,0.80592,0.58258,10.988
0.057289,0.039303,0.028644,1.5789,0.010778,10.666
0.10379,0.066881,0.13456,0.21615,0.030536,10.28
0.048496,0.087399,0.13163,1.458,-0.2886,11.227
-0.03051,-0.003464,0.12191,0.50355,-0.10897,10.573
0.042234,-0.00093261,0.083535,0.6209,-1.0029,10.19
0.11111,-0.025047,0.10392,0.52031,0.3353,10.841
0.064617,-0.0021317,0.014655,1.1753,1.337,10.343
0.033441,-0.049162,0.083668,0.73047,-0.92028,8.7154
0.061685,-0.068347,-0.012524,0.8125,1.4172,8.5903
0.14056,0.043699,0.11498,-0.53169,0.35266,9.5004
0.079405,0.031576,0.11218,-0.31674,1.3717,9.0435
0.10499,0.083136,0.063417,0.69096,-0.53468,10.047
-0.00026646,0.18106,0.099789,0.72269,1.5286,9.0166
0.03877,0.085933,-0.030909,1.4615,-0.21914,10.564
0.041435,0.042767,-0.10019,1.4651,0.45625,10.721
0.022249,0.14362,-0.083402,1.243,1.4598,11.108
0.03917,-0.006395,-0.024115,0.56402,0.53947,10.004
0.05569,0.036905,-0.027312,0.49577,1.5771,9.8794
0.028778,0.012657,0.10778,0.38979,2.2148,10.625
0.005196,0.06848,0.10006,1.813,1.928,10.722
0.022116,0.031709,0.016121,-0.48439,1.7657,10.104
0.039036,0.043167,0.059154,0.74784,1.5065,10.853
0.11844,0.0066615,-0.00039969,-0.17603,1.643,11.017
0.027579,0.033707,-0.0031975,1.0029,1.8334,10.865
0.015055,0.03917,0.018919,1.4645,3.2374,9.4016
0.074342,0.036505,0.0059953,0.4814,1.8549,10.115
0.058754,0.16041,0.017187,3.0458,1.9028,11.037
-0.0037304,0.17466,0.035839,1.513,1.8447,11.259
0.092595,0.089797,0.00026646,1.3574,0.96878,10.277
0.13909,0.092861,0.040902,1.6573,-0.37422,10.723
-0.0023981,0.041834,0.033574,0.65922,0.78855,11.782
0.009859,0.029444,0.079005,2.0711,0.80891,10.598
-0.069413,0.00053292,0.083402,2.319,0.21136,9.5279
0.079139,0.037971,-0.024914,3.1854,-0.80771,9.7848
0.0039969,0.052759,-0.012524,1.7304,0.38919,9.6884
0.024115,0.049295,-0.014256,0.64066,-1.1203,9.4225
0.029044,0.031975,-0.0083935,1.0795,0.72868,9.5273
0.093794,0.027179,-0.017453,1.9621,-0.85981,10.059
0.012124,0.032375,-0.029177,2.1022,-0.69455,9.9722
0.077407,0.11085,-0.07714,1.613,-0.46762,10.636
0.067814,0.20704,0.098057,1.1179,1.2292,10.262
0.025713,0.088198,0.10565,0.59995,-0.94303,12.15
-0.095792,0.091929,0.093527,0.63108,-1.4514,11.206
-0.11564,0.17347,0.06022,1.243,0.75682,11.399
-0.050094,0.059953,0.078739,0.99153,-0.19998,9.8602
0.065416,0.088198,0.058754,1.2089,-0.36524,9.5195
0.14242,0.10272,-0.010125,0.33231,-0.59456,10.478
0.093527,0.075142,0.012257,-0.77239,0.68437,10.919
0.11564,0.11271,-0.0045298,-0.29518,-0.094004,10.8
0.054624,0.00013323,-0.061685,1.2125,0.20896,11.663
