0.10112,1.5508,0.031975,1.6699,1.5244,10.533
0.11831,1.6305,0.058088,1.6975,1.1825,10.358
0.18199,1.6365,0.084868,1.2604,1.2197,10.81
0.18119,1.588,0.10978,-0.55504,1.5526,10.935
0.21237,1.589,-0.0031975,-0.49636,0.97836,10.645
0.17213,1.5496,-0.03424,-1.3795,0.36584,9.6626
0.1347,1.6946,-0.058888,-1.358,0.45325,10.731
0.083802,1.5972,-0.081404,-0.48379,1.5609,10.578
0.10885,1.601,0.0030643,0.76221,1.6394,11.833
-0.0073276,1.6065,0.10232,-1.9992,1.7376,11.11
0.078339,1.6207,-0.020917,-2.38,0.78017,11.158
-0.019052,1.5973,-0.046231,-1.5412,1.6795,11.637
-0.01319,1.5407,0.011857,0.44188,0.53169,9.8608
0.020384,1.6255,0.046897,-2.2064,-0.15148,10.954
-0.0010658,1.5589,0.10725,-1.9022,0.070652,9.5704
-0.054624,1.4817,0.19718,-1.9274,-0.8161,11.453
0.033574,1.4518,0.10725,-0.72329,-0.29099,9.9686
0.12444,1.5786,0.061019,-1.1352,-0.043709,9.2022
0.023448,1.5736,0.062485,-2.1627,-1.2526,9.0411
0.087266,1.581,0.078739,-3.3746,-0.60534,8.6669
0.19492,1.5042,0.049695,-3.5338,0.90351,8.7148
0.20144,1.4586,0.057156,-2.019,0.098195,9.2291
0.073676,1.6245,0.025447,-1.8316,1.5651,8.728
0.11937,1.5753,0.006395,-2.6399,0.35805,10.308
0.15162,1.5115,0.011591,-4.1326,0.21435,8.4388
0.12577,1.5748,0.057555,-2.5722,0.21375,9.1513
0.09406,1.6298,0.055957,-3.3656,0.63887,9.8255
-0.031043,1.5088,0.024914,-2.9662,-0.11137,7.867
-0.031709,1.5928,0.084868,-2.7477,0.053289,8.7908
-0.0015988,1.5669,0.015721,-2.4782,0.10478,8.3124
-0.044232,1.5593,0.051294,-3.2135,1.1101,9.0729
0.048496,1.5355,-0.027845,-2.0136,-0.55803,8.9573
0.086733,1.5268,0.015055,-3.0033,0.6221,9.2842
0.076208,1.5876,0.15348,-2.9231,0.45565,8.8411
0.083802,1.5254,0.056356,-3.6518,1.1759,8.2562
0.09446,1.5776,0.057822,-5.2462,0.66401,10.175
0.029177,1.5485,0.097791,-5.5516,0.25507,9.8411
0.071545,1.489,0.076074,-5.4522,-1.0221,7.0227
0.15255,1.5231,0.039969,-4.8122,1.6052,7.5191
0.061552,1.4942,0.11338,-5.5612,0.51732,7.8664
0.10698,1.4534,0.092195,-5.2624,1.9765,7.0473
0.062085,1.4085,0.19318,-4.2679,1.2688,7.6317
0.052759,1.4795,0.2205,-5.1127,0.75383,7.2982
0.027579,1.502,0.095659,-5.4402,1.2711,8.7729
0.013989,1.5365,0.10991,-5.5211,0.76101,8.5046
0.029044,1.5433,0.15415,-4.4828,0.37063,8.3939
-0.02185,1.5068,0.13536,-3.9362,-0.10658,7.9472
0.00039969,1.4457,0.089131,-4.9493,1.2933,7.5113
0.036239,1.3202,0.061819,-6.5,0.56941,7.3994
0.12617,1.2885,-0.0037304,-5.8318,-1.3173,5.9564
0.058888,1.4016,-0.028644,-4.9924,0.029937,6.412
0.023848,1.3643,0.036505,-6.4246,0.23591,7.4981
0.0042634,1.4639,0.026113,-7.3437,-0.44667,6.3444
-0.059154,1.3069,0.023981,-6.8449,0.40236,7.7317
-0.034507,1.4205,0.027179,-6.6677,0.28141,7.7993
-0.030643,1.3538,0.0085267,-6.4922,-0.92866,7.1371
0.033307,1.3704,0.03051,-7.3353,-0.44248,7.179
0.083136,1.3366,0.12417,-6.6898,-0.22693,7.1754
0.065283,1.2986,0.086333,-6.9623,-0.12574,7.9526
0.13363,1.3743,0.13576,-7.2365,-0.58198,6.3845
-0.051826,1.3444,-0.014655,-5.9695,0.46343,5.9881
-0.089264,1.281,-0.049162,-4.5445,0.66341,6.1288
-0.0085267,1.2962,0.049295,-5.757,0.15328,5.6342
0.079405,1.2949,0.065949,-6.527,0.96878,6.1426
0.097924,1.1883,0.020118,-7.2551,0.33829,6.1851
0.16521,1.1551,0.10392,-7.8825,-0.11077,7.8754
0.14575,1.2809,0.039569,-9.004,0.40176,6.821
0.062485,1.2883,0.0425,-8.4579,-1.3376,6.2324
-0.043167,1.3252,0.077273,-7.7412,-1.0891,6.1366
0.018119,1.2562,0.062751,-8.2376,-1.3484,6.4527
0.062751,1.2887,0.0061286,-8.0209,-0.5269,6.8509
0.044632,1.2648,0.10778,-8.1933,0.2383,5.4456
-0.058754,1.2878,0.20211,-8.4124,-0.020956,6.0043
0.016254,1.3154,0.14482,-7.6233,-1.0861,5.7624
0.10179,1.2497,0.010392,-9.9123,-0.22872,4.6834
-0.035572,1.2601,0.086333,-8.2478,0.24908,5.7055
-0.028778,1.245,0.10898,-6.9796,-0.37362,5.6666
0.071411,1.2313,0.071944,-7.9706,-1.0089,6.8042
-0.019318,1.1932,-0.0095926,-7.3694,0.54606,6.5198
0.03917,1.16,-0.019718,-8.2921,-0.056282,4.9367
0.023848,1.0889,-0.012657,-8.6831,0.20537,5.1409
0.048496,1.1178,-0.0047963,-9.1693,0.05269,4.614
0.14535,1.166,-0.022782,-9.3195,0.288,3.6817
0.14455,1.1093,0.0099922,-10.315,0.64006,4.6337
0.093261,0.93501,-0.0094593,-9.2549,0.16046,4.405
0.087266,0.96858,-0.10365,-7.3574,-0.57779,5.4624
0.057289,0.91849,-0.09859,-8.034,0.18861,3.8326
0.061153,0.96991,-0.096059,-8.2861,1.6783,3.0901
0.053026,1.0894,0.03917,-7.767,0.79394,3.6955
0.03384,0.99989,0.062751,-7.4119,0.21375,3.5332
0.027712,1.0444,0.066615,-8.5723,0.80113,2.7608
0.10952,1.0351,0.13616,-9.1465,0.91429,4.1308
0.11178,1.0255,0.14309,-7.8137,-0.96159,3.8069
0.063417,0.94846,0.099922,-8.1059,-0.1413,3.7302
-0.00053292,0.94647,0.070079,-8.9136,-0.28141,2.3573
-0.0057289,0.96605,0.024914,-7.5634,-0.24788,2.3351
-0.029977,0.93514,0.059421,-7.4329,-0.45265,2.8285
-0.026646,0.91276,0.056223,-7.7065,0.15268,4.6619
0.086866,0.87146,0.0045298,-7.9891,-0.97536,2.677
0.07794,0.94647,-0.042634,-9.0519,-0.079634,1.9956
-0.045165,0.93687,0.05569,-8.8974,0.18382,2.2705
-0.095393,0.87972,0.087799,-8.7753,0.70832,2.2854
0.0079938,0.87052,0.083002,-8.7346,0.27662,2.5399
0.051693,0.96299,0.066881,-9.0782,1.2735,1.1939
0.079805,0.82176,0.052892,-8.5969,0.4323,3.3338
0.15868,0.82003,0.086333,-8.3502,-0.69874,2.0393
0.080338,0.75661,0.099256,-8.9411,0.39218,3.3021
0.043699,0.70399,0.018253,-8.2568,0.022154,2.5998
0.003464,0.7269,0.057689,-9.5608,-1.7735,3.9949
-0.042367,0.76447,0.15255,-9.7506,0.34787,1.6214
-0.049961,0.74929,0.12697,-9.6596,-0.073646,1.0676
0.019185,0.73197,0.062485,-8.9465,-0.89393,0.61192
0.076874,0.71158,0.025847,-9.3501,0.65383,0.97177
0.039303,0.69946,0.075008,-8.7334,-0.40595,1.2963
-0.049029,0.70838,0.14709,-8.6651,-0.52031,2.4686
0.044765,0.71571,0.061685,-9.1351,1.1227,2.2351
-0.069946,0.59194,0.094727,-9.2591,0.47301,1.7573
-0.03877,0.62112,0.0433,-8.7741,0.49397,1.6621
-0.062751,0.57755,0.018386,-9.3148,0.12873,0.16226
-0.047963,0.61219,0.045431,-8.8447,-1.1203,0.6712
-0.0086599,0.66455,-0.0071944,-9.3585,-1.1694,2.2848
0.098057,0.63164,0.018785,-7.64,0.91369,2.2016
0.11564,0.58714,0.043833,-8.9322,0.43828,4.0038
0.066881,0.59021,-0.10205,-9.2261,0.60953,3.1919
0.049828,0.48296,-0.048629,-9.6327,1.0837,1.413
-0.027845,0.51413,0.039969,-8.7196,-0.32931,0.50055
-0.0077273,0.54771,0.038637,-9.88,-0.14729,2.3142
0.027179,0.47963,0.045565,-9.1226,0.035326,2.592
-0.0061286,0.45738,0.12897,-10.528,0.42451,0.55923
0.01239,0.41954,0.10086,-9.6626,0.77478,-1.3316
0.06062,0.44046,0.14042,-10.016,0.23711,-1.1017
-0.019984,0.50787,0.12604,-8.2999,-0.10418,0.98494
0.059154,0.4715,0.084868,-9.1555,-0.99452,0.69156
0.15055,0.41861,0.0078606,-9.0477,-1.0173,0.29399
0.06928,0.36692,-0.03837,-9.2956,0.91369,0.72928
0.065016,0.31695,0.078339,-9.8003,0.96998,-0.12693
0.054358,0.33308,0.031176,-10.27,1.1173,1.3394
0.028644,0.33094,0.018253,-10.373,-0.53708,0.79155
-0.01239,0.40235,0.057289,-8.9753,-0.7179,0.78975
-0.016387,0.33441,0.050361,-9.3579,-1.2442,0.040116
0.057555,0.32175,0.013723,-9.0256,0.15927,0.65982
0.091795,0.26073,0.11551,-9.0297,-0.13173,1.4639
0.013589,0.27286,-0.021983,-8.8914,0.067659,0.89753
0.027579,0.26526,-0.014122,-9.4213,0.20657,-0.6203
0.062218,0.16161,-0.038903,-9.4297,-0.68617,-0.83765
0.12377,0.14709,0.015321,-9.086,0.15148,-0.049098
0.09859,0.22729,0.12604,-9.2046,0.24848,-0.02874
-0.036638,0.099789,0.1748,-9.2812,0.51313,1.1233
-0.028378,0.11258,0.08993,-10.122,1.2604,-0.19759
-0.028644,0.086333,0.044366,-9.0297,0.55324,0.66821
-0.019185,0.14282,0.10046,-8.5951,1.5023,0.68018
-0.026646,0.072077,-0.00039969,-10.365,-1.0041,1.2214
0.049295,0.10165,0.012524,-9.1423,-0.061671,-0.53169
0.050228,0.042367,0.011191,-8.8657,-1.2616,-0.82328
0.13816,0.033441,0.015055,-8.6028,-1.3873,0.46583
0.10578,-0.085933,-0.048362,-10.191,-2.2435,-0.22812
0.054758,0.03464,-0.059021,-9.7662,-0.7191,1.1023
0.080071,-0.021317,0.037704,-8.9836,-1.1209,0.73227
0.029977,-0.073276,0.015188,-10.613,-0.60115,1.237
0.013323,-0.037304,-0.019318,-10.904,-0.16226,2.1184
0.014122,-0.096325,-0.028378,-9.683,-1.1173,1.531
-0.043566,-0.11378,-0.040502,-9.8099,-0.85082,0.13352
-0.033307,-0.077007,-0.0011991,-9.3579,1.34,-0.50954
-0.05116,-0.089397,0.0043966,-9.9572,-0.25148,0.74125
-0.062352,-0.19518,0.029311,-9.0537,0.59815,0.95261
-0.03051,-0.097258,0.069679,-10.227,-0.06706,0.13173
-0.0858,-0.096059,0.14549,-10.185,0.83346,0.41853
-0.051826,-0.17493,0.018119,-9.7961,1.0945,-0.576
-0.0047963,-0.29204,-0.030376,-9.001,1.3616,0.42871
0.084201,-0.2534,0.13989,-8.9753,1.2143,-0.67838
0.12097,-0.16427,0.20078,-8.7801,-0.41793,-1.2616
0.070612,-0.2109,0.093527,-9.1315,-0.39877,1.4604
0.036771,-0.19678,0.09859,-6.8449,-0.15987,1.8489
0.09446,-0.12923,0.0038637,-8.7896,0.22753,2.7866
0.075142,-0.168,0.095393,-9.5064,-0.043709,1.5328
-0.0078606,-0.2133,0.073143,-8.9447,-0.39517,1.0346
-0.017053,-0.21637,0.079805,-9.2441,-0.50774,1.8651
-0.0054624,-0.20704,0.066215,-8.9417,-0.86759,0.95501
-0.071145,-0.20477,0.069146,-8.0538,-0.53528,-0.22513
-0.019185,-0.2157,0.069679,-7.5963,-1.9495,-0.72868
0.086466,-0.27539,0.058754,-8.9765,-0.21435,-0.055085
0.086599,-0.37078,0.13017,-9.4519,-0.46463,1.1532
0.11551,-0.32748,-0.015721,-9.0435,-1.2688,0.73766
0.080871,-0.45818,-0.032775,-8.516,0.97716,0.65683
0.056889,-0.46484,0.075675,-8.5472,0.99572,1.2526
0.095659,-0.41061,0.03917,-7.9837,1.81,-0.39517
0.035439,-0.42061,0.037171,-7.1934,1.7717,1.07
0.05156,-0.32961,-0.01239,-8.7974,0.27902,2.2513
-0.00066615,-0.40009,0.1279,-8.2394,0.080831,1.8723
-0.083668,-0.34493,0.14695,-8.6986,0.044906,1.0724
-0.05529,-0.43233,0.082869,-7.9682,0.11436,2.856
-0.008127,-0.48682,0.061952,-8.1801,0.62869,3.1973
0.04663,-0.44765,-0.05116,-8.4394,1.0766,2.8099
0.04783,-0.5148,0.033307,-9.2734,0.7682,2.0501
-0.034507,-0.62432,0.049828,-8.5094,1.5118,1.7974
0.044899,-0.44672,0.018652,-8.7316,1.2466,1.0298
0.014789,-0.41781,0.033041,-9.122,0.48259,1.2819
-0.0087932,-0.45951,0.071678,-8.5699,-0.44667,0.34308
-0.023049,-0.50814,-0.070745,-7.5395,-0.64126,0.40296
-0.079005,-0.64377,-0.017053,-8.9818,-1.931,-0.087417
-0.009859,-0.63497,0.015188,-7.9514,-0.81131,0.79095
0.040768,-0.62605,0.075275,-9.3854,-0.28501,1.2723
0.040635,-0.6932,0.049295,-9.6417,-0.31255,2.8129
0.06928,-0.6419,-0.019318,-10.013,0.70652,2.0555
0.049295,-0.75062,-0.015055,-9.4022,1.5735,0.52151
0.051693,-0.71718,0.0014655,-9.4453,0.22753,1.701
0.0026646,-0.70918,0.0041301,-8.4532,0.194,2.2681
0.10125,-0.61805,0.033041,-8.7238,-0.083825,2.9482
-0.0053292,-0.64363,0.074875,-9.0609,0.021555,1.3729
0.0425,-0.70079,0.15162,-9.3884,0.24788,0.6209
0.082736,-0.78965,0.14709,-9.1609,0.61492,2.2884
0.097658,-0.77686,0.073809,-10.473,0.3365,3.065
0.10086,-0.80831,-0.014522,-9.3124,0.65863,3.9937
0.065949,-0.82016,0.10738,-10.101,0.2868,1.8968
0.0083935,-0.84681,0.083668,-10.367,0.10119,2.8309
0.019718,-0.81284,0.19105,-9.6022,-0.8149,1.5346
0.068747,-0.75795,0.259,-9.2669,0.22273,2.1064
0.071678,-0.78819,0.088864,-9.5357,0.30836,2.3639
0.020118,-0.69333,0.11897,-8.7783,-0.10897,2.6321
-0.085134,-0.81364,0.13203,-8.0688,0.12514,4.117
-0.036239,-0.83295,0.039569,-8.0861,-0.8155,4.211
0.067548,-0.91662,0.024248,-7.9963,0.063467,3.9452
0.091529,-0.96205,0.031442,-8.5729,0.35207,4.1218
0.14669,-0.9851,-0.025047,-8.7316,0.026944,3.3213
0.12111,-1.054,0.033441,-8.5981,-0.59576,1.5639
-0.010792,-1.0316,-0.026646,-9.5363,-0.45206,2.0196
-0.022249,-1.063,-0.062885,-8.719,-1.4861,1.9388
0.016654,-1.0464,-0.0039969,-9.5399,-1.8567,3.7596
-0.043167,-1.0307,0.069546,-8.8615,-1.546,3.3841
-0.015455,-1.0016,0.053026,-8.5639,-0.41673,2.5046
-0.067947,-1.0361,-0.045298,-7.6341,0.41074,1.9896
-0.011591,-1.0949,-0.041435,-8.8855,1.1298,3.3656
0.071012,-1.0377,0.023049,-8.9723,0.94603,3.5153
-0.010259,-1.0007,0.019984,-7.9071,-0.10418,4.3194
0.0058621,-1.0926,-0.042234,-7.3706,-0.79813,3.6787
0.048362,-1.0316,0.052226,-8.8633,-0.3838,4.5289
0.040768,-1.078,-0.021983,-8.0771,-1.2388,5.439
0.0099922,-1.0319,-0.019585,-7.2185,-0.55324,4.772
-0.03384,-1.0083,-0.011325,-6.9449,-0.54546,6.2515
-0.011991,-1.0312,0.168,-6.8892,0.38739,4.3757
-0.03424,-1.1207,0.093128,-7.664,0.24968,6.039
0.0089264,-1.1743,0.069813,-8.6418,0.034129,6.5809
-0.053026,-1.1687,0.015988,-8.4304,-0.12454,6.2042
-0.11098,-1.125,0.054225,-7.7969,1.0496,6.8515
0.039836,-1.2136,-0.00026646,-8.8998,1.3047,6.0073
0.0078606,-1.2239,0.057689,-7.9598,1.6046,4.4619
0.011857,-1.1623,0.02598,-7.97,0.95261,5.5372
-0.01279,-1.1811,-0.039036,-7.2563,0.32632,4.893
-0.050361,-1.2235,-0.052759,-8.3963,-0.95081,4.8618
0.071545,-1.1527,0.043033,-8.1544,-1.7843,5.6809
0.089131,-1.1823,0.027579,-8.7016,-0.44727,5.9671
0.033974,-1.24,0.088331,-8.4867,-0.26764,6.6048
0.060486,-1.0786,0.13549,-9.1896,-0.69036,7.3712
0.064617,-1.14,0.066482,-6.7904,0.2389,8.1801
-0.0066615,-1.1313,0.049162,-7.8029,0.058079,7.2431
0.073943,-1.2216,0.049961,-8.625,0.32273,6.1593
0.065949,-1.2485,0.023182,-7.4,-0.15627,7.0449
0.10019,-1.3055,-0.014922,-7.2245,0.70114,7.0431
0.059287,-1.2657,0.025847,-5.566,-0.78736,6.3563
0.064084,-1.3256,-0.10192,-5.963,-0.12813,7.0293
-0.046897,-1.3636,-0.11884,-5.0678,-0.64126,6.3976
0.049828,-1.3933,-0.013057,-3.241,0.44787,6.5683
-0.079805,-1.3755,0.0037304,-4.6481,0.53947,7.3431
-0.10778,-1.4742,0.09486,-5.7115,1.4711,9.116
-0.049828,-1.4162,0.09486,-4.7152,1.4274,7.9334
-0.061685,-1.351,0.05609,-4.8978,0.48199,10.09
-0.028778,-1.3204,0.097258,-6.0456,0.47361,7.7903
0.028911,-1.3263,0.036638,-4.5703,0.78915,8.6849
0.071145,-1.3907,0.041967,-4.2709,1.0245,6.3456
0.050361,-1.3564,0.054624,-5.1169,-0.16226,8.8393
0.070878,-1.3787,-0.011458,-4.5601,0.75562,9.559
0.079139,-1.3538,0.043699,-5.269,1.9238,10.354
0.091929,-1.3541,0.025713,-5.1121,1.6585,8.9381
0.082336,-1.3974,-0.0010658,-6.3174,1.5376,9.5794
0.10125,-1.3334,0.016121,-4.9283,-0.87956,9.1986
0.070612,-1.4113,0.069946,-4.866,-0.34428,8.313
0.07301,-1.3924,0.081404,-3.841,-0.99512,9.2962
0.047696,-1.424,0.062618,-3.7961,0.22154,8.722
0.023182,-1.3715,0.038237,-4.2876,-0.22214,8.255
0.014122,-1.4854,-0.036505,-4.8343,-0.10598,8.4322
0.0035972,-1.4839,0.0053292,-3.6817,-0.52031,8.7891
0.1267,-1.4096,-0.043433,-4.6349,0.54007,7.8382
0.19998,-1.4549,0.060486,-4.7978,-0.20537,7.6011
0.052626,-1.4931,0.04663,-3.9601,0.74245,9.2579
0.076208,-1.5488,0.061819,-3.1374,1.043,8.3304
0.019984,-1.5433,0.065949,-3.6805,0.53109,8.3999
0.010925,-1.4766,0.0097258,-3.8362,0.93345,8.4118
0.040102,-1.415,0.035706,-3.538,-0.53169,9.9183
0.059021,-1.4194,0.017586,-3.2201,1.5544,10.112
0.10352,-1.4069,-0.03464,-2.6758,1.0352,9.3806
-0.029577,-1.4186,-0.067015,-2.3603,0.10897,9.1321
-0.1227,-1.4931,-0.033574,-1.916,0.73347,8.5442
0.015588,-1.4338,-0.10165,-1.361,0.93046,8.8759
0.0027978,-1.506,-0.050627,-1.443,0.97896,9.0124
0.035306,-1.5136,-0.013723,-2.3393,1.4316,10.398
0.094593,-1.5175,0.036105,-1.3178,0.46762,9.4962
0.047963,-1.5124,0.0067947,-0.86879,1.4645,8.7016
-0.0099922,-1.4655,-0.011191,-0.41853,1.0077,8.831
0.00013323,-1.5003,-0.0041301,-1.4274,0.6245,7.3994
-0.006395,-1.5736,0.030376,-1.9944,0.59995,8.931
0.070745,-1.5513,0.10738,-1.9028,-0.43409,10.426
0.00079938,-1.4565,0.092328,-0.59815,-0.27004,9.683
-0.049695,-1.3677,0.091929,-0.81011,-0.28381,8.3035
-0.018519,-1.5257,0.088065,-0.1916,-0.93345,9.0501
-0.0011991,-1.4874,0.027978,-0.67359,-0.10418,10.297
-0.044499,-1.4839,0.040102,-0.094603,0.78975,9.4507
-0.014389,-1.4318,0.071811,-0.28081,-0.05269,9.6022
0.067414,-1.4498,0.081004,0.50535,-0.23172,8.8453
0.021983,-1.5512,0.10192,-0.72209,0.89573,8.9723
0.097524,-1.5218,0.095126,0.88316,0.74365,9.7465
0.032375,-1.6053,0.094993,0.89453,0.39398,9.8686
0.0858,-1.57,0.035706,0.42152,0.10658,9.871
0.044099,-1.5559,-0.019052,-0.69395,-0.38679,10.231
0.096459,-1.433,0.031043,0.28441,0.94124,9.8554
0.083935,-1.4706,0.018785,1.0251,0.077239,10.199
0.11831,-1.4567,0.049961,0.74484,1.1155,9.8081
0.055424,-1.4702,0.085933,0.87058,1.2987,10.227
0.05569,-1.5132,0.048496,1.8076,0.63168,9.3435
0.072077,-1.5452,0.057555,1.5202,0.59875,11.553
0.053159,-1.5587,-0.026246,1.925,0.64904,9.9818
-0.044632,-1.5194,0.050627,2.6339,0.32632,10.959
-0.062751,-1.4725,-0.010525,3.5111,1.2083,10.029
0.020384,-1.5365,-0.025047,3.4733,1.8447,8.7795
-0.054624,-1.5659,0.071411,3.1249,0.98913,8.7501
-0.2209,-1.605,0.060353,2.0962,0.94124,9.2429
-0.13923,-1.5689,-0.047963,1.0676,1.3298,9.6016
-0.016387,-1.5014,0.049295,2.1693,1.7741,9.1327
-0.068747,-1.5071,0.034373,3.2195,0.56761,8.5795
0.02598,-1.55,0.010792,3.6302,-0.46942,10.792
0.0097258,-1.488,0.050361,3.7685,-0.66341,10.613
0.023981,-1.5429,0.028511,3.4266,1.7495,10.861
0.02598,-1.5363,0.065283,3.3273,1.1215,9.3183
-0.088598,-1.5363,0.056623,4.6637,0.20537,8.9908
-0.091263,-1.5393,0.059287,4.8116,0.16466,8.7244
-0.091263,-1.5693,-0.030776,4.4852,0.77119,10.337
-0.020517,-1.5994,-0.016121,4.4421,1.3586,9.6075
0.0045298,-1.5228,-0.044099,4.2481,0.16046,11.027
0.037837,-1.4571,-0.042101,6.1126,0.86819,9.6351
-0.049961,-1.5301,-0.02145,6.0611,0.39458,9.9321
0.028245,-1.3701,-0.087799,4.8259,1.9519,10.414
0.0429,-1.4162,-0.063417,5.9534,1.4226,11.71
0.077273,-1.502,0.051294,4.4218,0.95321,9.9273
0.05569,-1.5708,0.065549,4.7385,0.72089,9.886
-0.0045298,-1.5016,0.092995,4.9301,1.1915,9.1896
0.096725,-1.623,0.063151,4.9882,1.1155,9.4926
0.19105,-1.5429,0.013589,5.9923,1.3867,8.804
0.037438,-1.4968,0.047696,7.0269,0.78376,9.216
0.036905,-1.4435,0.12191,7.3317,1.4753,8.4478
0.0061286,-1.4326,-0.049428,6.3749,2.3405,8.4963
0.013723,-1.475,-0.041168,5.5492,1.7974,9.1561
0.028112,-1.4806,-0.06848,4.0901,0.96459,8.4927
-0.04663,-1.52,-0.019452,5.5959,0.073048,7.7143
-0.010259,-1.3945,-0.02638,6.5042,0.21016,8.6418
-0.013456,-1.4475,0.080471,5.4684,1.2556,8.8501
-0.01692,-1.388,0.019318,5.6678,1.0867,6.7467
-0.089797,-1.3527,0.045165,6.3563,1.6801,8.255
-0.024648,-1.2805,0.023715,6.6623,0.45864,8.7537
-0.032508,-1.3184,-0.00053292,6.8695,-1.2556,9.1896
-0.030243,-1.3803,0.013323,6.3503,0.91729,8.8016
0.0054624,-1.4423,-0.0094593,6.4078,1.5807,7.9981
0.06475,-1.3561,0.047297,8.2143,0.83166,7.6879
0.01692,-1.2726,0.047963,9.1309,1.3328,8.0897
0.0025314,-1.414,0.036771,8.4256,1.5651,7.2814
-0.050094,-1.3447,0.041834,8.0065,2.7998,8.2598
0.0035972,-1.2794,0.10192,7.2802,3.2285,8.7376
0.033974,-1.3448,0.02518,7.5832,2.1363,8.1759
0.03011,-1.3348,-0.049828,7.8532,1.4334,8.2286
0.063417,-1.3222,-0.047696,8.234,1.2568,8.7896
0.044632,-1.3676,-0.061552,8.5741,-0.2856,7.4946
0.066482,-1.3597,-0.011191,8.9926,1.3675,7.0473
0.096059,-1.3276,0.12284,7.4916,0.38679,7.015
0.1283,-1.316,0.0041301,7.549,1.146,6.2779
0.064617,-1.2813,0.026246,7.6161,1.6945,5.9192
-0.0030643,-1.2679,0.012257,9.4189,1.6759,7.7544
-0.080338,-1.2572,-0.0049295,9.1399,0.71191,8.6813
-0.062618,-1.1932,0.061952,9.4076,0.19938,7.931
0.00026646,-1.2767,0.09446,8.7579,-0.84723,6.4108
0.012657,-1.2007,0.11738,9.0705,0.48379,5.2253
-0.059554,-1.1774,0.044632,9.492,0.64725,6.8928
0.035572,-1.1983,0.079672,10.524,0.59276,7.7861
-0.084335,-1.171,-0.015321,10.597,0.92447,7.1539
-0.014655,-1.1869,-0.068613,8.9992,0.34069,8.3747
0.11085,-1.1038,0.02971,9.6513,-0.44787,7.4832
0.068747,-1.1742,0.036239,8.6208,0.38619,7.4443
0.093927,-1.2124,0.050761,8.1825,0.42691,7.1365
0.067281,-1.1451,0.049562,8.6166,-0.87717,5.5857
0.0015988,-1.1652,-0.012657,8.7693,-1.1029,4.584
-0.014789,-1.0653,-0.044765,8.1562,0.16825,4.5212
-0.025314,-1.0585,-0.049695,7.8406,0.26824,4.5289
0.058088,-1.1075,0.077407,7.0018,0.77299,3.7087
-0.045431,-1.1468,0.11365,7.9849,0.83885,4.1883
-0.068747,-1.2183,0.048895,9.1944,2.4501,3.4584
0.0061286,-1.1877,0.10059,9.0052,1.9747,3.9991
0.03877,-1.1812,0.028511,9.2148,1.4699,3.8841
0.065283,-1.1643,-0.028911,10.223,0.62749,4.4727
-0.020651,-1.0865,-0.061019,9.3453,0.41074,3.0806
0.0030643,-1.1931,0.0070612,9.1591,1.7699,2.3411
-0.075675,-1.1655,-0.015854,7.7652,1.4651,3.1446
-0.044632,-1.0729,0.012124,9.0357,-0.3814,3.5644
0.042634,-0.98457,0.032242,8.4304,0.60115,1.4807
0.041301,-1.0173,0.03877,9.1327,0.56462,2.1226
-0.02145,-0.99203,0.095259,8.8777,0.58019,2.8626
0.0030643,-0.97325,0.052759,8.928,0.20956,3.9476
-0.012657,-0.85787,0.12044,10.075,-0.032931,3.7482
-0.037038,-0.82043,0.13136,9.2615,-0.055085,4.3727
0.048096,-0.90863,0.10392,9.9764,0.64246,3.6446
0.052359,-0.93741,0.14562,9.8482,0.93465,3.2608
-0.045032,-0.91249,0.19705,10.131,0.35147,3.7727
0.064084,-0.99709,0.029311,9.1687,0.28201,3.8416
0.0013323,-0.96285,0.058222,7.673,-1.2364,3.453
0.0035972,-0.75914,-0.010925,8.4843,-1.1328,3.8763
0.0010658,-0.82709,-0.07754,9.5549,-0.77897,4.7517
-0.065016,-0.9037,0.077673,9.786,0.34548,4.4086
0.021184,-0.94567,0.066082,11.949,1.0999,3.4488
0.12297,-0.88358,0.054491,10.578,0.68198,2.3237
0.023582,-0.73809,0.13803,9.8476,0.074844,1.5801
0.080338,-0.70972,0.1263,10.104,0.47122,2.5345
0.081404,-0.70878,0.11018,10.497,1.5124,2.4531
0.022782,-0.73969,0.060087,10.318,0.89333,3.341
0.058088,-0.81976,0.12017,9.0136,0.78137,3.0548
-0.031043,-0.84828,0.070878,10.307,0.70892,2.5142
-0.03011,-0.769,0.037038,10.176,1.4903,1.555
-0.019984,-0.70319,-0.019585,9.8027,1.7825,2.7135
-0.06888,-0.78086,0.030243,8.7447,0.18501,4.1805
-0.02105,-0.70972,0.093527,9.5495,-0.17783,4.6074
-0.017853,-0.66655,-0.0023981,11.131,0.94662,3.0159
-0.050761,-0.68773,0.040768,11.853,1.5807,2.1609
-0.050094,-0.61539,0.020118,11.021,0.96279,1.1753
-0.069679,-0.54051,-0.032108,10.583,0.36164,1.4334
0.012257,-0.49961,0.057955,11.643,-0.18861,0.36344
0.067015,-0.49308,0.041967,9.9901,1.1897,0.12993
0.089397,-0.52866,0.044232,9.0962,1.0592,1.4544
0.09939,-0.5605,0.06475,9.8788,0.96638,2.4016
0.11604,-0.53678,0.029577,11.198,0.0041912,2.0304
0.01732,-0.54291,-0.027312,11.565,1.1873,2.1639
-0.02971,-0.46737,-0.040502,11.099,0.12334,2.862
-0.032641,-0.55837,0.032508,10.482,1.5478,2.2309
0.13057,-0.61765,0.038104,10.169,-0.3353,2.0046
0.1307,-0.59381,0.085134,9.1776,1.0334,2.5656
0.10938,-0.52399,0.065549,9.3297,0.64366,2.5064
0.14149,-0.53159,0.13403,10.118,1.8861,2.0801
0.094593,-0.50281,0.013989,11.506,2.6692,1.6669
0.045831,-0.50681,0.044366,11.198,2.1363,1.1394
0.015721,-0.44592,-0.027179,10.42,3.0931,-0.1934
0.050228,-0.38623,0.065416,10.502,2.5632,0.96698
0.080471,-0.33614,0.064617,11.067,1.5071,1.798
0.026912,-0.3396,0.0014655,10.274,2.0465,1.6663
0.020517,-0.2538,0.050094,10.495,0.78317,1.4717
0.03011,-0.24221,0.043033,10.418,0.40715,0.67599
0.0097258,-0.33361,-0.036771,10.079,1.2604,0.14849
-0.039836,-0.48003,0.025713,9.3914,1.7226,0.78376
-0.043433,-0.37637,0.045831,10.496,0.29039,-0.17424
0.037038,-0.33481,-0.041701,10.031,0.70772,-0.3371
0.22662,-0.27152,-0.091795,9.7698,-0.80113,1.1568
0.072344,-0.33241,-0.085534,9.8482,0.39158,1.4783
0.12457,-0.19265,0.02638,9.3088,-0.73586,1.5825
0.11804,-0.27365,-0.015055,10.257,-0.35865,1.1274
0.09899,-0.23488,0.051427,9.0124,1.0017,0.024549
0.0075941,-0.24434,0.022249,9.5914,0.88136,-1.037
0.038104,-0.25434,0.083136,10.487,0.82747,-0.89333
-0.032242,-0.10499,0.039036,10.495,1.704,-1.5831
0.057022,-0.096192,0.11698,11.07,0.40475,-0.17304
0.10605,-0.052093,0.15508,10.924,0.27722,-0.80472
0.11578,-0.052759,-0.014789,11.368,1.5035,0.51612
0.062352,-0.053558,0.012257,10.669,1.0772,-0.52989
0.089797,-0.089531,0.050894,11.255,-0.31015,0.10298
0.087399,-0.068613,-0.00039969,10.961,0.002395,-0.25267
0.087532,0.066082,0.01732,10.404,1.5418,0.71012
-0.039036,0.10605,0.086733,10.735,0.66761,1.425
0.014655,0.062751,0.045032,11.055,1.7717,0.41194
0.12137,0.095659,0.12071,10.495,2.2321,0.44846
0.058888,0.053558,0.071545,10.686,0.35985,1.5023
-0.0074609,0.094727,0.10565,9.4674,1.7891,0.77299
0.048496,0.097524,-0.041701,10.494,0.99452,1.3987
0.0027978,0.10125,-0.00053292,9.6357,0.9598,1.3268
0.049961,0.15801,0.049295,10.18,0.34248,-0.23471
-0.029444,0.14442,-0.009859,11.38,-0.021555,0.013771
-0.0027978,0.14868,0.027046,12.515,0.85382,-0.26944
0.015188,0.18332,0.093128,11.75,0.66821,0.94782
-0.035173,0.22063,0.057156,11.653,-0.70413,0.56103
0.026646,0.17839,0.038104,10.979,0.041314,1.5849
0.043833,0.25394,0.083002,9.4189,0.077838,0.64246
0.11205,0.20571,0.0425,10.366,1.2759,1.0131
0.037837,0.342,0.038637,11.099,3.0955,0.8161
-0.0433,0.24181,0.046364,10.128,2.3878,-0.55384
-0.0073276,0.20584,0.067015,9.9398,1.9148,0.34248
0.021184,0.28911,0.071678,9.5728,1.2831,-0.55624
0.066881,0.33094,0.065949,10.222,1.6178,0.66581
0.069546,0.26046,0.037438,9.6261,0.83047,0.9119
0.10272,0.39449,0.023981,11.192,0.97057,2.2962
0.10245,0.37344,0.010259,11.974,-1.2514,0.44008
0.079139,0.44712,0.11338,11.485,-0.012574,0.53947
0.093794,0.40942,0.11484,10.724,0.12035,-0.17483
0.14962,0.45351,0.074342,11.134,-0.5287,1.5831
0.056223,0.41101,0.026646,10.04,-0.41913,1.1346
-0.009859,0.35133,0.042767,9.6507,0.3814,0.66701
0.0039969,0.42474,0.14789,11.494,-1.2903,0.98674
0.078606,0.43633,0.092728,10.799,-1.898,0.74365
0.12297,0.46311,0.10072,10.225,0.56821,2.0352
0.02971,0.36265,0.045565,10.301,0.23112,1.2179
0.0073276,0.33427,0.059154,11.272,0.084424,1.261
0.16054,0.41008,0.03424,10.921,-1.0718,1.5969
0.23742,0.43873,-0.012257,10.175,0.034129,1.6597
0.084468,0.40835,0.02598,10.769,1.8178,1.073
0.16254,0.43939,0.016121,10.028,-0.065264,1.2664
0.13216,0.56916,0.062485,11.133,0.88555,1.7501
0.10805,0.55957,0.1259,12.17,1.1795,0.70652
0.036372,0.58275,0.096059,12.046,0.062869,0.44307
0.048895,0.58808,0.0071944,11.842,0.36224,1.0227
0.0053292,0.55863,-0.070612,9.7171,0.88914,2.0932
0.085267,0.51787,0.019984,10.321,2.4956,1.8052
0.10125,0.52,0.045431,10.895,0.98375,3.0788
0.079405,0.57769,0.093661,11.236,0.28381,4.1559
0.13976,0.66375,0.084468,12.071,1.5717,2.2046
0.046897,0.69759,0.020118,11.624,0.71551,3.562
-0.0070612,0.76407,0.019984,10.352,-0.39697,1.9735
-0.0018652,0.82723,0.0013323,9.8081,0.72928,1.907
-0.033441,0.72237,0.014789,9.019,0.573,0.87118
-0.0014655,0.7301,-0.074609,8.1939,0.75383,2.5818
0.028511,0.71438,0.069146,8.134,2.5183,3.1171
0.067281,0.76714,0.023582,9.0675,1.0388,3.8506
0.10259,0.84002,-0.0079938,9.5189,1.2268,3.2141
0.051693,0.72477,-0.049428,9.7782,-0.5263,1.7915
-0.0025314,0.79099,-0.0043966,10.294,0.94183,1.4202
0.040102,0.87279,0.015321,9.9063,1.919,2.0322
0.083668,0.96658,0.076208,9.3603,1.3256,2.1723
0.045032,0.89051,-0.032641,9.9075,0.74425,3.8248
0.027179,0.99163,0.082469,11.172,1.3202,3.5787
0.13976,0.99549,0.017986,11.017,0.83346,2.6315
0.022383,0.94007,0.029444,11.688,1.4304,2.9069
0.055957,0.99057,-0.0041301,10.407,0.20956,2.0459
0.0078606,0.97604,-0.015721,9.4656,-0.54726,1.7645
0.019718,0.89184,0.055024,10.185,-1.1502,2.2872
0.052226,0.92235,-0.027046,9.7255,-0.16286,3.1153
0.059687,0.97178,-0.048496,9.6285,0.23651,3.2931
0.10139,0.9518,0.12364,9.183,0.58558,4.3026
0.071012,0.97165,0.092861,9.1417,1.0562,4.8517
0.018119,1.0412,-0.034373,10.261,1.337,3.5488
0.0046631,0.9867,0.074742,10.374,0.67,3.9817
0.014256,0.93967,0.037304,10.321,0.9568,3.5063
0.056356,1.0036,0.01772,10.813,0.88256,4.4014
0.013456,1.0808,-0.00079938,9.6405,0.62509,2.8315
0.043033,1.0826,0.0014655,10.673,1.349,3.3973
0.11365,1.0464,0.084601,10.67,1.5256,3.0015
0.033707,1.1103,0.11804,9.6866,1.2268,4.5798
0.016654,1.1165,0.082736,10.482,-1.4478,5.5097
0.00053292,1.0415,0.12644,9.0112,-1.0239,4.2427
-0.037304,1.1357,0.10205,9.6243,-0.57779,4.7954
-0.017853,1.0625,0.027445,9.1291,1.0143,5.1684
-0.021983,1.0361,0.094194,9.5746,1.0957,4.6744
0.11311,1.0841,0.028245,9.6872,1.4065,4.8092
0.056356,1.0336,0.020251,9.1465,0.8616,4.1164
0.065016,1.142,0.023182,9.9794,2.1274,4.62
0.061286,1.1528,0.08167,10.148,2.48,6.0091
0.093261,1.2911,0.020517,9.1986,1.3244,4.9445
0.14122,1.1893,-0.08167,10.113,1.5891,6.6102
0.0425,1.2172,-0.0090596,8.3819,1.1227,5.7779
0.06395,1.2117,0.022383,9.7267,-0.053289,6.6126
0.093661,1.2312,0.072344,9.9422,-0.288,5.0732
0.053958,1.2176,0.12697,10.448,-0.26824,5.1977
0.084468,1.1046,0.027046,9.504,0.63887,5.5648
0.086733,1.1584,0.043433,9.098,0.41853,5.7312
0.15055,1.1122,0.11231,8.51,-1.1783,4.3493
0.083136,1.2091,0.0089264,8.7681,-0.11855,5.4163
0.054758,1.2584,-0.02145,10.152,0.42811,7.5269
0.16214,1.2156,0.059953,8.0556,0.75023,7.6203
0.07754,1.3879,0.12017,8.2089,0.68138,8.4765
0.17493,1.3346,0.11285,8.0634,1.9944,7.5185
0.17826,1.3074,0.11724,8.0029,0.56402,6.5054
0.14908,1.3168,0.10072,7.9466,0.16885,6.4246
0.04783,1.3159,0.095659,8.7256,-0.17543,6.0019
0.10499,1.349,0.093927,7.5293,0.66401,6.1258
0.15934,1.4166,-0.043699,7.8819,0.22453,5.1067
0.10459,1.352,0.055424,7.5508,1.4083,6.8096
0.03464,1.3933,0.092195,7.3233,1.8501,8.898
0.059953,1.4418,0.13696,7.6718,1.2556,8.0711
0.077673,1.4643,0.14522,7.3503,2.0405,7.6927
0.17506,1.431,0.1267,6.1695,2.3303,8.4543
0.048895,1.4515,0.031176,7.0209,1.7651,8.0741
0.044232,1.3801,-0.064217,4.9559,1.519,8.143
0.093394,1.435,-0.05116,5.2534,2.4154,7.3077
0.10312,1.425,0.063551,6.1132,3.5422,7.4137
0.087932,1.4357,0.081404,5.5049,2.4962,7.2084
0.16001,1.3176,0.0429,5.8246,0.93285,6.6222
0.078872,1.3474,0.084201,6.4342,-0.45146,8.5986
0.089131,1.4104,-0.0070612,6.2072,-0.094603,9.2297
0.063151,1.4607,0.017853,5.6875,-0.019759,7.1509
0.10019,1.4697,0.020651,6.057,0.54846,7.6694
0.017586,1.439,0.033174,5.8157,0.28321,7.2838
0.075275,1.4602,-0.052226,6.3845,-0.1461,7.9544
0.10725,1.5307,-0.0023981,5.7731,0.32273,8.4178
0.088065,1.5174,0.027046,5.6941,0.40895,9.9105
0.09446,1.5279,0.06395,5.5756,-0.12993,8.8064
0.05982,1.4563,0.05156,5.1193,0.97955,9.2166
0.084868,1.4068,0.095659,5.3648,0.98674,9.7746
0.11178,1.5134,0.072877,3.7464,0.56522,9.6075
-0.081137,1.4525,0.0433,4.6954,0.028141,9.0058
-0.003464,1.5159,0.045831,5.9546,0.17364,9.498
0.0425,1.5834,0.14535,6.0617,0.4814,10.325
0.022649,1.5509,0.13789,6.3509,0.40056,9.2148
-0.0039969,1.4757,0.16401,5.4121,-0.035326,9.5052
0.021983,1.4872,0.19865,3.7284,0.83406,10.476
0.14056,1.523,0.18079,3.9931,0.22753,8.9866
0.15055,1.5368,0.18959,4.7475,-0.029937,9.0687
0.1315,1.6025,0.15655,3.9362,0.46583,9.7465
0.15841,1.5199,0.0010658,6.024,0.85142,9.9243
0.1303,1.588,-0.019851,5.1546,1.9364,9.4662
0.065949,1.6559,0.048496,3.3141,1.3125,8.922
0.005196,1.6876,0.031576,2.9566,0.94722,9.0405
0.084868,1.6521,0.075142,2.2998,0.84783,10.839
0.054358,1.5902,0.12883,3.4386,1.825,10.343
0.031709,1.6249,0.09406,2.8411,0.85681,9.0645
0.07341,1.631,0.0010658,3.1363,1.5065,9.6992
0.040235,1.5119,0.1283,1.5813,1.8837,11.082
0.12111,1.5444,0.15948,1.801,-0.45385,11.16
0.1672,1.5869,0.10179,1.8076,-0.34189,10.87
0.11804,1.5908,0.16041,0.87777,0.98674,10.318
0.0010658,1.6266,0.092595,1.8483,2.4812,9.6016
0.095259,1.5436,0.083002,2.9183,1.3663,11.14
0.085134,1.5352,-0.0047963,3.8559,1.7807,10.525
0.092328,1.5139,-0.0054624,3.1207,2.1711,9.9434
0.0090596,1.4854,-0.026513,3.5566,2.0944,10.285
0.056356,1.5317,0.0026646,1.7909,1.4765,10.153
0.02598,1.5565,-0.018785,0.16705,1.4184,9.5986
0.13843,1.6266,-0.0091929,0.65563,0.91309,10.803
0.14762,1.6459,-0.047297,0.47361,-0.17663,10.721
0.042101,1.6398,-0.034906,1.0035,-0.75981,11.242
-0.0058621,1.659,-0.028511,1.6837,-0.81909,9.8955
0.074076,1.6726,-0.083535,1.5017,1.7292,10.238
0.075408,1.5953,0.030376,-1.446,1.14,11.102
0.081936,1.6951,0.011591,-0.49816,1.7322,10.276
0.11005,1.8073,0.042367,0.26165,1.5358,11.453
0.049695,1.7189,0.077407,0.22513,1.0412,10.409
0.10605,1.6537,0.006928,1.5292,0.79215,9.7572
0.025713,1.6125,0.023448,0.6724,1.2412,9.4926
0.072211,1.6096,0.057689,1.5106,1.0831,9.5177
0.0013323,1.5339,0.12417,1.0089,0.59276,9.8387
0.094593,1.633,0.049029,0.76161,0.077838,9.677
0.13763,1.6026,0.061019,0.06706,-0.3359,12.039
0.15308,1.6294,0.077806,0.51732,1.1897,10.477
0.20184,1.631,0.13083,-0.48858,1.2807,10.575
0.14802,1.6787,0.12137,-1.4891,1.067,10.86
0.036105,1.645,0.092328,-2.095,2.1842,9.5908
0.064217,1.5849,0.10352,-1.5418,0.61611,8.6831
0.17067,1.5312,0.061685,-1.3178,1.0789,7.0814
0.22942,1.5503,0.095126,-2.4166,1.3921,8.1795
0.15455,1.6121,0.0062618,-1.8208,0.092806,9.3746
0.16814,1.6171,0.017187,-0.96638,0.88316,10.822
0.13696,1.6089,0.070079,-0.76101,1.6957,9.8237
0.045565,1.7061,0.14016,-1.9681,0.56283,9.7417
0.086333,1.6618,0.10832,-3.0931,0.66401,8.9154
0.081936,1.649,0.073676,-3.8997,0.13292,9.0399
0.040902,1.5766,0.066615,-2.7656,-0.18561,9.6069
0.040102,1.6533,0.086599,-3.0494,0.24908,8.7843
0.083802,1.5824,0.073143,-3.1398,0.74125,8.3196
0.045032,1.5365,0.082869,-4.044,0.59695,7.1646
0.18306,1.5337,0.029044,-3.4302,2.2758,8.1119
0.084601,1.5612,0.038104,-3.5236,1.2005,9.6327
0.054624,1.544,0.038637,-3.3949,2.0908,8.052
0.15015,1.4563,0.10339,-3.7314,0.16585,9.1591
0.079805,1.5106,0.13256,-4.1296,1.2969,9.7512
-0.022782,1.5166,0.087932,-3.3171,0.30476,9.3507
0.096325,1.4894,0.0015988,-3.9859,0.038919,8.9908
0.12004,1.525,0.059421,-4.114,0.63288,8.9711
0.17093,1.449,0.045698,-4.9738,1.2185,8.4112
0.073943,1.4233,0.039303,-3.8691,1.1867,8.7172
0.092595,1.4599,0.084335,-3.7769,1.5603,10.291
0.020251,1.5503,0.067814,-5.1618,1.1005,9.3938
0.082469,1.4976,0.071012,-5.0924,0.55025,9.1734
0.097125,1.4288,0.10165,-6.3689,0.67719,8.4508
0.044765,1.3909,0.13643,-6.0408,-0.015567,8.8411
-0.0054624,1.3845,0.14256,-6.2773,0.63288,10.419
0.080871,1.4006,0.094993,-6.3785,0.3353,9.8003
0.024248,1.4145,0.16161,-7.3497,-0.50235,7.9334
0.049162,1.3576,0.065549,-6.9443,0.20537,7.9358
0.022249,1.4321,0.0429,-7.0497,0.018561,7.285
0.032108,1.4273,0.068747,-7.4359,1.6484,7.2245
-0.051294,1.3727,0.09446,-6.048,0.75682,8.7525
-0.032908,1.4318,0.0425,-6.8581,1.1328,7.1401
0.043566,1.3985,0.028245,-7.0395,1.8669,8.41
0.10259,1.4364,0.050094,-7.0084,-0.46643,8.1322
0.093927,1.2946,0.065283,-6.6491,-0.64126,7.3473
0.14602,1.3144,-0.020384,-6.442,0.18382,7.4922
0.066748,1.4086,-0.024914,-6.9838,1.1077,8.0274
0.095792,1.3927,0.078472,-7.264,1.0125,8.137
0.088598,1.3142,0.023848,-6.4378,-0.49517,7.27
0.053159,1.3392,0.092861,-7.1467,0.34009,7.1832
-0.045698,1.3909,0.10685,-6.9611,1.5711,7.2239
-0.016254,1.346,0.1235,-6.6066,-0.19639,6.0701
0.011857,1.275,0.086466,-6.1138,-1.2664,5.4905
0.049828,1.2894,0.13896,-6.0761,-0.64426,6.9898
0.06475,1.2761,0.037038,-6.3054,1.4083,6.1114
0.13883,1.2946,0.05609,-6.0833,1.6136,5.4367
0.20198,1.2927,0.073943,-6.4108,2.1076,5.7414
0.0074609,1.3768,0.10445,-6.2881,1.9831,5.5193
-0.016254,1.3538,0.11018,-6.4845,1.522,6.0839
0.003464,1.3073,0.012124,-7.0593,1.0843,6.8186
0.0045298,1.2425,0.031043,-7.2179,0.66521,8.0232
0.015721,1.1337,0.024914,-8.2616,0.34787,6.3749
0.065816,1.075,-0.044765,-7.6987,-1.4849,5.9641
0.18306,1.1215,-0.036105,-8.3681,-1.8094,5.8504
0.14509,1.1528,0.042367,-7.649,-0.023351,6.9856
0.091662,1.1933,-0.0021317,-7.943,0.91788,5.5792
0.031176,1.2525,0.040768,-7.3754,0.14011,4.4571
0.11484,1.1668,0.17733,-7.3455,-0.11736,4.4769
0.053292,1.2357,0.084734,-7.1664,-0.17244,4.8942
0.022383,1.1849,-0.014122,-7.091,0.32811,5.1247
0.015188,1.2799,0.05196,-7.5155,-0.39577,4.4421
0.050894,1.2541,-0.055823,-9.5794,-1.2424,5.1397
-0.0025314,1.1849,0.040369,-8.4699,-0.56103,4.2571
-0.076874,1.1002,0.09033,-7.9137,-0.6215,2.683
0.023448,1.0933,0.017586,-7.9209,0.25447,2.7231
-0.085134,1.1107,-0.032641,-9.5746,0.12334,3.5404
-0.022116,1.1528,0.0433,-9.1938,1.6472,3.1758
0.020517,1.1767,0.040768,-9.0525,1.0897,2.8974
-0.061286,1.22,0.093661,-9.1531,1.5831,3.2039
0.049295,1.1039,0.070079,-8.5879,1.0287,2.4495
0.050094,1.1022,-0.025047,-8.9717,0.45086,2.3962
-0.025713,1.0542,-0.048096,-8.0316,-0.77957,2.7542
0.095393,1.0405,0.0019985,-9.5303,0.12574,5.4121
0.041568,1.0063,0.0049295,-9.9704,-0.066461,4.7068
0.049695,0.98151,0.00026646,-9.7926,0.25806,3.8386
0.062485,0.90956,0.088864,-8.9196,0.78855,2.7495
0.15388,0.91209,0.13723,-9.3028,1.4951,3.8081
0.12137,0.89904,0.079272,-9.492,0.89932,3.2386
0.11165,0.88238,0.01279,-9.1908,-0.70413,2.6123
-0.015988,0.88811,-0.011857,-10.012,-1.2011,2.313
0.019851,0.84921,0.011191,-9.0148,-0.89453,2.571
0.048895,0.95259,0.10325,-7.7191,-0.25088,3.6081
0.096725,0.9494,0.11018,-8.6639,-0.29339,4.4307
-0.014655,0.82509,0.13829,-9.5644,0.6239,3.7769
0.021583,0.85294,0.021317,-9.4531,1.4214,4.8259
0.061952,0.73343,0.051826,-8.6615,1.1849,2.5746
-0.0087932,0.75208,0.039836,-7.8316,0.58378,1.9148
-0.014922,0.77127,0.087932,-9.0555,-0.34189,2.9794
0.0031975,0.79418,0.11764,-9.4046,0.49157,3.1267
0.071411,0.7269,0.14442,-8.9357,-0.70952,2.9584
-0.061819,0.78313,0.065283,-9.4315,0.35446,1.9807
0.097524,0.7714,0.15162,-8.837,0.67838,2.0884
-0.026912,0.77367,0.10778,-9.0124,0.22333,2.3818
0.00013323,0.67268,0.08207,-9.2483,0.35925,3.4895
-0.013723,0.67867,0.14815,-8.5112,0.14011,4.2409
-0.0095926,0.65896,0.069679,-8.9639,-0.11077,2.6668
0.038637,0.71118,0.12297,-8.8657,0.26225,1.8807
0.099922,0.75635,0.040102,-8.922,0.94243,1.8154
0.02185,0.69679,0.075941,-8.2424,0.54426,1.6753
0.021317,0.66122,0.067015,-7.9298,0.17843,-0.65922
0.12004,0.57022,0.014256,-7.7215,0.15747,-0.60653
-0.038903,0.62498,-0.051826,-6.5437,-0.039517,-0.02874
0.076341,0.6046,0.016254,-10.39,0.59755,-1.0316
-0.044499,0.70519,0.11458,-10.095,1.0119,0.39757
0.050094,0.60087,0.11658,-9.3279,1.4334,0.4814
0.066215,0.49735,0.1339,-9.3854,0.16286,0.93405
-0.035706,0.48616,0.12617,-9.0513,1.0352,0.65204
0.02518,0.55597,0.12577,-9.3279,0.42811,1.7531
-0.078606,0.41235,0.084868,-10.43,1.4041,1.5933
-0.078073,0.52506,-0.0091929,-10.276,1.9094,1.5969
0.05529,0.4779,0.021716,-10.176,-0.13532,-0.18921
-0.045032,0.45378,-0.079405,-10.203,-0.13412,0.32273
0.043966,0.34666,-0.011058,-9.4573,0.75083,0.18681
-0.0046631,0.39076,0.026912,-9.3124,0.576,0.65443
-0.014522,0.35799,0.14549,-10.116,0.70173,-0.15987
0.050494,0.39676,0.018519,-8.049,-0.64066,-1.1167
0.01239,0.55131,0.050894,-8.6837,0.025147,-0.10358
0.0033307,0.48509,-0.022916,-9.4255,0.99452,0.032333
0.030376,0.42967,-0.049828,-9.365,1.231,0.63707
0.035706,0.40076,0.063018,-8.5585,1.3005,2.2387
0.053958,0.36052,0.087132,-10.329,-0.47481,1.0316
0.041301,0.32122,0.095526,-10.631,0.2898,0.3838
-0.0094593,0.29617,0.027845,-11.145,-0.0089812,0.98973
0.083668,0.31456,0.033441,-9.4549,0.54546,1.358
0.00013323,0.17253,0.029844,-9.3686,-0.42152,1.4687
-0.011991,0.16201,0.086333,-8.549,0.16346,0.88196
-0.033441,0.13856,0.078073,-9.6489,-0.44607,0.69275
0.12137,0.18812,0.045032,-8.0256,-0.37482,2.9985
0.089397,0.14562,0.057955,-8.1921,1.5322,0.88375
0.0073276,0.10392,0.027579,-8.4723,-0.077838,-0.30776
0.057422,0.19745,0.047696,-8.7513,0.088615,0.91369
0.037571,0.10618,-0.0030643,-9.5099,-0.51792,0.37601
0.03051,0.14402,0.043966,-9.4591,1.2029,0.18621
0.038104,0.19025,0.019718,-9.7776,1.1221,0.47122
0.038903,0.077273,0.037304,-10.423,-0.74125,0.22573
0.031576,0.088731,0.021184,-10.939,1.0975,-0.10837
0.041568,0.08993,-0.038237,-9.7961,-0.083825,-1.1149
0.048362,0.11498,-0.026646,-9.6195,-0.7652,-2.4567
0.047163,0.074076,0.12937,-9.5537,0.26584,-1.9058
0.033041,0.11791,0.048629,-10.069,1.2113,-1.4729
0.07674,0.095259,0.081803,-10.813,0.94303,-0.56462
0.099922,0.047563,-0.0086599,-9.6117,-0.44547,-0.44068
0.10538,0.025447,-0.013456,-10.434,-0.7646,-0.34668
0.059687,0.041301,-0.022916,-10.81,-0.63946,1.0245
0.065816,-0.054758,-0.089531,-9.7081,-1.0316,2.3058
0.0031975,-0.14522,-0.060886,-11.631,0.79514,1.8795
0.013723,-0.12604,-0.017187,-10.088,1.3334,-0.42811
0.044099,-0.17453,-0.052493,-9.668,-0.073646,0.77358
-0.050761,-0.15828,0.030243,-10.716,-0.30297,0.17903
0.019185,-0.12723,0.02971,-11.513,-2.0986,-0.74664
-0.059287,-0.11351,0.028378,-11.618,-1.1706,0.17483
-0.085001,-0.14935,0.0095926,-11.358,0.055684,0.55444
-0.093128,-0.099123,0.11418,-9.5782,0.99991,0.73646
-0.011325,-0.176,0.1343,-10.695,-1.3077,-0.60773
0.030776,-0.23555,0.044765,-10.134,0.017962,0.75323
0.048895,-0.19678,-0.009859,-9.0411,-1.1215,0.60414
-0.0015988,-0.26739,-0.067148,-8.8106,-1.3232,-0.22094
0.0018652,-0.27872,0.053425,-8.0316,0.33231,0.79574
0.033041,-0.29817,0.055024,-9.0387,1.2442,-0.16406
0.083802,-0.27738,0.0083935,-8.5633,0.43409,0.4796
0.07714,-0.30723,-0.0039969,-7.7832,1.0119,0.96878
0.053159,-0.3428,0.024115,-9.3423,0.86519,-0.87956
0.0039969,-0.33188,0.032775,-10.754,-0.011975,-1.8591
-0.075275,-0.37411,-0.031576,-9.3591,1.2346,-1.2478
0,-0.42154,-0.014122,-8.0292,0.16166,0.32871
-0.073809,-0.41941,0.032908,-9.5135,0.31614,1.8178
-0.032108,-0.36145,0.057955,-8.8543,0.70054,1.3155
0.012657,-0.41035,0.0041301,-8.5849,0.86639,1.0885
0.10405,-0.32455,-0.037171,-9.1699,0.69515,1.061
0.047963,-0.40742,-0.040768,-8.7489,0.45864,0.7191
0.006928,-0.49535,-0.021983,-9.3423,-0.18142,0.69575
0.049029,-0.50094,-0.013989,-9.48,-0.89992,0.61252
0.023182,-0.48043,0.0014655,-8.7896,0.14789,2.1363
0.053958,-0.597,-0.024914,-8.5615,-0.007185,0.38679
0.006395,-0.60966,-0.14096,-9.4585,-0.89453,1.2316
0.09939,-0.49015,-0.10112,-10.087,0.43769,1.5029
0.080471,-0.54504,-0.027712,-10.325,-0.48738,1.7358
0.049695,-0.59048,-0.026779,-8.4735,0.92028,1.1412
0.11071,-0.54291,-0.011325,-7.5874,0.7203,1.4364
0.098457,-0.5529,-0.037438,-6.691,-0.58198,2.395
0.098723,-0.50907,0.031842,-8.137,0.39637,1.9759
0.09446,-0.56423,-0.020651,-9.3339,0.12933,1.1855
0.059021,-0.60979,-0.056356,-9.5776,-0.65982,-0.21076
0.058088,-0.67521,-0.052626,-9.6165,-1.8471,1.2119
0.0075941,-0.76701,0.020917,-9.5375,0.21495,2.595
-0.03464,-0.78872,0.069813,-8.1418,0.84244,2.3309
0.043833,-0.69759,0.036771,-8.9771,-0.30117,2.0555
-0.054758,-0.67494,0.0087932,-9.2052,-0.66521,2.7327
0.01239,-0.70332,0.10352,-9.9764,0.11077,3.7063
0.04703,-0.69426,0.057289,-10.44,-1.24,3.162
0.048096,-0.78019,0.11711,-10.597,0.76341,1.0436
0.017187,-0.74982,0.13323,-9.0417,2.9201,2.3435
0.045698,-0.76647,0.090197,-8.9363,2.0753,2.759
0.029177,-0.75062,0.10285,-9.9668,1.6951,2.6423
0.043833,-0.88864,0.10419,-9.1627,0.31614,2.1908
0.029977,-0.78006,0.13243,-10.187,1.355,2.4423
0.016521,-0.82909,0.10698,-10.14,2.2297,3.3159
0.0015988,-0.92648,0.065283,-9.3333,1.5023,2.6944
-0.0055957,-0.88958,0.040369,-8.6879,1.6813,3.8446
0.027312,-0.91036,0.0065283,-8.4094,2.6896,4.3302
0.039036,-0.92608,0.0054624,-7.9239,1.1095,3.8146
0.061019,-0.99003,0.023182,-7.4604,0.62989,3.7476
0.10485,-0.89864,0.015988,-8.625,0.79035,3.8039
0.040902,-0.86453,-0.031842,-8.6477,0.72988,4.0212
0.045565,-0.85107,-0.1263,-8.907,0.46104,2.7542
0.040502,-0.89904,0.07754,-7.7269,0.39697,2.8668
-0.045698,-0.90157,0.020251,-7.0629,-0.098195,3.908
-0.024115,-0.93248,0.088998,-7.5742,-1.1059,2.7141
-0.005196,-0.93021,0.077007,-7.6676,-0.66222,3.0381
-0.024381,-0.91902,0.057822,-8.8184,-0.87657,4.2996
0.083802,-0.94713,0.10006,-9.7488,-1.2119,4.302
-0.058088,-0.9903,0.069146,-8.5933,-0.71491,4.1356
-0.041701,-1.0137,0.043699,-7.6424,1.5376,5.1067
0.058888,-1.1748,-0.066482,-8.4526,1.7058,3.3153
-0.049562,-1.1885,-0.040635,-7.4874,-1.0748,4.7259
-0.026646,-1.1923,-0.096991,-8.8645,-0.70712,3.9314
-0.010925,-1.1053,-0.031842,-8.4406,-0.93345,4.9828
-0.021716,-1.0757,0.066215,-6.7749,-0.096399,4.7876
0.043833,-1.1385,0.088065,-6.2468,-0.58678,5.3846
-0.009859,-1.2193,0.10112,-7.012,-0.3353,4.9702
0.0039969,-1.1658,0.016387,-7.291,0.032931,6.0899
0.011191,-1.1207,0.0097258,-8.9028,-0.5287,5.2594
0.01772,-1.069,-0.058621,-7.8035,0.022752,4.3936
0.15521,-1.2308,-0.028911,-8.5873,1.3011,5.0972
0.048496,-1.2646,0.018119,-8.5579,0.0958,4.9151
0.10032,-1.1365,-0.087399,-7.4167,0.71132,4.3912
0.044499,-1.0665,-0.10059,-7.5658,0.55205,4.1649
0.067015,-1.0997,-0.079538,-6.3246,1.7537,4.4553
0.14589,-1.1674,-0.11658,-8.0131,1.2502,4.8295
0.067015,-1.1243,-0.016121,-6.8311,0.37122,5.5887
0.05649,-1.1788,0.025847,-7.764,1.6549,6.0061
-0.03464,-1.2693,-0.065682,-5.9414,1.5358,6.024
0.083002,-1.2993,0.05649,-6.3216,0.83765,4.5631
0.14495,-1.1908,-0.080071,-6.8689,1.7537,6.0875
-0.011458,-1.2703,-0.15894,-6.427,2.3926,5.8833
0.019851,-1.246,-0.093927,-8.1077,1.0131,6.0001
0.071145,-1.3232,-0.029444,-7.8412,0.14909,5.2421
0.11311,-1.2983,-0.021716,-6.6593,0.59875,6.7563
0.091529,-1.2947,-0.019318,-6.5485,-0.3347,6.918
0.035706,-1.3108,0.012124,-6.3863,-0.41793,7.4425
0.041435,-1.3549,-0.027179,-6.4479,-1.534,6.5479
-0.026779,-1.2802,0.015588,-7.4,-0.48678,6.3312
0.00026646,-1.3282,0.066881,-6.7515,0.44367,6.8228
0.046897,-1.4093,0.11218,-6.9455,0.20417,6.9455
0.015854,-1.3656,0.13976,-5.8175,-1.1119,5.7923
0.0070612,-1.3951,0.035173,-5.9875,-0.78795,6.0186
-0.0085267,-1.3816,0.067015,-5.4804,-0.072449,6.036
-0.01319,-1.3841,0.09859,-6.7976,1.6352,8.8495
0.027179,-1.326,0.072344,-6.9395,0.5287,8.0077
-0.078073,-1.2945,0.027712,-5.9899,0.90052,7.0766
-0.095126,-1.2286,0.076208,-6.2174,0.80712,7.3215
-0.14709,-1.3825,-0.0027978,-6.1815,1.5029,8.5496
-0.061153,-1.423,0.061019,-5.7564,0.99991,7.7143
-0.078739,-1.4904,0.19252,-3.7859,-0.39877,7.1275
-0.065549,-1.477,0.031176,-4.4619,-0.288,8.1179
0.036105,-1.4786,0.065016,-5.1846,0.99093,7.5413
-0.039703,-1.5224,0.0089264,-5.8845,2.2986,8.1029
-0.050894,-1.4646,0.00013323,-5.4073,0.053289,9.2573
-0.073943,-1.4425,0.10991,-4.5134,0.37182,8.643
-0.074342,-1.4773,-0.032108,-4.5212,0.12035,9.6483
-0.022782,-1.4996,0.022383,-3.8625,1.4741,8.9274
0.083935,-1.4975,0.079405,-3.5458,1.5029,7.7909
0.044632,-1.5477,-0.049961,-3.2219,0.093405,8.0586
-0.035839,-1.5131,-0.023981,-2.2471,0.73826,8.9537
-0.023049,-1.4858,-0.05529,-2.4201,0.92028,7.5592
-0.0039969,-1.5288,0.011458,-3.5206,0.66282,7.7826
0.0018652,-1.4341,0.06435,-3.7128,1.7927,8.4196
-0.04663,-1.4743,0.071145,-5.442,-0.55923,8.8178
-0.062618,-1.4177,0.010392,-4.0158,0.39458,8.9328
-0.033441,-1.405,-0.069946,-2.9596,-0.80232,9.098
0.0050627,-1.4669,-0.057822,-2.028,-0.39517,8.1125
-0.024248,-1.5272,0.017187,-2.4094,-0.09101,7.3497
0.056356,-1.4642,0.048895,-3.0285,0.5257,8.7118
-0.027046,-1.4561,0.10752,-3.2129,0.43888,10.536
0.012257,-1.5428,0.04783,-1.3592,0.34668,10.187
-0.036638,-1.5577,-0.012124,-1.6585,0.98315,10.282
0.10285,-1.6611,-0.0433,-1.1957,-0.42811,9.3148
0.070345,-1.6298,-0.05529,-0.81011,1.0095,8.5561
0.078739,-1.6266,-0.024648,-1.4813,-0.11676,8.7831
0.027445,-1.4723,-0.0026646,-2.2333,0.73467,9.0495
-0.019052,-1.5289,0.029177,-0.14789,1.4172,8.2663
-0.033707,-1.4762,0.0015988,-1.1185,0.90292,8.3633
0.019585,-1.4567,0.02638,-2.2627,1.4316,9.4549
-0.015854,-1.5152,0.027978,-2.3405,0.41673,9.3477
-0.030243,-1.554,0.01319,-1.3011,-0.097596,9.2459
0.07261,-1.5469,-0.029044,-0.41434,1.1041,10.058
0.075408,-1.5124,0.018386,-1.2604,0.48858,9.8979
0.02558,-1.516,0.12177,-0.36045,0.94183,9.9961
-0.046364,-1.5993,0.034906,-0.13352,2.0837,9.4758
-0.05609,-1.5154,0.023715,0.37003,2.5411,7.9454
-0.0053292,-1.4854,-0.032375,1.1622,1.5657,7.6269
-0.02558,-1.5492,-0.017586,0.68677,2.495,9.474
0.060753,-1.6195,-0.0055957,1.5651,1.6945,10.554
-0.0029311,-1.517,-0.048229,1.1807,1.4969,10.922
0.020917,-1.5451,-0.05529,0.17304,0.95441,9.2998
0.033574,-1.5932,0.01279,0.60294,0.97596,8.1795
0.055024,-1.571,0.02185,-1.4609,1.3382,10.934
0.067947,-1.4907,0.09406,-1.2262,1.3394,10.206
0.14415,-1.5148,0.030376,0.15747,1.228,12.758
-0.045698,-1.4886,0.010658,0.84304,0.23351,11.886
-0.082203,-1.4864,0.11591,2.1657,-0.77838,12.723
-0.060886,-1.597,0.022116,0.94004,-0.65324,11.272
-0.040369,-1.5872,0.010392,1.807,0.60174,10.957
0.02598,-1.5271,-0.0027978,2.7333,0.032333,10.62
0.072477,-1.4983,0.10325,1.522,0.055085,10.219
0.017187,-1.4763,0.10046,2.9153,-0.26105,11.147
-0.061819,-1.5655,0.09073,2.1118,-0.079035,10.472
0.011058,-1.5613,0.052359,2.3794,-0.97117,10.066
0.079938,-1.5834,0.072744,2.4291,0.37003,10.691
0.033441,-1.5587,-0.016521,3.2332,1.3735,10.165
0.0023981,-1.6034,0.052626,2.9363,-0.88076,8.507
0.030643,-1.6203,-0.043566,3.1656,1.4592,8.3496
0.10952,-1.5056,0.084068,1.9681,0.39637,9.2249
0.048496,-1.5151,0.08127,2.3291,1.4172,8.731
0.074076,-1.4607,0.032508,3.4817,-0.48678,9.695
-0.031043,-1.3599,0.069013,3.6566,1.5789,8.6232
0.0079938,-1.4518,-0.061685,4.5385,-0.16765,10.128
0.010658,-1.4918,-0.13083,4.6834,0.51014,10.239
-0.0083935,-1.3875,-0.11404,4.602,1.5148,10.578
0.0086599,-1.5339,-0.054624,4.0625,0.59695,9.4243
0.02518,-1.487,-0.057689,4.1326,1.6358,9.2477
-0.001732,-1.5074,0.077407,4.1637,2.2752,9.9398
-0.02518,-1.4474,0.069679,5.7229,1.9902,9.9812
-0.008127,-1.4799,-0.014122,3.5596,1.8298,9.3046
0.0089264,-1.4642,0.029044,4.9253,1.5711,9.9943
0.088465,-1.4962,-0.030376,4.1326,1.7094,10.097
-0.0023981,-1.4645,-0.033174,5.442,1.9016,9.8818
-0.014789,-1.4542,-0.010925,6.0324,3.3063,8.3526
0.044632,-1.4521,-0.023715,5.1768,1.9256,8.9992
0.029044,-1.323,-0.012524,7.867,1.9741,9.853
-0.033307,-1.3035,0.0062618,6.4581,1.9172,10.006
0.063151,-1.3829,-0.029177,6.4258,1.0418,8.9507
0.10978,-1.3744,0.011591,6.8467,-0.29997,9.3237
-0.031576,-1.4196,0.0043966,5.9677,0.864,10.307
-0.019318,-1.4262,0.049961,7.4975,0.88495,9.0477
-0.098324,-1.4491,0.054358,7.8622,0.288,7.8993
0.050228,-1.4056,-0.053825,8.8429,-0.73047,8.0771
-0.024648,-1.3845,-0.041301,7.5011,0.46703,7.8999
-0.0045298,-1.3817,-0.0429,6.5222,-1.0412,7.5526
0.00053292,-1.3924,-0.036905,7.0706,0.80831,7.5742
0.065416,-1.3904,-0.045831,8.0604,-0.78017,8.0215
-0.016121,-1.3784,-0.057422,8.3065,-0.61432,7.849
0.049295,-1.293,-0.10525,7.9209,-0.38739,8.4268
0.039836,-1.1897,0.070079,7.5281,1.3101,7.9652
-0.0021317,-1.3013,0.077806,7.1108,-0.8622,9.7644
-0.12337,-1.2902,0.065949,7.2407,-1.3705,8.731
-0.14309,-1.2011,0.032641,7.949,0.83825,8.8334
-0.077407,-1.3069,0.051294,7.7927,-0.11855,7.203
0.038237,-1.2709,0.031576,8.1029,-0.28441,6.7701
0.11538,-1.2485,-0.037171,7.3179,-0.51313,7.6359
0.066615,-1.2679,-0.014522,6.3024,0.7658,7.9831
0.088998,-1.2221,-0.031309,6.8677,-0.013173,7.77
0.028112,-1.3264,-0.088198,8.4603,0.2898,8.5376
