0.14109,3.2156,0.13936,0.74664,0.91309,10.319
0.074609,3.1409,0.14549,1.2634,1.9585,9.4333
-0.063284,3.106,0.029844,1.6112,0.63048,10.174
-0.0055957,3.0663,0.040902,1.3173,0.91489,10.458
0.0433,3.1536,0.090063,-0.070054,1.2616,9.3495
0.10179,3.0949,0.096592,-2.183,-0.045505,10.322
0.096192,3.1799,0.1339,-1.7717,0.48379,10.637
0.039969,3.1397,0.046497,-2.7249,0.024549,11.045
0.07754,3.1244,0.14868,-3.1842,0.35266,10.115
0.07261,3.1092,0.1227,-1.895,1.3622,8.8459
0.058754,3.082,0.095926,-3.6769,1.6352,9.4579
0.16174,3.0499,0.15188,-1.995,1.2783,10.578
0.060486,3.1003,0.10805,-3.2105,1.7849,11.586
0.0086599,3.0759,0.14429,-3.4195,1.4621,10.768
0.12231,3.0049,0.11964,-4.0637,0.46523,9.9674
0.084734,3.0821,0.13936,-3.5284,1.7921,8.8789
0.14682,3.0767,0.25034,-3.3368,2.9716,8.7394
0.1339,3.0439,0.16494,-4.5433,0.85801,9.583
0.12897,2.9846,0.13936,-4.5978,1.4136,8.9441
0.15055,2.9978,0.11631,-4.3212,1.2286,7.4305
0.084201,3.0342,0.10032,-4.2559,1.7118,6.6509
0.12883,2.8855,0.09859,-6.5689,2.6884,5.854
0.058888,2.9013,0.1343,-5.5253,3.0704,5.8827
0.04703,2.8802,0.1255,-5.8797,1.422,7.2048
0.057156,2.792,0.20677,-6.6503,0.94782,6.5994
0.10765,2.7585,0.06022,-6.7569,1.5077,5.6462
0.15002,2.7409,0.084468,-7.6089,-0.35685,7.4383
0.067947,2.7244,0.1239,-7.173,-0.21735,6.8683
0.041301,2.7084,0.073676,-7.2149,-0.67539,6.9377
0.053825,2.634,0.090197,-7.5808,0.41074,5.9707
0.098324,2.5707,0.11258,-7.1054,1.3388,6.0564
0.12377,2.548,0.12244,-7.3874,-0.18322,6.491
0.08993,2.5575,0.15601,-7.8311,0.1413,6.8252
0.10046,2.5359,0.10086,-6.5126,-0.3377,6.3258
0.074609,2.5929,0.078739,-6.6659,-0.12514,6.1827
0.083668,2.47,0.02598,-7.4419,1.4586,4.6547
0.12897,2.4103,0.10565,-6.6479,2.0675,5.4762
0.099256,2.3106,0.10925,-6.5012,1.4184,5.293
0.084335,2.2868,0.074209,-6.5479,1.9322,5.572
0.044632,2.2368,0.10272,-6.0617,0.73287,4.426
0.13576,2.2074,0.027445,-8.1113,0.66581,5.2522
0.022383,2.2102,0.015455,-7.761,-0.0017963,3.5446
0.026912,2.1836,0.038237,-8.7855,0.011376,4.3757
0.039036,2.1044,0.058355,-8.0867,-0.53588,4.6152
0.083269,2.0311,0.1227,-8.8633,-1.3657,4.6068
0.092995,1.9693,0.016121,-8.7573,-0.29039,5.2001
-0.014389,1.9354,-0.010792,-8.3029,-0.39937,3.9248
-0.02105,1.8745,0.029577,-9.2441,-0.090411,1.8801
0.015188,1.844,0.065949,-9.7488,0.24249,2.9788
0.065416,1.7053,0.071278,-10.606,-0.29938,3.8158
0.17466,1.661,0.16108,-9.5644,0.10478,3.1195
0.13603,1.6081,0.087132,-8.0418,0.59995,3.3901
0.0079938,1.6724,0.12084,-9.6566,-0.19819,2.0848
0.010392,1.6181,0.04663,-9.0621,1.4903,3.0399
0.075408,1.4654,-0.014922,-9.095,1.234,1.5466
0.053292,1.3555,0.054624,-8.1693,0.84005,0.82089
-0.00053292,1.2608,0.083136,-8.4005,-0.35985,1.0251
0.023182,1.3102,0.12484,-9.2884,0.071251,0.90112
0.031975,1.266,0.0099922,-10.049,0.51492,3.4087
0.087932,1.1943,0.010392,-9.4591,0.91489,2.4722
-0.0090596,1.1576,0.098723,-8.9196,0.35386,1.2238
-0.0074609,1.1638,0.12097,-8.3544,0.74065,1.2238
-0.057955,1.1067,0.088331,-8.9208,1.3035,0.25986
0.10006,1.0405,0.13603,-8.9076,0.54965,0.17843
0.093527,0.97125,0.076208,-8.1861,0.53768,0.73227
0.11884,0.88971,0.071012,-8.7944,-0.96399,0.89274
0.029977,0.81097,0.083668,-8.4184,0.8646,0.75981
0.0027978,0.72184,0.046231,-8.0616,1.7986,2.0106
0.091129,0.72557,0.02105,-8.5328,1.7406,0.36284
0.077407,0.60633,0.048629,-8.7663,1.6142,-0.45984
0.11698,0.5557,0.020517,-9.5776,0.91309,-0.36883
0.082203,0.52732,0.089664,-10.811,0.0017963,-0.92866
-0.03051,0.3877,0.018919,-10.074,0.57779,0.39278
0.093794,0.342,-0.0026646,-9.5561,-0.02395,0.34189
0.010259,0.28125,0.0073276,-9.6267,-0.11915,0.84184
0.024115,0.19598,0.018386,-9.2531,-0.46523,1.3173
0.01732,0.23688,0.041834,-10.476,0.024549,0.99931
0.11271,0.12324,0.039836,-8.9615,1.0927,1.6454
0.041701,-0.0026646,0.012923,-9.3177,1.2891,0.79813
-0.023582,0.017453,0.020917,-8.2526,0.42032,1.3047
0.090197,0.044499,0.00013323,-8.6448,0.011975,0.81131
0.0042634,-0.022916,-0.017187,-8.5951,0.27064,0.65743
0.0011991,-0.24967,0.026779,-8.2065,0.27542,0.87477
-0.022916,-0.20144,0.0065283,-9.0327,1.3107,0.17663
0.09486,-0.30683,-0.090063,-8.4627,2.7824,-0.64845
0.070345,-0.40289,-0.02105,-9.2076,0.51073,-1.3167
0.049961,-0.49801,-0.015988,-8.8992,0.49996,-1.352
0.011191,-0.44552,0.044232,-10.371,0.022752,-0.54726
0.047297,-0.5569,-0.0066615,-9.7357,-0.75682,0.61671
0.020118,-0.64923,0.0058621,-8.2777,-0.041314,0.58977
-0.049828,-0.79845,0.061286,-9.3471,1.3723,0.33291
0.014256,-0.73063,0.021317,-8.9399,1.0203,1.4825
-0.027579,-0.75835,-0.029844,-8.0735,0.30895,2.9878
0.041435,-0.85174,0.020251,-7.8628,0.28021,0.9089
0.051027,-0.96405,0.0014655,-9.7997,1.252,1.2945
0.034507,-1.1496,0.057156,-9.7423,0.21495,0.14969
-0.049961,-1.0638,0.03011,-10.537,-0.75742,0.57779
-0.042101,-1.0744,0.037971,-9.2812,-1.4412,1.7663
0.0059953,-1.0888,0.041568,-8.4472,-2.3154,1.0119
-0.078472,-1.1815,0.040102,-9.2704,-0.65982,2.3148
-0.055957,-1.2855,0.040502,-9.0393,0.11795,1.4274
0.061819,-1.4022,0.053692,-9.2321,0.96518,2.6058
0.016387,-1.3923,0.11378,-9.6171,1.3687,1.4885
-0.053558,-1.3861,0.025847,-9.8033,2.2914,1.6124
0.077673,-1.5112,-0.027179,-9.6997,2.404,2.3609
0.052493,-1.5299,0.029444,-9.1956,2.7519,1.7561
-0.0074609,-1.6409,0.031975,-9.0118,1.0963,2.4722
-0.061153,-1.6511,-0.030909,-11.416,0.69335,2.2543
-0.013323,-1.6463,-0.11511,-10.233,1.3652,2.9315
0.0043966,-1.6944,-0.010259,-8.4609,1.1047,3.5751
-0.022383,-1.7769,0.017187,-8.252,1.0903,2.9207
-0.088998,-1.8106,-0.0087932,-7.0509,1.0801,2.5028
-0.023448,-1.8705,-0.064483,-8.225,1.4412,3.8182
-0.0073276,-1.9192,-0.021716,-7.8005,0.24668,3.2578
0.035706,-2.0172,-0.055024,-7.9083,-0.61072,3.8799
0.027978,-1.9919,0.020517,-8.4759,0.29219,3.8338
0,-2.1198,0.01772,-7.7574,0.13173,4.1038
-0.017187,-2.1701,0.019318,-8.4561,-0.50475,4.3942
-0.016387,-2.1649,0.0074609,-9.9877,-0.79334,3.638
-0.0062618,-2.1795,0.0018652,-9.7608,-1.3053,2.377
-0.021583,-2.2497,-0.014256,-8.2382,-0.67419,3.6572
0.01239,-2.4137,0.057822,-8.989,-0.15208,4.5349
-0.00026646,-2.3917,0.057822,-7.7915,-1.4687,5.9222
0.047963,-2.3919,-0.032508,-7.0593,-0.81849,6.1659
0.033974,-2.4526,0.0027978,-6.3144,-0.46044,6.9712
0.083668,-2.449,-0.0041301,-7.27,0.41673,5.8941
0.066615,-2.4866,-0.067281,-6.6371,1.5999,6.4132
0.047563,-2.52,-0.037837,-5.0828,2.3842,6.6958
0.067814,-2.631,-0.052626,-5.6821,0.58857,5.7546
-0.00066615,-2.6626,0.036505,-6.879,0.39458,6.8102
-0.05982,-2.6851,0.047696,-6.4144,0.35626,6.973
-0.0023981,-2.7516,0.054091,-7.3682,-0.047301,7.6784
0.0027978,-2.7717,0.0061286,-6.4587,-0.18501,8.6831
-0.010125,-2.7913,0.031309,-6.7557,-0.83526,7.9879
0.099656,-2.7978,0.015854,-5.9306,-0.40416,7.7993
-0.0035972,-2.8273,0.0087932,-5.2989,-1.7951,8.3244
-0.045698,-2.7407,0.10325,-5.1361,-1.0017,8.9579
-0.11138,-2.8037,0.06435,-5.087,-0.10957,8.725
-0.061685,-2.776,-0.0078606,-3.5536,0.0053888,9.0812
-0.1267,-2.8624,-0.050894,-4.5319,-0.44307,8.6603
-0.053159,-2.8695,-0.054891,-4.4906,1.3729,8.0005
-0.036905,-2.9271,-0.063817,-4.0613,0.051492,8.434
-0.04663,-2.9137,-0.068081,-3.5476,-0.067659,8.0795
-0.020517,-2.9478,-0.07714,-2.301,1.746,9.2561
-0.080471,-3.0644,-0.085134,-1.4478,0.35207,9.0848
-0.098457,-2.9542,-0.15934,-2.1256,0.064066,7.9484
0.038637,-2.9341,-0.11511,-2.9243,0.27542,9.013
-0.011724,-3.0674,-0.080604,-3.6045,0.79574,9.586
-0.058355,-3.1995,0.0010658,-2.3052,-0.030536,11.705
-0.041967,-3.1906,0.0045298,-2.4363,-0.576,12.567
-0.11138,-3.1795,-0.00079938,-0.18801,1.1197,10.419
-0.14056,-3.1206,0.012923,-0.43948,0.84843,10.395
-0.0035972,-3.0744,-0.035572,-0.55744,1.2304,9.9764
0.014389,-3.1436,0.010792,-0.59576,1.3502,9.174
-0.00013323,-3.1821,-0.041834,0.92088,0.4808,8.9088
0.041301,-3.0654,-0.097258,0.27303,1.0041,9.4986
0.02558,-3.1325,0.033441,0.16945,0.45325,10.318
0.035173,-3.1036,0.046364,0.28021,0.68317,8.6364
-0.083269,-3.0832,0.02598,0.76401,1.0783,9.4668
-0.14256,-3.141,0.051427,1.637,0.98854,9.9398
-0.085534,-3.2272,0.021583,2.0681,-0.074245,9.859
-0.045964,-3.2374,-0.10898,1.8944,-1.0849,9.7141
0.011191,-3.2163,-0.15801,1.7915,0.31734,10.296
0.032908,-3.0839,-0.020784,2.2968,0.49816,9.107
-0.045165,-3.0572,0.03917,3.3249,0.72808,9.2435
-0.018119,-3.1181,0.0025314,3.3913,-0.83346,8.425
-0.044232,-3.013,-0.031309,2.2735,1.5597,9.6183
0.0030643,-2.9726,-0.040502,3.2788,0.68976,9.2788
0.03917,-2.9816,-0.035306,3.7075,-0.06227,9.4112
0.027445,-2.9845,-0.048362,4.1877,-0.53229,10.686
-0.092595,-2.9513,0.054491,4.8409,-1.7951,10.809
-0.065816,-2.9913,-0.045032,5.8001,-0.73467,9.0459
-0.084335,-2.9879,0.0038637,5.6462,0.12155,7.7209
-0.074076,-2.9228,-0.05156,5.2552,-0.50714,8.8064
-0.086866,-2.9309,-0.043566,6.2941,1.1538,9.3028
-0.10499,-2.9236,0.036105,6.4916,0.194,8.9238
-0.052892,-2.8301,-0.055157,5.9671,-0.30895,9.3453
-0.066615,-2.8251,-0.058888,6.2851,-0.12334,8.1598
-0.10952,-2.8017,0.047696,6.7186,-0.15627,7.9095
-0.017187,-2.7644,0.071012,6.9126,1.7382,7.6562
-0.015721,-2.6947,0.020384,7.1149,1.7178,8.3322
-0.02598,-2.6653,0.023448,8.449,1.3442,7.9556
0.062485,-2.7757,-0.021983,8.2454,0.87298,9.2381
0.075142,-2.6635,-0.0062618,7.7191,1.5112,8.5352
0.060886,-2.6747,-0.02558,7.2383,2.0417,6.8305
-0.0094593,-2.631,-0.0026646,7.8562,2.1783,7.073
-0.023049,-2.5859,-0.094993,7.652,1.7579,6.3491
0.02145,-2.5207,0.072344,8.4208,0.84843,7.2437
-0.052359,-2.4474,0.040768,8.9818,-0.24728,5.1055
-0.052493,-2.4124,-0.049828,9.1579,-0.70413,6.148
-0.012124,-2.4521,-0.072877,9.3082,-0.19699,7.0413
0.040235,-2.4741,-0.029844,9.9728,0.25207,6.7731
0.11977,-2.371,0.01732,8.6915,-0.34189,5.9228
0.041701,-2.3542,0.12857,8.9489,-0.35805,4.9103
-0.0079938,-2.3915,0.094194,9.0776,0.63108,4.5882
-0.070878,-2.2885,0.079005,9.1866,1.6873,4.7547
-0.054758,-2.3074,-0.0070612,9.5064,1.0287,4.2481
-0.11031,-2.224,-0.023315,10.67,1.2412,4.2296
-0.10019,-2.1974,0.027845,10.077,1.4903,4.9642
-0.077273,-2.0873,0.01772,9.4722,1.7849,3.3883
-0.15068,-1.9501,0.049029,8.6699,1.1083,3.1428
-0.033041,-1.8378,-0.070612,8.3304,1.8825,3.4314
-0.040635,-1.7726,-0.026246,10.11,0.059276,3.3817
-0.051826,-1.7832,-0.081404,9.21,-0.58079,3.5093
-0.095393,-1.7616,-0.095259,9.9883,0.36404,3.1249
-0.096459,-1.656,0.005196,10.755,0.60474,3.1692
-0.016787,-1.7429,-0.010125,9.5549,-0.21316,3.6871
0.01732,-1.6269,-0.018519,9.5902,0.41194,4.7439
-0.058754,-1.5756,-0.066615,10.587,0.673,4.0392
-0.11511,-1.5949,-0.061552,11.628,1.252,1.9926
-0.078872,-1.4934,0.018386,11.516,1.6891,1.5699
-0.029044,-1.4735,-0.096592,10.606,0.36883,2.6495
-0.05196,-1.3705,-0.097924,11.117,0.13831,2.216
-0.013456,-1.2672,-0.01279,11.122,0.25447,2.4657
-0.01319,-1.1837,-0.001732,10.513,0.56582,2.4531
0.0039969,-1.2095,-0.053692,11.339,-0.23052,1.8956
0.042767,-1.1586,-0.085267,11.348,0.2377,2.0777
0.063284,-1.1233,0.02971,11.043,-0.10957,1.1969
0.096592,-1.1041,0.076874,11.171,-0.29458,1.904
0.051693,-1.0047,0.038503,11.075,1.8938,2.098
0.06475,-0.96778,-0.0059953,10.257,3.1075,2.3902
0.14735,-0.87679,0.012923,9.9973,2.9387,0.87597
0.17013,-0.71171,0.029977,10.921,0.61911,-0.058079
0.086067,-0.66841,0.011058,10.154,0.036524,2.1489
0.10552,-0.72331,0.059287,10.093,1.0203,1.3927
0.098057,-0.59527,-0.018785,10.791,1.1245,0.45325
0.049162,-0.5629,0.044765,10.973,1.264,0.35326
0.093794,-0.45645,0.059421,10.979,0.98315,0.1898
0.00039969,-0.40156,0.044499,10.739,0.46224,0.62689
-0.027312,-0.37837,-0.051826,9.2357,1.0634,0.11197
0.049428,-0.28804,-0.0045298,8.5975,0.98315,0.30117
0.034773,-0.16774,-0.056623,9.0046,-1.1442,1.44
0.095792,-0.14775,-0.04743,8.8878,0.079035,0.61971
0.06888,-0.11964,0.022249,9.2968,0.65922,0.6712
-0.0433,0.0035972,0.0433,10.222,1.0071,0.94124
-0.035839,0.050627,0.080871,10.836,1.1658,0.29938
0.016521,-0.037837,0.060353,10.77,0.61432,0.08622
0.016787,0.16147,-0.020651,10.61,0.77418,-0.3359
0.009859,0.2097,0.055557,11.254,1.2514,0.63048
0.037171,0.25407,0.049695,10.937,0.30895,0.25567
0.03464,0.28032,0.174,11.21,-0.91848,-0.013771
0.023715,0.37571,0.10805,10.556,-1.1167,1.5633
0.016787,0.42234,0.037571,10.485,-0.54786,0.60115
0.02638,0.49455,0.10125,11.303,0.63946,1.5777
0.044232,0.512,0.044232,10.853,-0.82328,1.8016
0.09033,0.68387,0.061153,9.5974,1.3256,1.5148
0.18626,0.69573,-0.061952,9.6381,-1.3951,1.3262
0.12444,0.71211,0.030909,9.5483,-0.71072,0.77179
0.092195,0.70825,0.016521,9.4465,1.0131,0.75323
0.074476,0.83642,0.041035,9.5824,1.9507,-0.062869
0.055823,0.98324,0.025447,9.3148,0.7664,0.67958
0.062618,1.0031,-0.02145,9.8423,0.3844,0.50295
0.18253,1.0788,-0.032641,9.107,-0.61552,1.1879
0.08127,1.0908,0.031309,9.7225,-0.27842,1.0867
0.038637,1.152,0.048895,8.3298,-0.24549,-0.28081
0.070479,1.2679,0.06888,9.4962,-0.077838,2.2525
0.052759,1.309,0.06888,9.0932,0.007185,0.75323
0.0038637,1.3075,0.035306,10.187,1.3741,1.3999
0.045431,1.3615,-0.0037304,10.718,0.22633,0.90531
0.033707,1.4473,-0.025713,10.866,0.93166,0.77538
-0.0061286,1.5413,-0.0018652,9.883,0.60653,2.407
0.048762,1.5776,-0.055024,10.895,0.22812,1.5705
0.02971,1.6373,0.13563,9.9141,1.1251,1.267
0.099922,1.7204,0.085267,10.681,0.88136,2.7501
0.16081,1.8127,0.1235,10.055,-0.74006,2.8512
0.14655,1.8867,0.029044,10.83,0.34189,3.5308
0.12657,1.9418,0.10552,11.121,0.85082,4.4571
0.14509,1.9482,0.073143,10.555,-0.88735,3.8619
0.11391,1.8844,0.099922,9.7704,1.422,6.0635
0.037438,1.9617,0.12057,9.9398,0.29578,6.4168
0.091529,1.9345,0.088731,10.612,0.58498,4.8924
0.040768,2.0496,0.15455,10.983,0.40296,4.6056
0.086333,2.1128,0.2113,9.4603,0.45864,4.8984
0.06435,2.0708,0.12497,9.5261,0.382,4.293
0.1291,2.1902,0.14096,9.8686,1.8046,3.447
0.088731,2.2553,0.097791,10.066,0.4772,4.138
0.11738,2.3992,0.14975,8.9944,0.24489,4.5451
-0.0059953,2.3495,0.10445,9.2387,-0.37482,5.2097
-0.07794,2.3309,0.11511,9.4513,0.23351,5.5582
-0.045431,2.4084,0.076474,10.157,1.2238,6.3641
0.070612,2.4264,0.053958,8.9621,-0.42751,5.8648
0.088731,2.5156,0.11564,7.5125,-0.67359,6.9359
0.10632,2.5355,0.096592,9.3088,-0.50894,6.7365
0.13603,2.5091,0.059953,9.0711,0.63467,8.337
0.08127,2.5637,0.091929,8.2232,-0.073048,8.8417
0.057156,2.7246,0.14602,8.3292,-0.17723,8.0173
0.082603,2.7368,0.11285,7.4826,0.37422,8.049
-0.02518,2.8106,0.12697,8.0382,0.11496,7.2982
0.062751,2.7264,0.084335,7.764,1.3879,7.867
0.15295,2.831,0.10685,8.3466,0.059875,7.4437
0.054091,2.9029,0.15868,7.1203,0.75562,7.9706
0.11604,2.8846,0.062618,6.9054,1.6268,7.667
0.10632,3.0247,0.032641,7.5808,0.2407,7.7736
0.084468,2.9372,-0.026513,7.1066,1.5993,8.7962
0.049295,2.88,0.010259,5.2145,0.57839,9.6548
-0.00013323,2.9593,0.054358,4.1865,-0.2383,8.4753
0.03384,2.983,0.043167,5.669,-1.1382,10.074
-0.050361,2.9508,0.071545,5.6271,1.0867,9.5351
0.066082,2.9875,0.056756,5.4193,0.16106,8.7771
0.045032,3.0265,0.046497,5.5354,-0.17364,8.5855
0.047563,2.9915,0.081803,4.1643,0.32392,9.101
0.027179,3.1297,0.057022,4.1278,0.0083825,10.458
0.054491,3.0787,0.10272,4.2176,-0.17663,10.709
0.089797,3.0803,0.11311,3.6955,0.21914,10.092
-0.0094593,3.0785,0.03464,3.9482,-0.24668,10.952
0.0082603,3.1428,0.029844,2.4219,1.4478,10.857
0.069146,3.1655,0.026779,3.5218,0.39098,8.7908
0.031309,3.143,-0.015455,2.9584,-0.051492,9.2866
0.086599,3.2054,0.057422,2.8997,1.7939,9.3902
0.033174,3.1576,0.06395,2.7614,0.21495,12.111
-0.018386,3.2167,0.042101,2.7471,-1.2909,10.513
-0.011991,3.2366,0.14202,1.3939,-0.098794,10.593
0.036905,3.1682,0.13909,1.0352,-1.8645,11.342
0.16054,3.215,0.10792,0.20657,-0.2892,11.439
0.074209,3.1703,0.1716,1.6046,0.59695,10.304
0.067281,3.1818,0.12937,1.349,-0.99213,10.351
0.048362,3.0624,0.049162,1.0783,0.27303,9.1782
0.098191,3.1384,0.1251,0.080831,1.2939,10.299
0.11631,3.1578,0.023848,-1.834,1.1298,9.8303
0.14389,3.2258,-0.038104,-0.49337,1.7489,9.0375
0.10978,3.185,0.047297,-1.637,1.443,9.4147
0.088331,3.1774,0.033174,-1.2891,2.007,8.728
0.099789,3.1727,0.10872,-2.1477,1.5885,8.7723
0.054091,3.0745,0.015988,-2.0304,-0.10179,8.7753
0.11764,3.0055,0.10778,-1.6717,0.26644,10.339
0.13416,3.0554,0.03464,-2.8273,0.12334,11.804
0.16374,3.0458,0.060886,-3.5332,-0.15747,10.442
0.11631,3.0757,0.05609,-4.1715,0.9077,11.2
0.15734,3.1155,0.12577,-2.683,0.39278,9.3956
0.17653,3.1265,0.18292,-2.8465,-0.97776,9.4608
0.13643,2.9415,0.10792,-2.9123,0.25207,9.5159
0.14789,2.9401,0.0425,-4.2829,0.30776,9.8752
0.082203,2.9709,0.038104,-5.4666,0.28261,8.0167
0.16507,3.0765,0.073276,-4.8253,-0.32811,6.8311
0.11538,3.069,0.043966,-4.8493,1.2771,7.0042
0.061552,2.9172,0.12231,-4.3182,1.2741,7.079
0.040902,2.9625,0.025847,-4.6098,1.9675,8.0161
0.12164,2.8662,0.02598,-5.1702,1.5364,8.1634
0.074076,2.8565,0.073943,-5.454,0.11915,8.9591
0.061019,2.7516,0.054358,-5.4971,0.39458,8.9765
0.090596,2.7198,0.0038637,-6.5443,-0.028141,7.7454
0.12097,2.7329,0.14842,-6.6695,-0.065264,7.2347
0.063018,2.7247,0.13669,-8.5046,-0.21555,6.9677
0.043033,2.7275,0.24874,-7.8107,-0.3826,7.9275
0.068347,2.6162,0.099123,-6.427,0.45505,8.3675
0.085933,2.6297,0.10538,-8.4843,-0.056282,7.2688
0.20291,2.5482,0.13883,-8.0107,-0.3838,7.5472
0.16161,2.4322,0.072477,-7.4413,0.16585,7.1796
0.072744,2.5853,0.16574,-9.2992,0.55085,6.4845
0.10632,2.5122,0.13536,-8.6711,-0.4802,5.6714
0.036638,2.5166,0.070345,-9.1273,0.958,6.1138
0.069813,2.4845,0.015721,-7.7784,0.84544,5.3061
0.088864,2.3857,0.11325,-8.7591,0.60055,5.3037
0.0049295,2.3532,0.14149,-8.031,0.69934,5.4552
0.026513,2.3157,0.22769,-7.5478,0.36045,4.6529
0.097125,2.1818,0.11484,-7.3772,0.1461,4.1907
0.014922,2.0944,0.064217,-8.2909,0.23651,2.974
0.10179,2.0528,-0.032108,-9.7967,0.8155,4.1014
0.071545,1.9687,-0.075142,-8.1065,0.18921,3.9098
0.06062,1.9763,0.0047963,-6.9712,1.4059,2.7794
0.18292,1.9955,0.030776,-7.7305,-0.29399,4.8193
0.11378,1.8799,0.0091929,-7.2107,0.30237,3.9326
0.081404,1.8993,-0.054758,-9.3291,0.66341,3.0758
0.098057,1.8135,0.096725,-9.0351,0.70772,2.0926
0.0037304,1.6734,0.050894,-9.4866,-0.9089,2.7926
0.0021317,1.6242,0.05116,-10.736,-0.4311,2.0232
0.031576,1.5637,0.073543,-9.8381,-0.4311,1.5735
0.067148,1.4934,0.073276,-9.8303,-0.75742,0.99931
-0.014922,1.4414,-0.0050627,-9.7812,-0.65503,1.2023
-0.005196,1.3961,-0.0019985,-10.352,-0.90591,1.8699
0.013856,1.431,0.09859,-10.151,-0.67838,1.5136
0.006928,1.3515,0.045298,-9.1537,0.98255,1.1831
0.017586,1.2036,0.060087,-9.941,0.78496,0.82927
0.037704,1.2297,0.035439,-9.4866,-0.025746,1.8998
0.12803,1.1787,0.13736,-8.5244,0.002395,-0.61013
0.055957,1.0985,0.020517,-9.4165,0.041314,-0.18322
0.065416,1.1203,-0.0077273,-8.4448,2.5004,1.0993
0.085001,1.0273,0.082203,-7.9712,1.2047,2.1609
0.051294,0.87945,0.04703,-9.4626,1.0915,1.6388
0.020917,0.91569,0.043699,-10.047,0.52211,1.8897
0.085134,0.74076,-0.061819,-10.078,0.50654,0.98973
-0.029177,0.6924,0.078339,-8.9256,-0.52271,-0.3353
0.001732,0.7265,0.11724,-9.4381,0.37182,0.65922
-0.016121,0.6419,0.035306,-8.7423,0.67898,0.4305
-0.019052,0.52639,0.024914,-10.515,0.79753,0.31315
-0.069813,0.52732,-0.00053292,-9.0196,-1.2394,1.2753
0.013323,0.4322,-0.0067947,-9.2549,-0.4784,1.6633
0.037704,0.24741,0.033974,-7.864,0.92447,1.5963
0.01772,0.20651,0.02638,-8.5711,-0.39997,1.3119
-0.031176,0.27325,0.041435,-8.8202,-0.53409,1.619
-0.047297,0.17333,-0.015854,-8.2957,-0.18681,-0.53109
0.053425,0.18785,0.012657,-8.7938,0.23711,-0.87956
0.011724,0.11245,-0.0010658,-10.178,0.58318,0.50415
0.031975,0.049428,0.080604,-10.292,0.066461,-0.97177
0.024115,-0.10152,0.029044,-9.9452,-0.576,-0.77598
0.071278,-0.17626,-0.038637,-10.25,0.031135,1.0233
-0.024248,-0.24608,0.064617,-9.8405,-0.027543,-0.39697
-0.02971,-0.30949,0.092062,-9.7069,1.061,0.059875
0.14029,-0.33094,0.015455,-9.4758,0.79514,-1.5118
0.037837,-0.35039,-0.014122,-9.8925,0.019759,-1.4981
0.10099,-0.39529,0.084468,-8.9058,0.767,-0.27842
0.099789,-0.49482,-0.012923,-7.4251,1.6382,0.89154
0.07714,-0.57515,-0.024514,-9.0537,0.53109,1.1987
0.050761,-0.62711,0.020118,-9.7884,1.5711,1.4657
0.037971,-0.63524,0.043167,-8.7813,-0.8634,0.69156
0.049428,-0.72997,0.067281,-7.6221,-1.3107,0.54366
-0.040902,-0.76594,0.040235,-8.7429,0.17843,0.42751
-0.066881,-0.83402,0.10832,-9.5177,-0.14849,0.65683
0.07674,-0.95393,0.042367,-9.5219,-0.84364,0.40775
0.033041,-0.92075,0.042234,-9.2417,0.0053888,1.995
0.10312,-0.9883,-0.050094,-10.915,-0.31973,1.4442
-0.019984,-1.1363,-0.069413,-10.318,-0.37781,1.7795
0.038637,-1.1775,-0.083136,-9.9381,0.00479,1.1795
0.077273,-1.1727,-0.041967,-9.0381,-1.0418,0.16526
0.11458,-1.2995,0.014655,-7.949,-1.0173,0.87837
0.053692,-1.3097,-0.005196,-8.3633,-0.36344,0.17603
0.068347,-1.4088,-0.043966,-9.4291,0.40296,-0.22214
-0.031309,-1.4132,0.037038,-9.4896,-0.66282,1.6388
0.01279,-1.4793,0.093927,-9.2555,0.84244,2.4375
0.020784,-1.5086,0.075408,-9.2495,1.0304,2.771
0.020384,-1.5639,0.10299,-8.3987,0.68796,2.9896
0.032375,-1.5845,-0.083269,-8.734,-0.025147,2.5016
0.071145,-1.7135,0.0050627,-8.8196,-0.15328,2.4621
-0.0425,-1.7504,0.04783,-7.6688,-0.10059,2.2609
-0.06475,-1.9177,0.11991,-9.0417,0.0029937,3.7075
-0.05156,-1.8993,0.0429,-8.4041,-0.062869,3.9248
-0.077007,-1.9108,-0.057955,-10.234,0.21375,4.2757
-0.11578,-1.9075,0.041168,-9.0687,1.2334,2.2543
-0.12191,-2.0168,0.0023981,-9.2758,1.6993,3.062
-0.092062,-2.1186,-0.0047963,-8.1927,0.82149,2.2082
0.029977,-2.1655,-0.041834,-8.8028,0.71012,3.0704
-0.086466,-2.1886,-0.058621,-8.2101,0.14011,3.8883
-0.079272,-2.1658,0.015588,-7.0162,1.7525,4.205
-0.11924,-2.2476,0.11511,-8.4424,1.904,4.1158
-0.057555,-2.2265,0.088198,-9.1543,1.4586,4.7607
-0.057955,-2.1914,0.028911,-8.0574,1.1167,4.6098
-0.10499,-2.3063,0.027179,-7.7424,1.4017,4.9295
-0.085667,-2.3636,0.019585,-8.5011,1.8944,4.687
-0.038237,-2.3554,-0.0099922,-7.1066,1.0538,4.5038
-0.03877,-2.4264,-0.10285,-8.0975,0.85382,5.2145
-0.011191,-2.5542,-0.10685,-7.7125,0.089813,4.1817
-0.098723,-2.5996,-0.057955,-8.3124,-1.1759,4.4409
0.011591,-2.5889,-0.075941,-7.1796,0.54426,5.6312
-0.058222,-2.6751,-0.063684,-7.3101,0.93704,7.4119
-0.032108,-2.7677,-0.11178,-6.4653,0.99991,7.5574
0.061286,-2.6551,-0.12843,-7.0419,1.0047,8.2867
0.092595,-2.7028,-0.044099,-5.3702,0.52031,7.4676
0.10898,-2.6594,-0.0090596,-6.1168,0.78496,8.3687
0.029044,-2.6457,-0.08207,-6.7431,0.22573,7.3395
0.0022649,-2.8374,-0.11378,-5.4151,1.0287,8.0927
0.019052,-2.8987,-0.13829,-3.347,1.4418,9.7435
0.11311,-2.8239,-0.092995,-3.347,1.1065,9.5405
-0.024381,-2.9958,0.036505,-4.59,0.9598,9.2657
-0.085667,-2.92,-0.017053,-4.678,0.97297,8.9795
-0.21996,-2.8948,0.014655,-4.4655,1.5885,8.1304
-0.069546,-2.8592,0.0027978,-4.5996,1.8142,9.1968
-0.065549,-3.0259,-0.12084,-3.7973,0.63587,9.4519
-0.055823,-3.0319,-0.0059953,-2.8405,0.21136,9.786
-0.063417,-2.9344,0.0043966,-3.0991,1.1706,9.2908
-0.029577,-2.9901,0.010792,-3.1045,1.1634,9.7812
-0.043433,-3.1882,-0.036372,-2.9411,-0.026944,9.653
-0.11764,-3.1093,-0.025847,-1.5999,0.55863,10.484
-0.14282,-3.141,0.028644,-1.5388,0.40056,9.8033
-0.06475,-2.9898,0.047963,-1.3999,1.228,8.9064
-0.042234,-3.0372,0.037438,-2.1753,1.51,9.9674
-0.027179,-3.0651,0.0074609,-1.6561,0.54786,11.021
-0.11245,-3.0304,0.036638,-3.3686,-0.46523,10.916
-0.067414,-3.0508,-0.080071,-1.5017,-0.42391,10.018
-0.0022649,-3.0865,0.070345,-1.2262,0.47661,11.442
-0.029311,-3.0897,0.068214,-1.4789,1.0376,9.1974
-0.029444,-3.1164,0.12337,-0.089214,1.5975,10.057
-0.097658,-3.0536,0.088198,1.2993,1.2436,10.612
-0.020384,-3.1172,-0.021317,0.87178,2.6974,10.279
-3.0551,0.031309,-0.069679,1.4214,1.8711,10.12
-3.0812,0.029977,-0.0026646,0.045505,0.12693,10.114
-3.0973,0.046764,-0.031842,-0.37721,-0.22094,9.6411
-3.0924,-0.001732,-0.11071,-0.194,-0.00958,9.1184
-3.0542,-0,-0.099656,0.75802,0.089813,10.142
-3.0464,-0.033574,-0.13869,-0.61252,-0.75443,9.7165
-3.0536,-0.086733,-0.057555,0.43469,-0.4778,10.927
-3.0066,-0.050494,-0.0094593,0.91669,-1.1706,11.741
-3.0579,-0.06435,0.071811,1.3119,-0.81729,10.343
-2.9642,0.015321,0.048895,-0.21016,-1.1388,10.057
-3.1133,0.025047,-0.035173,0.42631,-2.5285,9.7051
-3.0475,-0.062885,-0.13803,1.1388,-1.355,9.3058
-3.0691,0.0061286,-0.092595,-0.78915,-1.9771,9.1088
-3.0062,-0.14402,-0.050761,0.66641,-2.9476,10.161
-3.0354,-0.020651,-0.098191,0.15867,-3.8446,9.9303
-2.9666,-0.064883,-0.06062,0.78317,-4.887,10.291
-3.1019,-0.023448,-0.12497,0.032931,-3.9506,9.7704
-3.0154,-0.015721,-0.07674,0.40775,-3.2458,9.001
-3.0035,-0.047963,-0.011591,-0.59576,-4.8157,10.044
-2.9853,-0.057955,0.040635,-0.7161,-4.9415,9.2962
-2.8915,-0.014256,-0.017586,0.82747,-5.4139,8.1274
-2.9525,-0.090596,-0.015988,0.26764,-5.7917,8.6944
-2.897,-0.10738,-0.018919,1.0215,-6.4761,8.4915
-2.7968,-0.0858,-0.063151,0.26525,-6.2635,7.8215
-2.6486,-0.050627,-0.047563,1.2382,-6.2342,7.6305
-2.5123,-0.078073,0.023182,2.4495,-5.0421,7.4371
-2.5146,-0.020384,0.038104,1.0664,-6.0097,7.4011
-2.5171,-0.031975,-0.06022,0.5754,-6.1174,6.1067
-2.5631,0.016787,0.026246,0.16945,-7.4449,5.9157
-2.458,0.069546,-0.032908,-0.6245,-8.7477,5.821
-2.4585,0.041568,-0.019318,1.158,-7.3479,5.8133
-2.434,-0.019984,-0.015455,1.1502,-7.2305,5.3774
-2.4155,-0.043699,0.041168,0.15568,-6.8497,6.8521
-2.4481,0.014655,0.0053292,0.81131,-8.41,5.2684
-2.29,0.12137,0.093661,1.8394,-7.949,4.4673
-2.3479,0.052359,0.014789,1.5657,-6.324,4.8966
-2.2864,0.0074609,0.029977,2.7848,-10.248,4.6212
-2.2132,0.041701,0.044366,1.0382,-8.2789,4.0966
-2.2112,0.044765,-0.00066615,0.22393,-7.6035,4.5242
-2.2263,0.041568,-0.089664,0.75682,-8.5939,5.8073
-2.0467,0.035572,-0.084601,0.2892,-7.846,5.4917
-2.0604,-0.008127,-0.036638,1.5358,-9.7608,4.5475
-1.9934,0.029577,-0.019452,1.4717,-9.2956,5.3911
-1.9654,-0.0095926,0.0025314,0.81011,-8.5531,5.8193
-1.94,0.035572,-0.0097258,0.20298,-8.3591,3.5368
-1.8392,-0.092995,0.0061286,1.7615,-7.7221,2.9494
-1.7842,-0.12817,0.013589,0.70233,-8.4681,3.456
-1.7946,-0.023315,0.0075941,1.6172,-8.0238,2.9548
-1.7168,-0.032108,0.032242,0.5281,-7.1581,2.8117
-1.6293,-0.0054624,0.067414,1.9693,-7.7412,1.9394
-1.5357,0.068214,0.12723,0.87597,-8.0274,2.092
-1.5388,0.07674,0.081004,0.38979,-9.1513,1.8471
-1.4645,0.053026,0.038903,0.49876,-9.8213,1.364
-1.4523,-0.0015988,0.12777,-0.0059875,-8.3274,1.5819
-1.3051,0.043566,0.040768,0.56043,-9.0339,1.0298
-1.3231,0.0075941,0.041834,-0.45026,-9.4537,1.2993
-1.2596,0.063151,-0.0046631,-0.18322,-10.224,1.1221
-1.2585,0.0058621,-0.039036,0.35207,-10.814,0.96518
-1.1611,-0.006395,-0.020517,0.27842,-10.364,1.5298
-1.1257,0.05156,-0.041435,-0.78317,-9.868,1.837
-0.9939,0.010392,-0.052626,-1.0334,-9.2243,1.3855
-0.87665,0.028911,0.038237,-1.3514,-9.6345,1.8573
-0.8207,0.042101,0.016654,-0.17424,-9.4189,1.3101
-0.82656,-0.058488,0.006395,0.77538,-9.0753,1.4621
-0.83642,0.021583,0.056223,0.13711,-9.2052,-0.33829
-0.77766,0.033574,0.013723,1.3298,-9.8842,0.02395
-0.71664,0.10339,-0.03917,-0.76341,-10.829,0.16046
-0.605,0.063551,-0.050494,-0.41074,-10.46,1.7681
-0.51573,-0.050228,0.028644,0.80652,-9.9877,1.543
-0.43993,-0.046098,-0.0019985,1.0622,-9.0633,0.69575
-0.33108,0.080204,0.027179,1.7406,-10.547,0.037123
-0.26619,0.11138,-0.029177,0.20417,-9.5417,1.2304
-0.18186,0.10072,-0.0035972,1.3412,-9.3615,1.7663
-0.12217,0.082869,-0.015321,2.604,-9.3243,2.2088
-0.12497,0.064217,0.022116,0.46403,-9.1782,0.055085
-0.027845,0.046364,-0.030243,0.28201,-8.7525,-0.37302
0.035572,0.023715,0.056889,1.2867,-9.0262,2.2022
0.15228,-0.03051,-0.050094,0.11915,-8.8765,0.65383
0.14722,0.061419,0.021583,1.3478,-9.0729,0.36943
0.25913,0.09899,-0.0066615,2.4495,-9.2387,0.68737
0.27778,0.010792,-0.03837,2.1064,-8.8657,1.1149
0.22516,0.02105,-0.0030643,1.9441,-9.8315,1.2107
0.35213,-0.022116,0.019318,0.061073,-9.6267,1.2179
0.39356,-0.046497,-0.011591,-0.9598,-7.9286,0.40475
0.53785,0.093128,0.063284,-0.21615,-7.9071,0.03832
0.62791,0.09073,0.025314,-1.0526,-8.0544,-0.43948
0.6832,0.070479,0.025713,0.35386,-10.989,-0.91489
0.82909,0.045698,0.006395,1.7537,-10.58,0.038919
0.84668,0.073676,-0.078606,1.1801,-9.9979,-0.08622
0.83482,0.037171,-0.11671,0.191,-9.868,-0.39338
0.89757,-0.034373,-0.0433,0.49577,-8.7723,0.6203
0.96538,0.020651,0.026113,0.56761,-8.6879,-0.50415
1.0451,-0.011191,-0.0053292,0.7676,-9.1549,1.9328
1.0554,0.013989,-0.030376,0.81789,-8.4669,-0.6209
1.0932,0.009859,-0.0019985,1.7328,-9.5866,1.1041
1.1856,-0.035839,0.11338,1.7998,-8.8657,0.51552
1.2452,0.06888,-0.044632,2.374,-7.8945,1.2903
1.3769,0.031975,-0.091662,0.072449,-8.9669,1.9555
1.4165,0.10152,-0.0041301,-0.6209,-9.7704,1.252
1.4184,-0.0029311,0.014122,-1.361,-8.3154,2.1914
1.3677,-0.0038637,-0.014789,-1.643,-8.9561,0.55324
1.4819,0.009859,0.084468,0.7658,-9.3686,0.45026
1.5645,0.031576,0.13736,-0.21375,-9.9237,0.98315
1.6149,0.0021317,-0.0057289,0.056881,-10.002,1.4292
1.5632,0.070212,0.036372,1.9932,-9.0142,1.4568
1.679,0.10698,-0.0085267,2.2279,-8.2328,1.3208
1.722,0.10832,-0.020917,2.489,-8.6322,1.4957
1.8083,0.092995,0.020917,1.9938,-7.7885,1.5897
1.8185,0.053692,0.15268,1.3957,-8.4274,2.9447
1.8398,0.039303,0.05196,0.43769,-8.4873,3.6129
1.9687,0.20104,0.037038,1.3795,-9.0381,2.5243
2.0159,0.17586,0.11365,1.5106,-9.3165,3.4967
2.0387,0.16427,0.15242,1.4699,-8.0939,4.5331
2.1341,0.12364,0.13616,0.95321,-8.6693,4.5637
2.0751,0.061819,0.11951,1.3352,-9.6195,5.7175
2.1261,0.14455,0.11844,1.5508,-9.4704,5.0936
2.2108,0.032908,0.062485,0.78077,-7.6125,5.2031
2.3484,0.006928,0.20264,-0.23112,-10.32,3.8673
2.3034,0.11325,0.068613,0.16046,-9.2136,4.7181
2.4185,0.049428,0.12191,0.64426,-9.9758,3.1925
2.4838,0.11245,0.15122,-0.98554,-9.7459,3.8254
2.4348,0.16014,0.13043,-0.55983,-9.2255,5.1732
2.5732,0.15641,0.19425,1.5729,-10.149,6.121
2.5856,0.1688,0.17666,1.5753,-9.3411,6.9168
2.5927,0.14682,0.13883,0.75682,-7.5323,6.1665
2.5727,0.1351,0.13909,0.99153,-7.0569,6.6635
2.6294,0.07674,0.062085,-0.18022,-6.524,6.5354
2.6999,0.035439,0.051294,-0.95081,-5.9109,6.6258
2.7082,0.069679,0.0071944,-0.6245,-6.7593,5.9965
2.7072,0.12524,0.086599,0.14909,-6.3881,5.9659
2.8381,0.1227,0.15681,-0.23112,-6.6665,7.0467
2.8106,-0.0030643,0.09939,0.27363,-6.2743,5.7097
2.8974,0.019452,-0.0067947,-0.82568,-5.1672,6.8994
2.9504,-0.012124,0.063817,-1.1837,-5.3732,6.5593
2.8814,0.10459,0.062485,0.49636,-5.8408,7.3628
2.9037,0.18612,0.0029311,0.99572,-3.7416,7.9292
2.9333,0.1271,0.14069,1.8142,-4.4469,9.5668
2.9327,0.1263,0.15801,1.1041,-3.2458,10.152
2.9769,0.05156,0.061419,1.2262,-2.7992,9.0956
3.0563,0.085667,0.088198,0.64006,-2.5537,9.789
3.0844,0.15388,0.12204,0.66641,-2.2531,10.498
3.1178,0.20584,0.031442,0.39158,-3.4446,8.8932
3.0955,0.17,0.009859,0.20118,-2.5866,10.15
3.0219,0.16374,0.0079938,0.0035925,-3.1955,8.7908
3.0949,0.0021317,0.069546,-0.51433,-2.2429,8.1963
3.0428,0.051027,0.095259,-0.25028,-1.4609,10.303
3.1128,0.0858,0.14069,0.20058,-2.3064,10.657
3.1181,0.083002,0.11031,0.40775,-3.6075,10.404
3.1758,0.13829,0.011191,1.6903,-1.6921,11.026
3.2603,0.13989,0.023182,1.7663,-0.74784,11.473
3.149,-0.037304,0.089264,1.6136,0.24429,11.297
3.1631,0.036105,0.046897,0.30656,-0.52271,9.698
3.2519,-0.0067947,0.08127,1.4484,-0.87657,9.6141
3.1886,0.051294,0.11444,1.622,-0.44248,10.372
3.1246,0.12683,0.18173,1.0927,0.6712,10.533
3.0516,0.16587,0.1303,2.0573,1.9292,10.638
3.1533,0.23435,0.17626,2.4291,1.2083,11.159
3.1714,0.14269,0.23275,2.4154,1.8903,11.139
3.2005,0.27192,0.12324,0.92687,1.1819,10.735
3.1477,0.14362,0.043433,2.1178,1.4244,9.3998
3.2527,0.12683,0.14669,-0.37003,1.3011,9.753
3.2047,0.10339,0.066748,0.88555,1.2759,10.357
3.1823,0.031975,0.097524,0.22393,2.2303,10.639
3.0796,0.099789,0.083802,-0.30237,3.2075,9.6219
3.1208,0.036638,0.087799,0.14669,3.5578,8.71
3.154,0.017853,0.14122,0.76041,3.5518,9.492
3.15,0.037971,0.20824,0.22932,5.3552,9.7524
3.0466,0.068747,0.074609,-0.53229,4.3948,9.8752
3.0105,0.11378,-0.0011991,0.77778,6.2845,8.8417
2.991,0.19425,-0.037837,0.62629,5.6145,8.6705
3.0868,0.19598,0.0049295,0.89274,5.5618,8.51
3.1079,0.16627,0.092861,0.9077,5.372,8.9848
3.157,0.11778,0.12097,0.22154,4.3296,8.5496
3.0606,0.16028,0.13616,-0.65503,5.0331,8.795
2.9805,0.11138,0.16987,0.8634,6.8665,9.6099
2.9385,0.13923,0.14495,-0.069455,6.615,7.8676
2.9252,0.1263,0.12417,0.78077,6.1557,8.4106
2.868,0.13416,0.19278,0.0065863,6.4928,6.8539
2.8521,0.11538,0.065949,0.25207,7.937,8.1628
2.8872,0.096192,0.1339,0.85981,8.4017,7.1664
2.8214,0.092328,0.18572,1.5987,8.5046,7.3209
2.8077,0.14535,0.11964,0.84304,8.4472,7.6915
2.7199,0.1243,0.15455,1.5166,6.3485,7.1646
2.692,0.028911,0.18332,1.173,5.7318,6.0186
2.6449,-0.011325,0.10818,1.4651,7.4065,7.4688
2.7159,0.086599,0.11751,2.6938,7.2796,7.1838
2.6503,0.15508,0.031309,0.95022,7.3832,6.8904
2.5546,0.12604,0.07714,1.8465,8.4861,5.7031
2.5271,0.030376,0.031442,0.8604,8.7573,5.6175
2.5256,0.053159,0.059687,2.0783,7.9514,6.612
2.3624,0.027179,0.089397,1.5741,7.4221,6.9269
2.3319,0.014122,-0.046897,0.1916,7.103,8.1454
2.4012,-0.014922,-0.020517,0.45026,9.498,6.2863
2.3211,0.096459,-0.052892,-0.59336,7.7359,6.4581
2.2794,0.1287,-0.017586,0.30895,9.795,5.8139
2.2079,0.033041,0.089264,0.51792,10.792,5.369
2.2303,-0.0071944,0.12963,0.84424,9.7297,4.5733
2.1685,0.035572,0.030909,1.0496,9.8812,3.7979
2.0751,0.014655,0.050094,2.3243,9.4387,4.299
1.9563,0.075275,0.031309,2.1399,8.9717,3.6123
1.8828,0.062085,-0.010658,3.4171,9.3399,3.0913
1.9101,0.10059,0.081404,2.7902,8.9854,2.5944
1.8743,0.023049,0.10778,1.7064,9.4357,3.4787
1.813,0.042767,0.11844,1.1963,8.9334,2.4381
1.8464,0.080471,0.12044,2.3681,9.8405,4.1913
1.7584,0.0043966,0.071278,1.6543,10.667,3.1937
1.6842,0.015321,0.11791,0.97955,10.848,3.8326
1.6671,-0.059021,0.1684,1.3131,10.528,3.4326
1.552,-0.02971,0.14269,-0.076041,9.5243,2.5549
1.5472,0.083535,0.031442,-1.2933,8.3789,2.0585
1.5285,0.075541,-0.02558,-0.56582,10.679,2.2046
1.4193,0.18639,0.082736,-0.44607,9.5381,3.362
1.3644,0.17053,0.14975,-0.39278,11.779,2.9854
1.2492,0.018119,0.10379,0.97057,10.46,3.1494
1.1819,0.017853,0.0013323,1.7573,9.5267,0.92207
1.1444,-0.027312,-0.021317,1.4693,10.003,2.7447
1.0171,0.022649,0.00066615,2.68,9.4123,1.3101
1.04,0.047963,0.044099,1.5927,9.1693,-0.0065863
0.88918,0.11924,0.052226,1.0628,10.315,-0.25866
0.71891,0.070079,0.039036,0.97955,10.9,0.55923
0.72411,0.10858,-0.033041,1.4214,11.697,1.8172
0.81337,0.032242,-0.00026646,1.3921,11.756,0.9095
0.7782,0.053558,0.041168,1.3071,10.103,1.3352
0.71518,0.019851,0.0093261,1.1849,9.2525,0.59755
0.61019,0.018519,0.076607,1.6771,9.6824,0.63587
0.44579,-0.0039969,0.072344,1.3957,10.498,1.2963
0.47417,0.083802,0.0057289,0.39817,10.672,1.1676
0.39369,0.0089264,0.0089264,0.75323,10.134,1.2292
0.45991,-0.036638,0.010525,0.64126,10.39,1.0161
0.46431,0.026113,-0.019585,0.30895,10.312,0.1928
0.33987,-0.0030643,0.00093261,0.74065,10.728,1.5376
0.24981,0.023848,0.011058,-0.39038,9.9883,1.3496
0.09899,0.0065283,0.061019,0.67539,10.47,1.4855
0.074476,0.067148,0.089531,0.35865,11.535,0.59157
0.03464,0.023582,0.1708,-1.3089,11.421,-0.26644
-0.079672,0.068214,0.035839,-0.65922,10.634,1.3208
-0.083668,0.094327,0.021716,0.37122,11.7,0.66581
-0.16147,-0.003464,0.0033307,0.70054,10.479,0.81011
-0.18985,0.087665,0.026113,1.0622,10.485,0.68916
-0.25394,0.059687,-0.039969,-0.074245,10.138,-0.11316
-0.32921,0.10991,0.01319,0.40236,9.3483,0.59755
-0.4787,0.027046,-0.038104,0.20058,10.672,0.36284
-0.53172,0.024115,-0.080737,-0.21495,9.3064,0.33291
-0.56796,0.096192,0.015588,0.96938,10.981,1.2508
-0.6443,0.095526,0.091795,-0.070652,11.128,0.2898
-0.59287,0.10365,0.063018,0.76401,11.262,0.8125
-0.71425,0.065016,0.11604,1.2238,10.4,0.82807
-0.7325,0.028511,-0.015588,1.5969,10.415,0.65982
-0.79032,-0.010925,0.070479,0.72449,11.019,2.5716
-0.90676,-0.078872,0.056756,1.5585,10.102,1.91
-0.89091,-0.027312,0.0011991,0.55863,10.707,0.87777
-1.0101,0.0026646,0.058754,1.1197,10.376,1.1634
-1.0612,0.028245,-0.028511,2.1914,11.043,0.86879
-1.1189,0.01732,-0.05156,2.0842,10.804,1.2825
-1.2057,0.09859,0.0026646,1.1586,9.3315,2.5285
-1.2442,0.17626,-0.0070612,1.6148,10.385,2.895
-1.2827,0.14216,-0.10685,0.98973,10.29,0.96518
-1.3342,0.093661,-0.041035,0.17723,10.246,1.0819
-1.3721,0.0011991,-0.12111,0.69575,9.6662,2.9572
-1.3744,0.048096,-0.11738,0.74125,9.7309,3.568
-1.4798,-0.01279,-0.01279,-0.10538,9.7578,4.1224
-1.5416,-0.0013323,-0.025047,-1.5825,10.488,3.4733
-1.6523,-0.014389,0.038637,0.48379,10.727,2.483
-1.6045,-0.035039,0.0062618,0.92088,9.7369,1.9573
-1.7372,-0.045698,0.058754,1.2232,8.7902,3.811
-1.7877,-0.022782,0.054091,0.11556,9.2261,3.8027
-1.9488,0.010792,0.0061286,0.83945,8.6454,4.6439
-1.9099,-0.0079938,-0.0047963,0.53109,10.164,4.4319
-1.9068,0.092195,0.16814,1.5268,9.5584,3.6919
-2.044,0.029311,0.11698,0.54307,8.8986,3.8613
-2.1226,-0.085534,0.11444,0.82747,9.2836,4.3278
-2.176,-0.038104,0.065283,0.12334,8.358,4.1727
-2.2217,-0.02145,0.15655,0.79215,6.1474,5.2522
-2.1252,-0.011458,0.079538,0.54606,7.461,4.3787
-2.1707,-0.05609,0.0854,1.5214,8.8872,5.6684
-2.2515,-0.090063,0.0065283,2.8423,8.3148,5.5809
-2.3006,-0.066748,-0.041035,2.7716,10.082,6.3551
-2.3502,-0.03011,-0.12683,2.8734,9.5279,6.118
-2.4151,-0.042367,-0.048362,1.9346,9.3088,5.733
-2.4193,0.023049,-0.01279,2.601,8.052,7.1994
-2.4282,0.021184,0.027179,-0.56642,7.9269,6.4905
-2.4694,-0.08993,0.0010658,0.24668,6.6048,6.8491
-2.578,-0.048496,-0.0077273,-0.10718,7.6616,7.8394
-2.6471,-0.095126,-0.06395,-0.2413,7.9251,7.5844
-2.6597,-0.030243,-0.006928,0.87717,8.1011,7.7041
-2.6222,-0.0015988,0.0091929,1.4274,9.0303,7.8951
-2.6358,0.019452,0.031043,1.2765,8.4118,7.0635
-2.7076,-0.07341,-0.053026,0.49517,7.6041,7.073
-2.6678,-0.039703,-0.001732,0.71251,8.0107,5.6791
-2.7645,-0.063284,0.018652,0.42152,6.6353,7.3652
-2.7861,-0.10578,0.066349,0.42691,8.4304,6.8078
-2.808,-0.071545,-0.042634,1.9531,7.4598,8.8501
-2.8614,-0.028644,-0.031842,2.4824,6.6072,8.7543
-2.8181,-0.022649,-0.057555,1.0885,6.8162,8.916
-2.8787,0.00013323,-0.10658,1.222,5.8546,8.7681
-2.9885,0.018119,-0.00039969,1.0484,6.0354,8.2071
-3.0436,0.089264,0.017853,1.2328,5.6965,8.8633
-2.9292,0.050228,-0.083802,1.722,5.0768,9.401
-2.9508,0.00026646,0.031176,1.3286,4.9373,9.3728
-2.9357,-0.014122,-0.023448,1.8837,5.3959,8.701
-2.899,0.062485,0.014922,0.87418,4.6158,8.7112
-2.9021,0.038104,-0.018652,1.425,4.0829,8.0676
-3.0326,0.075408,-0.03011,1.7022,5.0229,10.525
-2.9953,0.01319,-0.070612,0.96938,4.1284,11.086
-2.9594,0.076074,0.0025314,1.1113,2.0681,11.329
-3.0271,0.034773,-0.065416,1.5172,2.0633,11.534
-3.1186,-0.039703,-0.064217,2.5662,1.2256,9.7878
-3.0571,-0.059287,-0.098857,1.5795,3.0626,10.412
-3.0796,-0.13936,-0.01319,0.26704,2.6129,10.179
-3.1087,-0.049562,-0.0019985,1.1089,1.155,9.9608
-3.1723,0.0021317,-0.033041,1.8376,0.54007,10.227
-3.1769,-0.068214,-0.12737,1.5723,0.36284,9.9836
-3.078,-0.13496,-0.10485,0.36105,-0.80412,10.912
-3.0643,-0.059154,-0.031309,0.2892,-0.35925,12.11
-3.1841,-0.028112,0.010925,-0.12334,-0.24908,10.693
-3.1959,0.0033307,0.040369,1.4729,-1.1807,10.397
-3.1761,0.095126,-0.021583,0.12454,-0.79275,10.138
-3.1424,0.14722,-0.017453,0.10119,0.31973,10.427
-3.1441,0.15495,0.037571,0.45565,-0.85202,11.827
-3.1055,0.15801,0.022649,-1.4933,-1.8082,10.34
-3.1131,-0.021317,-0.035839,-0.31973,-0.51433,9.7548
-3.0388,-0.063551,-0.13496,-1.8699,-0.84424,8.2352
-3.1144,-0.032908,-0.054225,-0.26944,-0.22214,9.0788
-3.0343,0.0027978,-0.052892,-1.2005,-1.2053,10.276
-3.0061,0.012657,-0.15148,-0.45744,-2.6219,9.8686
-2.9665,-0.033307,-0.085933,0.51852,-2.3465,9.395
-2.9693,0.054758,-0.02598,1.443,-2.6369,9.7758
-2.9348,-0.0037304,-0.0015988,1.264,-3.8362,9.0741
-2.9989,0.089531,-0.019452,0.34847,-3.0554,8.9292
-2.9004,-0.029977,-0.0027978,-0.81849,-4.6565,9.6548
-2.8842,-0.04743,0.053425,0.5251,-4.8361,9.7237
-2.8426,-0.054624,-0.027978,0.073048,-4.8116,8.237
-2.7488,0.03011,0.016787,-0.86519,-3.2147,8.2999
-2.8764,-0.011191,0.065283,1.2568,-4.896,8.5675
-2.8644,-0.01732,0.025047,-1.0239,-4.869,8.5166
-2.7954,-0.0095926,-0.090063,0.1431,-5.478,7.2832
-2.774,-0.0085267,-0.1716,-0.80472,-6.9263,7.0353
-2.7428,-0.0070612,-0.1247,0.038919,-5.5354,7.8676
-2.7345,-0.038637,-0.099256,-0.84723,-4.6559,6.979
-2.6665,0.053958,-0.0010658,-0.90052,-7.0024,6.9988
-2.6149,0.070479,-0.013723,-1.3681,-6.133,6.9653
-2.5863,0.0059953,0.048096,-1.2993,-5.6223,7.7077
-2.5494,-0.030243,0.0047963,-0.90411,-7.4125,7.2179
-2.4205,-0.049162,-0.071145,-1.2143,-7.9233,7.4359
-2.4016,0.039569,0.054491,-1.2735,-6.7317,5.9683
-2.3923,0.033574,0.08207,-0.22932,-7.5023,6.4018
-2.3911,0.12937,0.085933,-0.75682,-7.4215,5.9133
-2.3065,0.11911,0.035706,-1.8483,-7.9173,4.896
-2.3123,-0.0015988,0.037438,-0.19938,-6.3342,5.0475
-2.3171,-0.077806,0.006395,-0.32093,-7.5826,3.5033
-2.18,-0.03011,-0.049695,0.68497,-8.2933,3.8218
-2.2272,0.013323,-0.05116,0.85921,-7.9191,3.3111
-2.1311,-0.0862,0.061685,0.84544,-7.6023,4.3954
-2.0805,-0.0089264,-0.031709,0.49996,-8.0454,2.3058
-2.097,0.0038637,-0.022649,0.61971,-9.201,3.3775
-2.0649,0.079538,0.021317,-0.92507,-8.428,2.089
-2.0199,0.10379,0.050228,-0.53648,-8.1669,3.0171
-1.9136,-0.0049295,0.056889,-0.40176,-7.964,2.2806
-1.8696,-0.034906,0.034507,-1.4065,-8.3442,2.7087
-1.8447,0.076208,0.022916,-1.2484,-10.005,2.7016
-1.7363,-0.020651,0.030376,-0.15328,-9.504,3.2943
-1.697,-0.0085267,0.051427,1.2957,-8.8076,3.4716
-1.6183,-0.035972,0.034773,0.47301,-8.228,1.6041
-1.6014,0.017986,-0.033974,0.78496,-8.1101,1.2209
-1.6125,-0.030643,0.066082,0.79634,-9.4243,1.9663
-1.5583,-0.039969,0.077007,0.080232,-8.7268,3.0884
-1.5215,-0.0015988,-0.03011,-1.0795,-9.4686,2.792
-1.4847,-0.04783,-0.0033307,-0.039517,-8.722,2.4357
-1.4192,0.0066615,0.009859,1.0113,-7.6412,1.3442
-1.3476,0.020517,-0.020517,1.364,-6.785,0.65264
-1.236,0.068613,-0.015055,1.4304,-7.3503,0.97656
-1.216,0.096592,0.023715,1.1526,-9.6734,0.60354
-1.0901,-0.024648,0.060087,1.9016,-9.4573,0.37003
-0.9843,-0.037038,0.058888,2.1525,-9.3992,0.30117
-0.99283,0.0027978,0.072077,0.64785,-10.176,0.91609
-0.95579,-0.035706,0.06022,-0.27542,-8.4909,-0.71132
-0.95006,0.0010658,-0.012524,1.17,-10.68,1.2149
-0.88158,-0.078339,0.080737,1.1466,-9.1687,0.59336
-0.82962,0.032508,0.019318,0.61731,-8.6346,0.22932
-0.71864,0.11937,0.10272,-0.97596,-7.8484,0.25028
-0.61632,0.1331,0.040768,0.11736,-8.6633,0.11616
-0.53305,0.13203,0.040902,0.17843,-8.6118,0.10777
-0.50481,0.092728,0.070479,0.38979,-9.5519,-0.73766
-0.35186,0.12284,0.042234,0.43529,-9.6536,1.0017
-0.32708,0.050761,0.1327,-0.25327,-8.6783,2.0591
-0.38277,-0.0094593,0.14389,-0.23411,-10.03,0.29878
-0.28871,0.046497,0.11991,0.43409,-10.172,0.75921
-0.253,0.019984,0.045032,0.0083825,-9.8405,1.7022
-0.19865,0.023582,0.060353,0.34608,-8.8914,1.0011
-0.13829,0.014122,0.092195,1.6076,-9.8069,1.5813
-0.024248,0.066482,0.019452,2.3243,-9.695,0.81131
-0.018652,0.0090596,-0.0019985,0.2856,-9.107,1.1346
0.010125,-0.037971,0.0033307,0.022154,-9.6087,1.425
0.13989,-0.010658,0.037438,-0.11017,-10.053,1.5645
0.20358,0.0054624,0.032775,0.69635,-9.4812,1.0101
0.2951,-0.0038637,0.083136,1.0239,-9.2202,1.6981
0.32655,0.0025314,-0.018652,1.8765,-8.7394,0.81729
0.32188,0.050494,0.036372,-0.79514,-8.7489,-0.57061
0.48163,0.0082603,0.014789,-0.38739,-9.9488,0.73347
0.5649,0.10872,0.048229,-0.66641,-8.7657,0.82448
0.52599,0.0089264,0.080871,-0.27902,-7.9867,-0.26405
0.72557,-0.006928,0.076607,0.64605,-9.089,-0.00958
0.82096,-0.035173,0.0074609,1.9645,-8.9357,-0.21495
0.89197,-0.094993,0.030776,1.4795,-9.2327,0.32871
0.99496,0.0026646,0.12017,1.4609,-10.088,0.44966
1.0537,0.041035,0.10339,0.61013,-9.9159,1.5292
1.0748,0.10578,0.062085,1.252,-11.262,1.1634
1.0866,0.10272,0.071278,0.59336,-11.455,0.88316
1.1073,0.047163,0.085667,1.3933,-10.819,1.3232
1.1972,0.082736,0.13416,0.7652,-9.5093,1.9382
1.2625,0.14296,0.11085,-0.51732,-9.3698,2.1621
1.3414,0.080737,0.088731,-1.1712,-9.8536,1.8244
1.3416,-0.046098,0.048362,1.4598,-9.2411,2.1759
1.4743,0.0093261,0.027046,0.28021,-8.6885,1.513
1.4689,0.0010658,0.083668,-0.68737,-9.6219,1.6454
1.5464,0.015455,0.12537,-0.48978,-9.1824,0.91908
1.5264,0.068081,0.061153,-0.50235,-7.8897,1.8909
1.5713,0.044366,-0.020118,0.29938,-9.7979,2.5782
1.678,0.084335,0.063417,0.23172,-10.308,3.4362
1.7355,0.066748,0.052626,0.29159,-10.496,4.484
1.7116,0.15068,0.13216,0.20298,-11.366,2.8806
1.7177,0.16401,0.09939,-1.8867,-9.1866,3.7781
1.8777,0.176,0.045698,-0.14011,-8.1041,3.5841
1.9338,0.06888,0.013989,1.3717,-9.3471,4.0571
1.9052,0.10059,0.11831,-0.077838,-8.2095,2.8004
2.005,0.13843,0.095393,-0.24489,-7.7436,5.5546
2.0096,0.14988,0.064883,-0.48798,-7.4688,4.1553
2.0461,0.16374,-0.037438,-1.0119,-7.1892,3.2428
2.0641,0.11857,-0.00053292,-1.0532,-6.9359,2.4992
2.0576,0.092995,-0.0054624,-0.26465,-7.5712,3.8092
2.1736,0.0013323,0.093128,0.64785,-6.8138,3.4476
2.1934,0.067548,0.018785,0.90112,-8.2693,4.7798
2.2928,-0.041168,0.083535,0.89034,-7.9215,4.5852
2.3492,0.036505,0.094993,0.88495,-8.4615,4.9606
2.3684,0.1672,0.065549,1.6286,-9.2806,6.1923
2.4638,0.12031,-0.049961,2.6704,-8.1442,5.7666
2.3995,0.14136,0.036105,2.4058,-8.043,5.2157
2.4477,0.044232,0.10499,1.6226,-7.7155,6.0701
2.556,0.0015988,0.18332,0.40356,-7.4191,7.3006
2.5773,0.094194,0.19225,2.6543,-7.0191,7.1814
2.5889,0.097391,0.2177,0.96459,-5.7857,7.0221
2.6272,0.041168,0.097125,1.328,-5.0349,7.2371
2.6563,0.10552,0.061952,1.8561,-3.2159,6.9078
2.7403,0.024381,0.086866,0.70952,-5.4217,7.3407
2.758,-0.041967,0.077407,1.0688,-4.0757,6.9491
2.7912,-0.032908,0.099656,0.99991,-4.2002,7.4975
2.8374,-0.0031975,0.0057289,0.29938,-4.3541,7.9185
2.8678,0.026513,0.0055957,2.0651,-4.5164,8.4657
2.914,0.084068,0.01692,1.3735,-5.2301,8.0735
2.9825,0.063817,0.0077273,0.25148,-5.4426,8.1424
2.9208,-0.040635,0.02971,0.43529,-5.2504,7.5496
2.9757,0.06928,0.0078606,0.9107,-4.9744,7.8909
3.0824,0.14429,0.083668,-0.36524,-4.3924,8.7483
2.9861,0.045032,0.098723,0.64904,-3.3949,8.7705
3.0195,0.10872,0.18985,-0.069455,-3.7212,7.7221
3.0162,0.11045,0.099656,0.23291,-3.2692,8.4615
3.1025,0.043699,0.033707,1.1759,-2.6321,8.5711
3.1081,0.070479,0.017187,-0.59875,-3.0572,8.9034
3.2607,0.07301,-0.023715,-0.39398,-3.1728,9.1411
3.1925,0.087799,0.055823,0.1916,-2.2327,7.9879
3.209,0.018919,0.087799,-0.89333,-2.3573,10.014
3.138,0.12084,0.088065,-0.5742,-2.3064,11.391
3.1436,0.080204,0.11085,0.50834,-2.0154,9.9243
3.1738,0.11005,0.097924,0.24489,-2.2345,10.77
3.2447,0.014655,0.066349,-0.39877,-1.5933,10.91
3.2292,0.063817,0.052759,0.2886,-1.2484,10.224
3.191,0.098857,0.0089264,-0.34069,-1.2125,10.904
3.1269,0.18972,0.058088,0.053289,0.60893,9.586
3.0594,0.082336,0.065682,1.731,0.28141,9.4638
3.1661,0.15082,0.065816,1.9639,1.2843,10.848
3.0875,0.18772,0.067814,1.4077,1.8316,11.598
3.161,0.16627,0.10232,0.18262,2.2094,10.202
3.2439,0.10072,0.13909,0.74724,2.1076,11.647
3.2192,0.13976,0.16108,1.2412,1.3053,10.861
3.2537,0.09406,0.17,0.27363,1.7076,10.621
3.1887,0.061685,0.14002,2.4561,3.8278,10.746
3.1831,0.0854,0.10885,1.5741,3.4931,10.149
3.1004,0.055957,0.069946,1.3131,4.5565,9.9746
3.1007,0.11871,0.015854,0.54007,4.0913,11.277
3.1438,0.14762,0.078606,0.94842,3.7991,10.963
3.2087,0.16654,0.13816,1.4089,3.5236,10.058
3.1631,0.11085,0.18719,1.7879,2.7022,10.776
3.0968,0.11191,0.16867,1.9747,4.2631,10.858
3.0479,0.055024,0.15388,-0.7173,4.2601,8.6064
3.0002,0.049695,0.096725,0.78915,5.3199,9.7423
2.9514,-0.033041,0.03464,0.13292,4.702,9.083
2.9498,-0.0075941,0.07341,-0.15987,4.5643,7.7843
2.9736,0.058621,0.03051,1.261,5.4654,9.0405
2.9534,0.078206,0.09486,0.7682,6.1665,9.1591
2.9048,-0.00013323,0.15508,1.4544,7.8083,9.3555
2.8523,0.014522,0.18905,1.3496,6.0342,7.6616
2.9224,0.083935,0.1696,1.9585,6.4779,5.8636
2.8391,0.15575,0.21357,1.5861,8.6915,8.5208
2.8822,0.15721,0.1239,-0.03832,6.7796,9.1824
2.9388,0.049162,0.0061286,-1.513,8.3987,8.4304
2.9865,0.030243,0.019984,-0.0479,7.779,7.773
2.6907,0.061019,0.072344,-0.46403,6.7461,6.5958
2.7525,0.02638,0.055823,0.16046,8.2095,8.2837
2.7263,0.072877,0.076208,0.73287,8.3101,7.1521
2.6495,0.10165,0.12137,-0.15208,7.07,6.4174
2.5952,0.043566,0.16121,1.1801,7.4922,8.2795
2.6767,0.032641,0.14842,1.0263,7.5442,7.9939
2.5764,0.12057,0.13763,0.8119,8.4549,6.6084
2.4055,0.11951,0.10165,1.2526,7.7089,7.7478
2.4247,0.12683,0.093128,1.5316,9.9404,4.8708
2.4803,0.10352,0.076474,0.78496,8.3017,4.3829
2.4161,0.11538,0.093261,-0.48439,9.5111,4.4248
2.4267,0.24341,0.11804,-0.40535,9.1501,5.0457
2.3997,0.11578,0.057022,-1.0358,10.439,3.3907
2.3371,0.099656,0.0067947,0.10119,10.315,4.1853
2.2555,0.047297,0.048096,1.2873,10.148,5.6312
2.1779,0.090863,0.081404,1.1795,9.2722,4.702
2.1513,0.068081,0.10352,2.4507,9.4465,3.5775
2.0224,0.05156,0.16014,1.7795,10.679,4.7193
2.0055,0.12284,0.14815,1.0658,10.377,4.193
1.8903,0.20158,0.15415,1.5699,10.227,4.7792
1.8266,0.1243,0.1323,1.2113,9.4591,4.5403
1.7665,0.080338,0.15521,1.5094,8.1825,3.6254
1.7389,0.15641,0.10845,1.2382,11.043,3.7212
1.7196,0.081803,0.15748,1.9651,8.8483,3.5189
1.7292,0.10778,0.19731,1.4729,9.3447,2.2818
1.6856,0.12151,0.091929,1.5813,9.7554,2.2818
1.712,0.077806,0.11884,0.7203,9.1423,2.8944
1.6485,0.073543,0.10272,1.1047,9.3938,2.8405
1.5541,0.083136,0.11844,1.4825,8.6693,2.7411
1.4226,0.058488,0.12564,1.0065,8.886,2.6914
1.4013,0.091129,0.045032,2.0142,10.084,1.9118
