1.6113,0.040502,0.13003,1.143,0.73586,10.948
1.574,0.12364,0.086733,0.052091,0.22992,10.387
1.5465,0.0023981,0.020118,0.62989,-0.13352,9.486
1.477,0.011325,-0.034906,0.28501,1.4843,10.164
1.5357,0.037837,0.01732,1.3029,1.5244,10.422
1.4726,-0.042101,0.028778,-0.14789,2.4477,12.333
1.5529,0.15162,0.086466,-0.24668,2.3321,12.286
1.6202,0.098191,0.06062,0.50115,3.5967,11.727
1.5902,0.19758,0.10125,1.1352,3.332,11.849
1.5794,0.16387,0.11631,0.92567,3.2949,10.776
1.5884,0.11671,0.15814,0.41793,3.544,9.195
1.6333,0.013456,0.12843,-0.33949,2.3453,10.53
1.556,0.026513,0.042767,0.34787,1.7226,10.459
1.5876,0.0429,0.068613,-0.45325,3.0806,11.515
1.5689,-0.039969,-0.019585,1.8974,3.7099,11.633
1.4586,-0.013989,-0.025447,1.1113,2.7572,11.46
1.4341,0.053958,-0.01239,1.3412,2.9716,10.464
1.4229,0.10165,-0.017053,1.4873,3.1925,10.913
1.504,0.086067,0.036105,1.719,3.8045,10.135
1.599,0.0075941,-0.0055957,0.87238,4.0056,10.249
1.5341,-0.037571,0.14988,2.1262,2.7986,10.007
1.4904,0.025314,0.14589,1.7424,4.1026,10.113
1.5568,0.046764,0.14615,1.3107,4.1805,11.783
1.6052,0.15095,0.16947,1.243,4.3727,10.619
1.5539,0.13097,-0.028112,1.8651,4.608,9.8159
1.5706,0.10565,-0.013456,2.2465,4.7128,10.755
1.5667,0.088998,0.024514,1.3897,4.5224,9.6075
1.4892,0.071012,0.070745,-0.45505,3.9068,9.5261
1.509,0.037704,0.1704,-0.52211,4.1068,8.528
1.5207,0.09033,0.13136,-1.2813,4.299,9.1872
1.5928,0.079272,0.10898,-1.3592,5.3744,9.5932
1.5941,0.076208,0.16147,-0.00059875,7.1748,9.8925
1.5439,0.09486,0.12817,-0.32991,5.7821,9.4944
1.4774,0.035306,0.078739,1.3125,6.3054,9.7656
1.5163,-0.0039969,0.015055,1.5448,6.3503,9.0268
1.4433,0.0018652,-0.036372,0.61611,6.206,7.6023
1.3576,-0.081137,-0.014256,0.65982,6.6653,7.7897
1.4659,0.020651,-0.0050627,1.4208,6.7719,8.9393
1.435,0.081936,0.011058,1.3161,6.5012,9.9973
1.484,0.14336,0.037971,0.45864,5.4157,9.9991
1.5044,0.036239,0.11258,1.8681,5.3588,8.8896
1.5381,0.093527,0.055557,1.555,7.0359,8.9465
1.4791,0.019851,-0.018919,2.5399,7.4227,7.8418
1.4843,0.012657,0.012923,2.5824,7.4203,8.5388
1.5028,0.023848,-0.0070612,1.8519,8.2154,8.7106
1.5741,-0.052359,0.1231,1.0825,7.9029,7.2335
1.5439,0.038637,0.14269,0.15867,7.5275,7.376
1.461,0.043966,0.23542,1.6202,7.1,8.9759
1.4125,0.052626,0.097258,2.1854,6.7611,6.9102
1.4221,-0.026779,0.11791,1.5388,7.0006,6.8066
1.4543,0.038104,0.11391,0.78137,6.0126,6.0492
1.4161,0.02518,0.060886,0.81011,6.5372,5.9624
1.3651,0.11378,0.11205,0.23651,8.1448,5.4642
1.4631,0.15934,0.071678,0.18501,7.8293,6.7455
1.4146,0.11098,0.03011,0.29878,7.9316,6.2941
1.3066,0.10432,0.054091,0.60354,8.131,6.8353
1.2175,0.13336,0.026113,0.65264,9.78,7.4479
1.2993,0.17307,0.0070612,1.5274,8.0568,6.9653
1.3025,0.12191,0.023981,0.4778,7.0491,7.4778
1.3741,0.19625,0.046364,1.6029,8.1538,6.9677
1.3573,0.17533,0.013057,2.0609,8.8747,6.5874
1.3504,0.18026,-0.040635,1.8968,8.1622,6.9
1.3708,0.087665,0.037038,1.5448,7.6047,7.4958
1.3114,0.0038637,0.11298,0.17364,7.9269,6.7503
1.3033,0.084468,0.10698,1.0885,7.7448,7.8167
1.2957,0.10525,0.039303,0.97656,8.5801,6.033
1.317,0.11631,0.083535,0.51732,8.8202,4.4427
1.3732,0.040102,0.057289,1.1221,6.209,5.3678
1.3358,0.022249,0.14722,1.4897,7.5508,3.8865
1.2476,0.09446,0.11444,2.7644,7.4808,2.6483
1.2244,0.05649,0.015721,1.9226,7.7209,4.0972
1.1965,0.13803,0.0078606,0.11077,8.5112,4.9295
1.2384,0.048762,0.10818,-0.73407,8.3621,4.9181
1.2235,0.14908,0.13603,-0.94363,7.74,4.9475
1.1086,0.028245,0.065682,-1.073,8.3065,5.5175
1.1752,-0.079139,0.092328,-0.60534,8.2095,5.0193
1.1941,-0.00079938,0.053825,0.83586,8.4681,5.2097
1.236,0.11937,-0.020251,0.26046,7.5808,4.814
1.1861,0.13829,-0.066215,-0.026345,9.1878,4.5206
1.15,0.15961,0.091396,-0.93345,9.1112,6.0989
1.1656,0.089797,0.088731,0.22154,9.3776,6.8413
1.177,0.080737,0.10525,0.57181,8.4933,5.8695
1.1131,0.086466,0.028644,0.44787,8.9088,5.8989
1.0125,0.010259,0.10432,0.60833,10.303,6.1731
1.0983,0.11498,0.060753,0.29279,9.8644,4.0464
0.99616,0.061952,0.016521,1.0376,10.689,2.3088
1.032,0.078339,-0.034107,2.5363,10.596,4.1416
1.0554,0.056223,-0.025847,1.9495,10.296,4.211
1.0565,0.15188,0.014655,2.2501,10.058,2.9842
1.0794,0.18106,0.089131,1.8879,9.7494,4.0428
1.0305,0.15748,0.052359,1.3885,10.502,4.5176
0.98111,0.07754,-0.021983,2.8357,10.552,5.6193
0.96818,0.0019985,0.05156,0.46044,9.2082,4.4517
0.92262,0.043033,0.023981,0.16046,10.648,3.8619
0.9863,0.11778,0.049828,1.5867,10.285,2.7614
0.96205,0.074342,0.086999,0.95441,10.695,1.0742
0.96432,-0.0057289,0.072744,1.2951,10.725,1.6897
0.9482,0.1259,0.078472,0.66521,11.376,3.3195
1.0082,0.017453,0.062618,1.8238,9.959,2.4471
0.97804,0.11111,0.10339,2.0154,9.8848,2.9788
0.92208,0.11698,0.062885,0.88735,9.6944,1.8513
0.97871,0.10046,-0.092462,0.59516,11.049,3.4692
0.91342,0.075675,-0.015055,0.20178,12.341,4.2248
0.88758,0.088331,0.0013323,0.93525,10.96,2.7926
0.8604,0.050361,0.12097,-0.98015,10.889,1.8956
0.83016,0.073276,0.16347,0.57061,9.4129,3.0153
0.76474,0.093927,0.087399,-0.66102,9.7201,3.6368
0.83415,0.11418,0.15535,-1.6172,9.2315,3.7835
0.84854,0.032508,0.15242,-0.68856,10.065,3.1339
0.83655,0.040502,0.15894,1.0257,11.716,2.9692
0.80871,0.04663,0.10405,2.1932,10.935,3.0033
0.79725,0.14882,0.056756,2.5231,10.87,2.2639
0.79405,-0,0.028245,0.4772,11.332,3.7422
0.70545,0.060486,0.060486,1.343,10.043,2.1783
0.65456,0.024115,0.090197,0.58678,8.9208,1.5136
0.54611,-0.020118,0.084601,-1.3376,9.5668,1.7651
0.61659,0.083269,0.095393,0.55025,9.2046,1.9088
0.62751,0.10552,0.027046,-0.2407,10.764,1.076
0.60087,0.12324,-0.019185,-0.7167,11.63,0.42212
0.62045,0.18053,-0.00039969,-1.3891,10.412,0.46583
0.77007,0.15948,-0.017986,-0.60294,11.316,0.80412
0.58608,0.049029,0.048362,1.0843,9.7584,1.2029
0.47683,0.033174,0.0071944,-0.29518,10.387,0.38859
0.48163,0.0090596,0.055957,1.6573,10.39,0.37542
0.49761,0.032108,0.13816,0.82089,10.312,0.54007
0.43753,0.038503,0.050761,0.5736,9.8255,0.18382
0.35559,0.067548,0.076474,1.0376,9.2776,1.5124
0.34746,0.099922,0.051427,2.1477,9.5141,1.8328
0.45711,0.14442,0.044499,0.66102,10.309,1.2981
0.41368,0.076874,0.090996,2.1262,10.589,2.5273
0.3813,0.096459,0.066482,1.7849,11.204,2.765
0.34173,0.0030643,0.039036,0.23291,10.285,1.8184
0.43953,0.082869,0.09899,-0.74185,9.5824,2.2573
0.36851,0.11151,0.063151,-0.59456,10.076,1.5364
0.35159,0.03464,0.014522,-0.41673,9.8087,0.90172
0.23382,0.024115,0.039036,1.625,10.813,0.32153
0.31389,0.13803,0.11524,-0.0059875,9.4423,1.7142
0.2999,0.021983,0.09486,2.6998,9.4836,2.5495
0.29497,0.052226,0.051027,-0.47122,9.9327,2.6046
0.45645,-0.0070612,-0.05649,-0.10777,9.6704,1.5957
0.31429,-0.023582,0.083535,-0.041912,9.2172,2.3531
0.38184,0.042767,0.14176,0.5772,10.639,1.4753
0.31682,0.068081,0.14455,1.0293,11.138,1.3328
0.35985,0.10086,0.13936,0.10957,12.097,1.0538
0.25567,0.15122,0.057156,0.74904,11.695,0.62749
0.36012,0.017853,0.053425,-0.56702,10.54,0.9107
0.20358,0.0067947,0.051427,-0.59635,10.198,1.0298
0.23715,-0.022916,0.096858,1.2185,10.556,0.055684
0.23275,0.014522,0.05116,1.7154,11.377,0.52271
0.18426,0.098191,0.084468,0.31973,10.627,2.7189
0.17093,0.06928,0.073276,1.7184,9.2028,2.0902
0.24275,0.026779,0.1339,1.1077,8.9214,2.4926
0.17213,0.043433,0.1235,0.88136,10.133,1.8555
0.18599,-0.0429,0.11937,1.1334,10.24,0.98494
0.16934,-0.021983,0.11711,1.0358,10.961,0.68078
0.043833,-0.0055957,0.071012,2.6495,10.912,-0.48918
-0.01239,-0.037704,0.11764,1.7406,9.5596,-0.4772
0.028911,-0.057955,0.15348,1.3041,10.836,0.7646
-0.044099,0.093527,0.060353,0.78616,9.6453,1.1358
-0.047297,0.10219,0.10165,-0.39637,9.8782,0.77059
-0.049295,0.028511,0.017586,0.47002,10.197,2.877
-0.099523,-0.013989,-0.028112,0.98794,10.555,3.1159
-0.017453,-0.0070612,-0.019052,1.2801,11.591,1.916
-0.032508,-0.031975,0.050228,1.4747,11.705,1.2472
-0.087665,-0.050894,0.10392,1.8184,10.253,1.4819
-0.090197,0.075408,0.06435,0.69096,9.6075,0.69575
-0.13136,0.083935,0.020384,1.1215,10.698,1.5987
-0.13749,0.061685,0.055957,1.4041,10.984,1.4095
-0.06435,0.061419,0.031442,0.71371,10.831,1.4981
-0.22116,-0.0071944,0.013323,0.7167,10.557,0.17184
-0.28165,-0.024914,0.051693,0.061073,10.833,0.58618
-0.2562,0.022782,0.084601,0.70293,10.224,1.0269
-0.20198,-0.02598,0.088731,0.39817,11.949,-0.11676
-0.22609,0.049562,0.0077273,2.0801,11.073,-0.57839
-0.2161,-0.031309,0.088731,1.7753,10.652,-0.64785
-0.23568,0.030243,0.070479,0.9562,10.151,0.72209
-0.30909,-0.006928,0.084068,0.25866,10.44,1.3681
-0.31216,0.06848,0.046497,-1.5406,10.507,-0.1443
-0.26539,0.0854,0.00039969,-0.26704,9.6938,0.55863
-0.24834,0.01239,-0.052892,-0.46523,10.725,-0.46044
-0.29311,0.025047,-0.025047,0.39458,10.036,0.40535
-0.36252,0.025847,0.11684,-0.67599,9.4351,1.0239
-0.34427,0.068747,0.092728,0.67898,10.211,-0.40475
-0.37931,0.0030643,0.16401,0.13472,9.9015,1.4574
-0.42261,0.049029,0.11764,0.75203,9.8303,1.3214
-0.44219,0.029044,0.071678,0.17184,8.9328,0.33171
-0.32202,0.050361,0.024914,0.35506,9.1669,2.7129
-0.31829,0.091396,0.052093,1.4047,10.17,3.5494
-0.36025,0.16227,0.044366,1.1376,10.003,2.8237
-0.35,0.04663,-0.035173,1.1753,10.104,2.016
-0.41261,0.010525,0.018119,1.9172,9.3902,2.5842
-0.50308,0.099123,0.12284,0.96878,8.549,2.8213
-0.55983,0.033574,0.081803,1.1981,8.7567,0.30057
-0.65642,0.024381,0.044499,1.7735,9.0938,0.31434
-0.61246,0.020784,0.068613,2.1112,9.3543,-0.044307
-0.55517,0.072744,-0.082203,1.8687,10.663,0.46583
-0.59194,0.069813,-0.041435,3.4326,10.178,2.022
-0.62285,-0.081803,-0.10339,1.0388,11.261,0.80532
-0.58794,0.027712,-0.18732,0.19459,11.928,1.0945
-0.63218,-0.053159,-0.041967,0.72269,11.17,2.1327
-0.69852,-0.0054624,-0.010792,0.34069,10.31,-0.26525
-0.71158,0.03917,0.0031975,0.94782,10.379,2.1555
-0.67468,0.050361,-0.0010658,-0.21615,9.9925,0.58857
-0.72797,0.10499,0.03837,0.23711,9.8638,1.3867
-0.67961,-0.024914,0.045032,1.1933,10.553,1.6855
-0.68254,0.028378,0.078339,0.20178,10.973,2.2699
-0.65869,0.061153,0.070612,0.19878,9.5543,2.9087
-0.67947,0.11338,0.037837,-1.1011,8.9651,1.5621
-0.66735,0.044499,0.066881,-0.83286,10.513,3.0482
-0.73157,-0.0015988,0.074742,0.18801,9.9255,2.9003
-0.69999,-0.028511,0.048229,1.4909,9.6459,3.0417
-0.72704,-0.030376,0.057156,2.0723,11.03,2.0531
-0.84748,0.052892,0.092195,1.6358,11.123,2.4561
-0.77726,0.039569,0.079938,0.66581,11.594,3.056
-0.79911,-0.0094593,0.016121,-0.36703,10.418,3.2315
-0.87306,0.0070612,0.020784,0.77778,11.489,3.532
-0.82416,-0.023049,0.033041,1.0945,10.388,2.4992
-0.8219,-0.0042634,0.11871,0.42092,10.256,1.2101
-0.82643,0.058888,0.09486,0.39218,9.4267,2.2615
-0.88278,-0.011058,0.14002,0.59755,9.7758,2.0872
-0.8568,-0.049828,0.0037304,0.087417,9.5992,2.777
-0.94873,0.022383,-0.011325,-0.10119,10.043,3.5931
-0.99017,-0.00053292,-0.022916,0.046104,9.0962,2.574
-0.87092,0.025314,0.033974,-0.061073,8.5268,1.8944
-0.93074,0.095393,0.025314,1.4933,8.4478,2.1663
-0.89038,0.065416,-0.0058621,1.2915,8.4861,2.4764
-0.91502,-0.025713,0.07341,1.4675,8.446,3.177
-0.98284,-0.10738,0.10738,2.7297,8.6477,3.4769
-0.99736,-0.091929,0.029577,1.443,7.8957,4.7092
-1.0128,-0.031176,0.054758,0.89812,8.0454,4.4541
-1.0525,-0.063284,0.046764,-0.21675,7.1383,5.2241
-0.95433,-0.070212,0.043433,0.66581,7.0838,4.6846
-1.0523,-0.028511,-0.014256,0.36464,8.6232,3.6973
-1.1159,0.010525,-0.031975,-0.12274,8.1125,4.8553
-1.0749,0.10032,-0.030243,0.88795,8.6262,4.326
-1.0523,0.051693,-0.071278,-0.27602,8.434,3.4644
-1.0034,0.025713,0.026646,-1.7849,9.5453,4.6439
-1.194,0.0077273,0.030376,0.83047,7.5323,5.4217
-1.1588,-0.10805,0.073543,1.7813,8.4454,5.7193
-1.1207,-0.057156,0.049029,1.8088,9.9842,5.0187
-1.1628,-0.059421,0.12231,-0.12634,10.231,5.284
-1.1916,-0.027046,0.045565,0.034728,10.152,4.8373
-1.1399,0.033707,0.060753,2.1741,9.2423,5.3774
-1.1199,0.026646,0.12124,2.0723,11.723,5.2876
-1.1197,-0.077806,-0.024914,0.91908,10.177,6.1516
-1.2362,-0.10685,0.098457,0.39098,10.286,5.9198
-1.1865,-0.18386,0.082469,0.29997,10.822,5.6726
-1.1806,-0.11325,-0.014789,0.30297,9.5525,6.0947
-1.1122,-0.13203,0.054091,-0.27542,9.0974,5.2109
-1.1278,-0.087132,0.049961,1.831,8.5466,5.639
-1.248,-0.088598,0.0041301,2.1034,7.7011,5.172
-1.2067,-0.083535,0.024781,1.737,8.6052,5.4486
-1.2373,0.013723,0.081936,2.4172,8.3448,6.9275
-1.2474,0.088465,-0.0023981,0.84484,6.8802,7.0413
-1.254,0.14122,0.027445,0.79574,7.4053,6.6132
-1.2813,0.17893,-0.037837,0.9113,8.6849,7.1599
-1.295,0.044366,0.10232,-0.099991,8.1364,7.3497
-1.3332,0.016254,0.08127,0.84124,8.337,6.9108
-1.4116,0.1251,0.044232,0.68258,7.9771,6.13
-1.316,0.081137,0.039036,1.7154,6.2953,8.1484
-1.4134,-0.048362,0.00026646,1.7795,6.5671,7.9029
-1.2917,-0.028112,0.050494,0.84903,6.897,9.0232
-1.3344,-0.056223,0.067015,1.9298,5.9911,8.3412
-1.362,0.053292,0.075008,2.2154,5.1732,8.9693
-1.3741,0.10952,0.14082,2.1711,6.8102,8.8878
-1.3508,0.086866,0.016521,2.1645,7.288,8.3813
-1.3573,-0.018785,-0.023582,1.2083,6.5683,7.0102
-1.4376,0.035306,0.015455,-0.16466,5.4624,6.9653
-1.5261,0.065549,-0.064217,0.78795,6.9677,7.3389
-1.4603,0.010259,0.0038637,1.4663,7.6424,8.5909
-1.4356,-0.029177,-0.016387,1.8406,6.6653,9.1711
-1.3395,0.023448,-0.043033,0.50714,6.5018,9.0579
-1.3909,-0.051826,0.053692,0.1461,6.8701,8.7262
-1.382,-0.10445,-0.01279,1.0927,6.4012,9.0705
-1.3761,-0.10072,-0.11471,1.4765,6.3671,8.4328
-1.4727,-0.054091,-0.031576,1.7909,7.6939,9.3752
-1.4098,-0.0083935,0.009859,0.56043,6.8473,8.601
-1.4281,-0.094993,-0.015854,1.3214,7.291,7.5844
-1.4859,-0.05609,-0.049428,1.3484,7.2143,8.1304
-1.4738,-0.080737,0.057555,1.6124,5.8013,7.4658
-1.487,-0.01279,-0.075808,-0.75682,6.5916,8.5316
-1.3589,-0.00093261,-0.097391,-0.71072,5.4983,9.8423
-1.4312,0.0094593,-0.172,1.252,5.6516,8.4663
-1.412,0.059554,-0.07714,1.8675,5.3546,7.5939
-1.3779,0.036638,-0.058088,-0.038919,4.8798,8.2586
-1.3556,-0.031576,-0.020251,-0.21435,5.7211,8.8837
-1.4947,0.0099922,-0.024381,-1.5514,5.6091,10.031
-1.5103,0.087799,-0.010525,-0.25327,4.9295,10.081
-1.6001,0.0093261,-0.049029,0.21735,5.3762,10.193
-1.5479,-0.07301,0.035572,-0.12873,5.3097,9.2884
-1.4754,-0.052493,0.0099922,-0.3335,5.3391,9.4944
-1.4645,0.09446,0.053292,-0.50295,4.5876,10.472
-1.5365,0.045431,-0.039703,-1.2131,2.7806,10.697
-1.435,-0.031043,0.019185,-1.3208,3.538,10.144
-1.4962,-0.048362,-0.014256,0.06227,4.4331,9.7782
-1.4322,-0.067281,0.081537,0.56522,3.6188,11.784
-1.4868,-0.068214,-0.0090596,1.525,2.8794,11.124
-1.4487,-0.022116,-0.080071,1.5795,2.9423,10.112
-1.4418,0.025314,-0.074875,0.99452,3.4141,9.7273
-1.3155,-0.048895,-0.085267,0.64545,3.3428,10.06
-1.4221,-0.072211,-0.014389,-0.40535,2.7171,11.139
-1.5002,0.044099,0.0066615,-0.31913,3.8368,10.44
-1.4537,0.04743,0.038237,0.045505,2.1148,10.43
-1.5156,0.022516,-0.035039,0.088016,1.0634,11.65
-1.538,-0.023981,-0.032641,-1.0574,3.5793,11.793
-1.5504,-0.020917,-0.0035972,-0.7658,2.9812,10.672
-1.5528,0.0089264,0.012524,-0.93285,3.2518,9.7219
-1.5192,0.032775,0.0013323,0.18621,1.7118,11
-1.4832,-0.057422,0.046231,0.35925,1.4681,10.577
-1.5648,0.045698,-0.04703,0.12215,2.7327,10.355
-1.5122,-0.0071944,-0.086333,-0.39997,1.8501,9.2746
-1.582,0.071944,0.013323,-0.68377,1.0748,7.7586
-1.5878,0.065416,-0.069013,-1.7454,1.0239,8.3112
-1.7275,0.019718,-0.10112,0.50295,-0.85921,10.396
-1.6163,-0.00066615,-0.024648,-0.16945,0.54905,10.005
-1.5285,-0.039036,-0.0027978,-1.6603,-0.02395,9.486
-1.5272,-0.096325,-0.0031975,-0.81131,-0.60953,9.6117
-1.5248,-0.10832,0.079405,0.35266,-0.67898,10.502
-1.5328,-0.012124,0.010658,-0.21375,-0.59755,9.8099
-1.4875,0.066482,0.032908,0.030536,-0.93704,8.1406
-1.4875,0.024781,0.19385,0.46523,-2.2142,8.6184
-1.4891,-0.0094593,0.032242,0.64426,-1.9759,10.264
-1.5042,0.01732,0.043699,1.5053,-1.3867,11.267
-1.5901,0.050894,0.061286,-0.073048,-1.8543,11.592
-1.5167,-0.037038,-0.0047963,1.2436,-1.8932,11.212
-1.5948,0.011325,0.016654,2.0621,-1.8022,10.787
-1.5781,0.02971,-0.02145,1.7927,-1.4196,9.5824
-1.6125,0.017986,-0.0015988,0.49038,-1.3885,10.421
-1.5429,0.010392,0.035839,-0.35925,-1.9352,9.6051
-1.587,-0.0062618,-0.030776,-0.22633,-2.7656,10.127
-1.5677,-0.0099922,0.075275,-0.15328,-3.2668,8.9363
-1.5195,0.046897,-0.053292,0.44667,-2.3315,9.3165
-1.4646,0.037171,-0.0066615,1.237,-2.6111,10.579
-1.5155,0.069946,-0.05196,1.7022,-1.9956,9.8908
-1.5084,0.054491,0.043699,1.9489,-1.8124,10.123
-1.5328,-0.045431,0.03917,1.2514,-1.4927,9.8872
-1.5758,0.016654,0.021583,0.85142,-1.6699,9.4237
-1.493,-0.018119,0.029044,0.85142,-2.4842,9.6345
-1.4697,-0.070079,-0.0022649,1.0448,-2.7177,9.1669
-1.4354,-0.040502,-0.053159,0.061073,-2.695,9.7626
-1.4883,0.02518,0,0.85981,-3.053,9.0166
-1.4314,-0.051294,-0.011458,0.69575,-4.0517,8.5112
-1.5179,0.0045298,0.0011991,-0.75443,-4.2026,8.5663
-1.4578,-0.0074609,0.013456,-0.53947,-2.5201,9.6345
-1.4479,-0.016787,-0.063817,0.069455,-3.529,9.762
-1.5375,-0.043699,0.041301,0.64665,-4.6128,10.133
-1.4517,-0.046364,-0.012923,1.1251,-4.2481,11.202
-1.3673,0.032108,-0.077273,1.0718,-4.5547,9.7602
-1.3407,0.00093261,-0.035972,1.3915,-3.2554,8.9064
-1.3831,-0.0023981,-0.043566,1.1783,-3.3775,9.4782
-1.3944,-0.061552,0.035972,0.53049,-3.6308,8.9106
-1.4233,-0.07301,0.090063,1.3747,-4.6846,9.1878
-1.4737,-0.050361,0.022516,0.99692,-4.0032,9.4531
-1.4686,-0.0073276,0.070479,0.75802,-5.1169,9.5662
-1.4226,0.00079938,0.043833,-0.32392,-4.1691,8.8615
-1.4173,-0.02105,-0.045298,0.71491,-6.3785,10.052
-1.2995,-0.012657,-0.03877,0.093405,-4.6948,9.0609
-1.33,0.040235,-0.07714,0.93824,-5.5618,7.4029
-1.3271,0.015588,0.062352,-0.27722,-5.73,7.1952
-1.3569,0.075541,0.0083935,0.30836,-5.8121,8.1693
-1.3667,0.0057289,-0.03917,0.11197,-5.5229,9.0932
-1.4194,-0.067281,-0.012657,0.21136,-5.442,8.1508
-1.3262,-0.022116,-0.0093261,-0.7179,-4.4188,9.1734
-1.3768,-0.018119,0.040369,-0.59037,-5.3361,8.44
-1.3749,-0.010125,0.017986,0.72928,-5.5546,7.5293
-1.3917,0.0035972,-0.078073,2.3842,-5.4576,8.2394
-1.2738,0.084734,0.08167,1.9837,-5.7085,7.4706
-1.2518,0.00079938,0.14642,-0.21076,-6.2851,6.3426
-1.2973,0.0087932,0.14442,-0.20358,-5.921,4.4056
-1.2874,0.067947,0.00039969,0.49337,-7.0024,6.2935
-1.2749,-0.0047963,-0.023315,-0.035925,-7.1413,6.9736
-1.3022,0.0091929,0.00026646,1.7819,-6.5988,6.1019
-1.3319,0.044899,-0.088864,1.1113,-6.7,5.454
-1.2576,-0.013723,-0.089664,1.7591,-6.33,4.3044
-1.2284,0.013589,-0.052892,1.3412,-7.1066,4.6535
-1.2213,0.00053292,0.0021317,0.90651,-7.7957,5.0786
-1.167,0.010658,0.021716,2.1226,-7.4508,6.3755
-1.2337,0.054491,0.061019,0.33949,-7.5413,6.1294
-1.1973,0.13496,0.078606,0.023351,-8.5478,7.7209
-1.1636,-0.0031975,0.0039969,-1.0041,-8.0406,6.3456
-1.1057,0.010658,-0.061819,-0.049696,-7.8233,5.1696
-1.1277,0.0047963,-0.049428,0.55025,-8.9124,5.2229
-1.1666,-0.010525,0.059421,0.91729,-9.9165,5.6121
-1.1318,-0.025713,0.022249,1.4921,-9.2178,5.6414
-1.1767,-0.05649,0.074076,-0.032931,-7.2167,5.6911
-1.2755,-0.029044,-0.027046,1.2777,-7.2143,5.8312
-1.1853,0.020251,0.048629,-0.59935,-6.0126,6.054
-1.178,0.011458,0.070878,0.29818,-7.7275,5.3169
-1.1572,0.14162,0.11538,-1.1179,-7.8442,4.3355
-1.1406,-0.0074609,0.082603,0.26944,-8.8579,4.7229
-1.1082,0.008127,0.10885,0.51792,-7.1449,5.6294
-1.0706,0.074875,0.05116,1.4047,-8.6436,6.8719
-1.1271,-0.015055,-0.02558,1.4089,-8.3244,5.6283
-1.1125,-0.079405,0.040768,1.8765,-7.8993,4.0535
-1.1247,-0.024648,0.12843,0.71371,-8.919,2.962
-1.0773,-0.034507,0.033307,-0.68737,-7.7658,3.1081
-1.1129,-0.053425,0.0038637,-1.7202,-8.5867,2.6357
-1.1153,-0.071811,-0.025447,0.93465,-9.5968,3.1889
-1.0905,-0.012257,-0.021184,1.4753,-8.9363,2.5728
-1.0455,-0.074609,0.061153,1.5585,-8.9447,3.5368
-1.0614,-0.028245,-0.016787,1.3729,-8.7376,4.9852
-1.0152,-0.097258,-0.0015988,0.10777,-9.0537,5.3115
-1.0128,-0.03384,-0.022116,0.36524,-8.0538,4.6265
-0.9474,-0.04783,-0.036372,0.19998,-8.2592,4.4146
-0.90303,0.034373,-0.026779,0.63467,-8.0771,3.7398
-0.84548,0.014922,-0.020917,0.083226,-9.5339,2.7231
-0.95952,0.057289,-0.0087932,2.0932,-8.2406,2.0286
-0.98697,-0.0037304,-0.039303,0.2874,-8.9812,2.1399
-0.83815,0.028911,-0.045032,0.92926,-7.9466,2.8051
-0.89024,0.12377,-0.008127,1.149,-9.1902,1.5795
-0.86666,-0.022916,0.049562,0.5275,-8.9603,1.9238
-0.82016,-0.019052,0.084734,2.8393,-10.886,2.6088
-0.82549,-0.0065283,0.096592,1.267,-10.418,3.0177
-0.90024,-0.041168,0.073809,0.71251,-9.083,3.335
-0.85707,0.079139,0.053958,2.2405,-8.8543,4.6822
-0.85387,0.052626,-0.041701,2.6088,-8.0041,3.1913
-0.71758,0.12231,0.054225,0.30177,-8.161,3.3051
-0.65549,0.023981,0.038903,1.1855,-9.6339,1.6124
-0.68653,0.003464,0.022116,1.0963,-8.9429,2.6746
-0.74542,-0.021716,-0.0039969,1.1113,-9.0597,2.1022
-0.72117,-0.11458,0.0086599,0.29518,-7.6574,2.7279
-0.6876,-0.0858,0.050761,-0.69994,-7.9927,4.5164
-0.75768,-0.053692,0.12577,-1.2484,-7.8053,2.6459
-0.67481,-0.001732,0.13789,-1.3843,-8.1029,2.016
-0.67734,-0.075808,0.089264,-0.99333,-9.0321,3.4075
-0.73729,-0.010792,0.062085,-1.2658,-8.4933,3.7805
-0.74356,0.037704,0.032641,0.30716,-8.1616,3.0997
-0.62019,0.039303,0.048895,0.51313,-7.9807,2.0316
-0.61179,0.029444,0.013723,0.59695,-8.7567,1.2568
-0.54078,0.037971,0.021184,-0.49816,-10.065,0.59097
-0.58714,0.075275,0.0050627,0.48259,-9.1543,0.45864
-0.56423,0.027712,-0.023315,-1.5603,-9.5704,1.1819
-0.66908,0.028378,-0.033441,-1.1556,-8.4286,1.4813
-0.58608,0.086067,0.046098,0.11556,-9.2716,2.6908
-0.63564,-0.01319,0.070079,1.7364,-8.1424,2.0238
-0.61339,0.049029,0.039703,0.7185,-7.2832,2.0573
-0.53332,0.056889,0.075808,1.1939,-9.0657,1.1167
-0.4358,0.14136,0.053558,2.5112,-8.7184,1.2927
-0.44832,0.10219,0.054891,0.92267,-8.2059,0.18262
-0.45138,0.090197,0.075808,0.079634,-8.4573,1.1502
-0.38517,0.032508,0.022249,1.998,-9.601,-0.079634
-0.38197,0.1315,-0.0075941,1.2352,-10.468,0.54965
-0.40315,0.041168,0.068613,1.6196,-8.9795,1.5208
-0.40968,0.0013323,0.049562,1.1927,-8.8076,1.434
-0.42407,0.0090596,0.056223,1.3394,-10.331,1.6226
-0.37145,0.010125,0.086866,1.3801,-10.66,0.82687
-0.38464,-0.033974,0.026513,1.1831,-9.1872,-1.2741
-0.34893,-0.0050627,-0.00013323,-1.4274,-9.7447,-0.67958
-0.24727,-0.014922,0.020384,-0.97955,-8.7525,0.385
-0.30936,0.099656,0.0042634,-0.67958,-8.2484,-0.70832
-0.32108,0.045964,-0.044899,-0.87717,-9.3968,-0.69395
-0.27365,0.026646,0.031842,-0.87896,-8.4915,1.2262
-0.25167,0.082469,0.0095926,-0.75203,-8.3071,0.81011
-0.22249,0.046897,0.073943,-1.152,-9.9812,0.73766
-0.13576,0.083002,-0.0061286,-0.37302,-9.4345,-0.58857
-0.2121,0.065283,0.00039969,-0.6712,-8.7495,-0.086819
-0.2085,-0.031709,0.023981,-0.7664,-8.2855,0.92327
-0.22436,-0.010125,0.00039969,-1.4735,-9.1956,-0.6239
-0.2201,-0.0030643,0.067015,0.053887,-8.5046,-0.50055
-0.20424,0.032775,0.012257,-1.2161,-9.9782,-0.27243
-0.063284,0.14056,-0.08167,0.15747,-10.355,0.35147
-0.12364,0.093661,0.025847,0.20956,-9.7524,1.3592
-0.09939,0.10192,-0.089797,0.74305,-9.6548,2.2064
-0.14842,0.041435,-0.063284,-0.044906,-9.8315,1.6382
-0.15042,-0.027179,-0.053692,0.59456,-8.8058,2.1878
-0.044099,-0.010125,-0.006928,1.2053,-8.4579,0.80592
-0.082603,0.021983,-0.0022649,0.92746,-9.3333,0.32991
-0.051427,0.036505,0.04783,0.69515,-9.783,-0.55265
-0.06022,-0.019851,0.040369,0.51912,-8.6058,1.6466
0.037571,-0.020651,0.0049295,0.28261,-8.5346,-0.50235
-0.050094,0.10952,0.044765,0.38679,-9.3148,0.27542
0.019052,0.10965,0.017853,0.062869,-10.272,-0.00958
0.010525,0.10605,0.028378,-1.128,-9.6722,0.48379
0.074342,0.012657,0.042101,0.40236,-9.8734,-0.82328
0.0095926,0.021184,0.010125,-0.16466,-10.472,-1.6442
0.14309,-0.052626,0.14482,0.025147,-9.9961,-0.44667
0.11738,-0.0099922,0.042367,-0.0029937,-9.6417,1.4699
0.22716,0.027845,0.029977,0.67599,-9.4411,1.24
0.16401,0.098857,0.035972,1.6202,-9.877,1.3137
0.11484,0.053958,0.097125,-0.72569,-9.4603,0.1898
0.16427,0.089131,0.049029,0.026944,-9.3854,0.58318
0.14709,0.009859,0.095126,-0.18441,-9.4267,-0.027543
0.20051,-0.044366,0.00013323,-0.96998,-9.3118,-0.33171
0.24688,0.063284,0.11005,-0.59695,-9.5507,-0.66401
0.26126,0.073676,0.089664,-0.27423,-8.3544,-0.35147
0.27845,0.098457,0.059287,1.7238,-8.4687,0.71311
0.27405,0.086067,-0.021583,-0.11376,-9.5141,2.3429
0.24847,-0.0065283,-0.060353,1.6298,-8.1502,1.6298
0.255,0.049295,-0.041834,0.96578,-10.21,0.94722
0.36851,0.038637,-0.11325,1.24,-10.176,-0.3371
0.25007,0.059021,-0.040235,0.45265,-9.0812,0.80053
0.25247,0.053292,-0.050894,-0.46822,-7.8592,1.1969
0.33268,-0.0029311,0.062485,0.46224,-9.0932,0.22513
0.39516,0.051027,0.13776,0.98375,-7.5442,1.1179
0.36665,0.014256,0.059554,1.3149,-7.2042,1.9597
0.41368,0.028378,0.068613,0.63946,-7.5562,0.92447
0.40968,-0.014522,0.033974,1.2831,-8.6004,0.83466
0.47483,-0.03011,-0.03051,0.64186,-8.9411,2.025
0.48709,-0.12617,0.039036,1.5035,-7.6436,1.2466
0.45725,-0.011724,-0.018386,0.96638,-7.3856,1.5442
0.35039,-0.009859,-0.096858,0.44846,-8.0706,0.90112
0.45578,0.038503,-0.0049295,-0.89932,-8.5717,0.92567
0.58981,0.0014655,-0.019318,1.4903,-7.6754,-0.54666
0.6022,-0.01772,-0.0054624,1.4496,-8.0017,-0.54726
0.55464,-0.023582,-0.06395,0.5766,-8.6112,0.26944
0.64883,-0.033574,0.0042634,0.60594,-8.7849,0.13053
0.62019,0.01319,-0.0021317,0.17843,-8.5945,-0.76161
0.69906,0.035572,-0.00079938,-0.2377,-9.4052,0.73227
0.66282,0.044899,-0.010525,-0.65324,-9.6231,0.74844
0.67854,0.12057,0.045831,-1.3059,-10.036,1.6663
0.74396,0.13896,0.1263,0.51792,-9.3561,0.80592
0.73543,0.094327,-0.0070612,1.0921,-9.377,-0.60115
0.8219,0.069813,0.049562,0.5772,-8.9866,1.7238
0.69559,0.070745,0.035839,0.12334,-9.9961,1.3981
0.64044,0.080204,0.040902,1.0185,-10.164,1.5621
0.73343,0.10472,0.083002,-0.78616,-8.9375,1.1795
0.70226,0.16521,0.059687,-2.4363,-8.8292,1.1736
0.71997,0.1227,0.045431,-1.7256,-7.8885,2.6279
0.78526,0.11458,0.10765,-1.4113,-7.6945,3.2141
0.79592,0.072477,0.06395,0.51193,-8.4543,2.0717
0.78646,-0.047297,0.044499,-0.19579,-8.3496,2.5255
0.81483,0.0075941,0.15242,-1.2849,-8.7657,2.0292
0.76274,-0.06928,0.050094,-1.6256,-9.1513,1.9495
0.79019,-0.025047,0.03464,-1.052,-9.871,1.8022
0.88252,0.10991,0.097125,0.2377,-8.9573,1.7274
0.88185,0.13829,0.1291,-1.7358,-8.4388,3.4877
1.0096,0.031043,0.06475,-1.0981,-8.8561,2.9015
1.0027,0.018386,-0.0073276,-1.0155,-9.0447,3.3596
1.0356,0.026246,0.071278,0.59815,-8.8364,3.2332
0.98044,-0.010392,0.079538,2.0579,-8.2322,3.5871
0.88065,0.019318,0.092062,1.6585,-9.5483,3.332
0.87212,0.0433,0.051826,1.5741,-9.4022,2.8746
0.97951,0.023448,0.12097,0.45385,-8.7034,2.877
0.92142,0.010925,0.049295,-0.34069,-8.3011,4.6924
0.99163,0.057822,0.079005,-0.08622,-7.9065,4.0949
1.0184,0.087665,0.059287,0.70712,-8.1346,3.2033
0.94806,0.075941,0.019851,2.2669,-8.6525,3.1303
1.0397,0.050627,0.10752,1.5346,-9.1675,4.7439
0.96978,0.098723,0.11231,0.16825,-7.9227,3.2063
1.0086,0.065283,0.15268,-0.50594,-7.7329,3.3769
0.99017,0.055557,0.13669,-0.96279,-7.4089,2.9369
1.0292,0.089664,0.15761,0.22573,-6.9293,2.2244
1.0388,0.10179,0.14202,0.57899,-7.6221,3.62
0.99003,0.11951,0.090863,0.59935,-8.3017,4.3547
1.0966,0.072211,0.045565,0.88076,-8.1664,4.8786
1.1536,0.14709,0.087266,0.58857,-7.7855,5.2445
1.1594,0.10525,0.10179,0.090411,-9.474,4.4595
1.1271,0.067947,0.12244,0.56582,-8.1208,4.7445
1.0383,0.05569,0.018919,0.9574,-9.5435,3.4757
1.0493,0.014256,-0.0026646,-0.17963,-8.9705,2.4148
1.1139,0.017453,0.10525,-1.6585,-8.7579,3.4566
1.1415,0.073543,0.10512,-1.1352,-9.9087,5.3474
1.1654,0.11111,0.095526,-1.2759,-9.3435,4.0745
1.184,0.011591,0.087532,-1.1041,-8.2759,4.1936
1.2589,0.022116,0.14722,0.37841,-7.4071,5.9839
1.2762,-0.027579,0.17107,-0.16346,-8.4226,7.2341
1.1704,-0.096059,0.15175,0.025746,-9.1543,7.5502
1.1971,0.044232,0.10752,2.4148,-7.3964,7.0048
1.1094,0.090197,0.066082,1.4855,-7.5005,6.0001
1.2926,0.078206,0.045964,0.17783,-8.0729,6.3402
1.3467,0.15641,0.0095926,0.44128,-8.0083,5.5887
1.3805,0.10752,-0.052892,-0.6694,-8.2029,6.6695
1.3387,0.10672,0.067947,-0.70293,-7.5922,6.4659
1.3412,0.10432,0.089664,-0.55684,-6.8964,5.5402
1.3078,0.063551,0.023315,-0.01916,-8.4298,5.9516
1.3737,-0.0070612,0.031842,1.1304,-9.3453,6.7868
1.3204,0.045964,0.14322,0.95501,-8.2137,7.8412
1.2557,0.064084,0.11298,0.56582,-7.8796,6.1037
1.3424,-0.0041301,0.24474,0.65563,-6.3384,5.7241
1.4276,-0.014256,0.17653,-0.35925,-6.7647,6.503
1.4276,0.049562,0.16294,0.37422,-6.9563,7.2305
1.2538,-0.0085267,0.1776,-0.085621,-7.6329,7.288
1.3584,-0.018919,0.166,0.58678,-5.9887,6.8467
1.4903,0.038503,0.12057,0.25327,-5.3876,9.8327
1.3312,0.062085,0.1227,-0.37182,-6.1324,7.1569
1.4403,0.030643,-0.01732,-1.1975,-6.527,8.5663
1.4803,0.040369,0.013723,-0.24908,-5.8294,7.7957
1.3965,0.078872,0.091662,0.48199,-6.8742,6.7533
1.3843,-0.0010658,0.059421,0.067659,-6.7784,6.7934
1.2838,0.055557,0.03424,-0.84244,-6.7623,8.1071
1.4844,0.054358,-0.03837,-0.99632,-6.3462,8.6669
1.4088,0.023182,0.039836,0.44846,-4.0901,6.6982
1.4273,0.03011,0.050627,-0.072449,-5.8061,7.9867
1.4114,0.039569,0.13869,0.45565,-6.8509,8.3597
1.4626,0.036771,0.090197,0.42631,-4.7487,9.0782
1.4639,0.019185,0.089797,1.258,-5.0666,9.9566
1.3981,0.058222,-0.033041,0.51433,-4.6355,7.2443
1.4305,0.10072,-0.019585,0.5245,-5.6815,8.8435
1.4537,0.0433,0.043833,1.8926,-5.842,8.0694
1.4539,0.089397,0.0086599,1.7897,-5.2193,7.6742
1.4942,0.0037304,0.057156,2.892,-5.2804,7.4802
1.4626,0.011857,0.083402,1.8879,-3.7194,8.2735
1.4212,0.053692,0.051826,1.7238,-3.6362,8.2945
1.4551,0.0079938,0.084201,2.0447,-4.2912,8.8495
1.4482,0.090063,0.16108,2.0334,-4.766,8.3382
1.4256,0.033307,0.14016,0.56163,-4.6894,9.9087
1.5119,-0.011325,0.094327,-1.0646,-3.7835,9.668
1.5008,0.088465,0.036505,0.22453,-3.2572,8.5609
1.5548,0.11218,0.091662,-0.20118,-2.8315,9.092
1.5289,0.1319,0.036239,1.8244,-4.0242,9.0309
1.5599,0.28804,0.031043,1.5963,-4.0158,10.034
1.5896,0.090596,0.020784,1.646,-2.7087,9.1734
1.5866,0.11751,0.072344,1.6927,-4.0679,10.101
1.5015,0.098857,-0.0026646,2.0615,-3.1183,10.173
1.5103,0.13883,0.043833,1.0556,-3.7667,11.315
1.4882,0.18079,0.10245,0.80352,-2.5495,10.379
1.5487,0.19372,0.064617,0.9598,-2.7584,11.135
1.5383,0.14216,0.0077273,1.5645,-1.2191,10.237
1.5345,0.044232,0.074609,1.4789,-1.8657,10.744
1.578,0.0031975,-0.022383,0.63467,-1.4825,9.3034
1.6263,0.057689,-0.012923,1.3508,-2.5752,9.1872
1.5609,0.11031,0.066349,1.2376,-2.5866,9.6177
1.5641,0.18745,0.048895,0.16106,-1.8286,10.252
1.6053,0.014122,0.063284,0.41074,-3.6374,9.5028
1.5986,-0.023448,0.11991,-0.34069,-2.5142,9.395
1.6872,0.028511,0.097658,-0.44487,-2.4201,8.8447
1.6294,0.11151,0.095659,0.55744,-2.104,11.55
1.6337,0.038903,0.070345,-0.86519,-1.3214,10.221
1.5564,0.10325,0.15122,-1.2717,0.40775,10.093
1.5457,0.065016,0.1664,0.85142,-1.0203,8.6921
1.5944,0.15748,0.072477,1.0849,-0.99213,8.6603
1.6354,0.13363,0.040635,1.3592,-1.1053,9.4303
1.6358,0.093128,0.063684,1.8106,-0.96039,9.1968
1.7289,0.055957,0.061286,2.2375,-0.25926,10.008
1.6381,0.11298,0.19492,1.7478,0.56043,10.998
1.588,0.13909,0.16947,1.8519,0.5287,10.334
1.6482,0.11804,0.08207,0.64306,-0.32153,11.203
1.5737,0.17666,-0.014256,0.49696,-0.39937,11.691
1.7083,0.088864,0.078206,0.29219,0.87298,12.359
1.6262,0.17906,0.096325,-0.05269,0.82747,11.804
1.6119,0.073143,0.12577,-0.082628,1.2209,11.081
1.6646,0.049295,0.050627,0.65084,1.9783,12.246
1.5841,0.13816,0.032508,0.49217,2.2094,11.824
1.6405,0.081404,0.093794,0.70353,0.71311,10.994
1.6664,0.063684,0.057555,0.36883,1.8777,10.335
1.5784,0.074609,0.064217,0.61911,1.4538,10.13
1.6214,0.031309,0.039969,1.413,2.192,9.877
1.6271,0.09073,0.12604,-0.29339,1.6831,9.4938
1.576,0.031442,0.10925,1.3035,2.2806,9.7806
1.5718,-0.021983,0.051027,1.5148,1.3921,10.467
1.5776,0.02638,0.066482,2.1872,3.1404,10.236
1.6078,0.06848,0.0089264,2.2483,1.8447,9.395
1.5593,0.074875,0.065816,0.54127,1.2484,9.2579
1.5784,0.080871,0.1263,0.57181,1.2879,10.014
1.5857,0.045032,0.11218,0.30955,2.2309,10.641
1.5368,0.066082,0.069946,-0.60893,3.453,10.924
1.5074,0.028245,0.1736,1.2945,3.4835,9.8267
1.5044,0.16108,0.1323,0.68916,3.8092,9.4561
1.5058,0.10525,0.060353,0.61132,3.0417,8.6855
1.598,0.044232,0.013323,1.3705,3.256,8.9579
1.5142,0.072077,0.063018,0.93884,4.0493,8.5729
1.5423,0.096459,0.081004,0.75323,5.8624,8.2508
1.5796,0.1239,-0.039036,1.1394,4.7146,9.5471
1.521,0.11218,0.020118,1.4382,3.3219,7.9807
1.5581,0.19518,0.11098,1.7388,3.0722,8.601
1.5304,0.11884,0.15535,1.7328,4.287,9.5339
1.4892,0.18306,0.22063,1.8459,5.4702,9.4902
1.4389,0.19412,0.20158,0.98854,6.236,9.5261
1.4451,0.17986,0.13216,-0.48918,6.5449,9.7303
1.5624,0.081404,0.11458,1.6891,6.1917,11.834
1.4682,0.055157,0.21264,0.74245,6.6916,10.017
1.461,0.067015,0.18612,1.9465,6.7096,10.012
1.4258,0.099256,0.098457,2.6064,6.4791,8.6154
1.5199,0.089264,-0.0097258,2.3501,6.8611,9.5746
1.4575,0.10978,0.006928,2.0831,5.6277,9.7752
1.4617,0.05116,0.08167,1.6178,5.2217,10.044
1.5082,0.080737,-0.039303,1.0604,5.7241,9.1363
1.5473,0.031576,-0.066615,0.56761,5.6229,8.5262
1.4522,0.023981,-0.047963,0.16765,5.4193,9.2369
1.4577,0.10738,0.041701,-0.037123,6.8814,9.2381
1.4822,0.10245,0.11298,1.6885,6.4042,10.055
1.4751,-0.003464,0.13496,-0.36644,7.1599,9.8387
1.5507,0.052226,0.12217,0.041912,5.6145,11.149
1.5705,0.037171,0.013456,0.10119,6.9233,10.78
1.5524,0.035306,0.12151,1.14,6.5186,8.3687
1.4064,0.11791,0.15268,1.1532,5.0511,6.9754
1.3863,0.15841,0.15082,0.21435,5.6516,7.0892
1.3824,0.050494,0.13216,1.4693,6.23,6.4707
1.351,0.11698,0.12723,2.3627,7.6329,6.8856
1.3348,-0.032641,0.12124,1.7621,7.8328,8.1442
1.4,0.016254,0.13536,1.3825,7.3491,8.7849
1.3166,0.078872,0.09406,1.3693,7.6454,7.6149
1.4017,0.0033307,0.11404,0.67778,7.4323,8.5244
1.4663,0.12177,0.17053,1.8076,7.6161,8.319
1.4146,0.11684,0.045698,-0.11855,8.4789,7.6281
1.4758,0.019585,0.036239,1.4316,8.8334,7.9951
1.4935,-0.020118,0.018652,0.55624,7.2293,8.5316
1.4241,0.0071944,-0.017053,0.015567,8.7346,7.4538
1.3507,0.11951,0.0099922,0.47122,9.2663,7.0922
1.3843,0.099256,0.019052,0.94722,8.7561,7.0293
1.3148,0.036105,0.036505,1.2053,7.8604,6.5318
1.2867,-0.010259,0.057422,1.5094,8.025,6.8772
1.3484,-0.011458,0.18439,0.093405,8.4466,7.0539
1.2584,-0.02185,0.19718,0.98075,7.4119,7.6694
1.2325,0.06888,0.1347,1.4508,7.7299,7.0209
1.2813,0.090063,0.086999,1.6058,8.2388,5.9228
1.1841,0.039836,0.11205,1.3448,8.9938,5.9426
1.2584,0.021184,0.0095926,1.2783,9.6572,5.8504
1.238,0.061153,-0.021184,0.34548,10.278,5.4313
1.2117,0.047563,-0.011591,0.50475,11.034,7.5652
1.2008,-0.00093261,0.054091,1.3089,9.4201,6.3162
1.1931,0.0022649,0.061286,-0.13173,8.44,5.918
1.1831,0.02185,0.070612,0.014969,9.8207,5.1924
1.1568,0.045431,0.02971,-0.6239,8.3867,5.2079
1.119,0.10832,0.006928,1.0843,8.2089,4.8792
1.1868,0.19518,-0.019185,1.2879,9.5626,5.0648
1.1744,0.17773,-0.053692,2.0453,8.2526,5.2427
1.1815,0.13909,0.064084,1.1053,9.4022,4.7984
1.179,0.16201,0.12204,1.3981,10.263,5.0606
1.1423,0.036905,0.13723,1.4879,9.0297,6.9928
1.1105,0.085933,0.066215,1.9465,9.9327,6.7102
1.1197,0.052226,0.079672,1.5059,8.3657,6.245
1.0722,0.078739,0.02971,1.5172,8.4627,4.6158
1.0946,-0.021317,0.027845,-0.14729,9.0405,5.0211
1.0237,0.09486,0.013057,1.2849,9.119,5.5558
1.0316,0.076607,0.02105,0.58498,9.7255,3.0884
1.0317,0.044366,-0.026513,0.18202,9.8476,3.7763
1.0956,0.053958,-0.0046631,-0.84244,10.52,5.8965
1.1247,0.11524,0.029044,-0.0011975,9.2657,4.1332
1.0511,0.11618,0.0047963,0.47122,9.1561,3.1333
0.98457,0.13376,0.099922,0.84603,10.567,4.4834
0.92182,0.15681,0.0021317,1.2867,10.645,2.883
0.9033,0.11831,-0.067015,0.79035,10.482,2.8231
0.91955,0.069946,0.07794,1.5909,10.212,3.4284
0.87625,0.10072,0.085267,0.85681,11.276,3.156
0.87172,0.065149,0.026779,-0.18501,12.204,3.156
0.91622,0.039836,0.042234,-0.00059875,10.214,3.2632
0.97138,0.086333,0.066748,-0.18322,10.265,2.8147
0.97245,0.10019,0.081803,0.40475,11.12,2.8938
0.88385,0.098191,0.079805,0.88196,10.919,2.0872
0.769,0.060886,0.061019,-0.035925,8.4579,0.87896
0.78379,0.0065283,0.085134,0.56223,8.6489,2.6632
0.80751,0.024514,0.015188,0.24489,9.0633,1.1807
0.8219,0.072477,-0.0021317,1.1718,9.3962,1.5388
0.76954,-0.065416,0.033041,0.41074,10.738,3.265
0.74569,-0.091529,0.061286,0.44667,12.067,1.1394
0.78286,0.03877,0.061286,0.18501,11.512,1.9112
0.83056,0.02105,0.14189,0.27902,11.595,2.8878
0.81324,-0.003464,0.14868,0.91309,11.791,3.9919
0.67268,0.073943,0.15375,0.22693,10.604,3.0602
0.6503,-0.029977,0.13603,-0.6221,9.8884,2.407
0.62125,-0.015988,0.02518,-0.75143,10.131,0.70533
0.607,0.026246,0.10725,-0.94603,10.654,1.5801
0.70679,0.018253,0.046497,0.17963,9.5004,1.1095
0.70599,0.048362,0.061286,0.60773,10.472,0.97716
0.65842,0.067414,0.058488,1.2131,10.207,1.6987
0.64337,0.021716,-0.029577,0.36763,9.75,1.634
0.51986,-0.054624,-0.049295,0.79933,10.834,1.2095
0.55077,-0.031442,0.027712,0.25627,10.609,0.58438
0.53878,-0.085267,0.080338,0.93465,10.183,1.131
0.54025,-0.059021,0.099656,1.2664,9.9967,0.70173
0.51653,-0.075142,0.14775,1.1861,9.844,0.51433
0.55877,-0.0087932,0.15628,2.4046,10.826,1.3208
0.51747,0.026513,0.084335,0.74724,9.1782,2.3878
0.52479,0.040235,0.037171,0.56821,9.3531,1.6088
0.52906,0.029844,0.15894,0.66222,8.3071,1.5735
0.49868,0.087532,0.097924,0.83226,10.063,1.0837
0.48722,0.039569,0.0054624,1.3496,9.0621,1.1598
0.50747,0.085933,-0.077273,2.1453,9.0657,0.45086
0.52333,0.040235,0.010792,0.90052,8.9226,0.067659
0.40648,0.063018,0.082203,0.98674,10.406,0.30536
0.32655,0.055157,0.094327,-0.74245,10.317,1.7813
0.43566,0.016521,0.061552,-1.3226,10.115,0.82388
0.37571,0.032375,0.025713,-0.21735,9.7656,0.56402
0.37864,0.057555,0.019585,0.26285,10.669,1.8801
0.37624,0.023182,0.079672,-0.007185,9.4106,0.62509
0.32801,-0.017053,0.12817,-0.90711,9.3405,1.2855
0.32588,0.013456,0.12417,-0.40176,10.3,0.45206
0.28884,0.024914,0.1271,0.97476,9.0076,0.65383
0.32815,0.00013323,0.082469,1.1125,9.6351,0.89872
0.32681,-0.027845,0.060353,0.26105,9.6231,1.3915
0.24155,-0.00066615,0.034773,0.42332,11.325,0.958
0.27619,0.051693,0.033441,1.3897,11.646,0.38859
0.17373,0.18745,0.048629,1.5514,11.03,0.42332
0.12777,0.16494,0.14509,-0.63288,10.952,1.5196
0.095126,0.21397,0.11098,0.19998,10.395,2.5974
0.12044,0.10685,0.15908,1.0227,12.782,1.8819
0.15948,0.071145,0.06848,0.76281,11.388,2.1812
0.18492,0.082869,0.096459,-0.14909,9.2585,0.83945
0.12377,0.014922,0.1263,0.34009,9.3183,1.0382
0.074476,-0.032775,0.11644,0.84723,9.4686,1.7064
0.090996,-0.060886,0.11751,0.39338,8.6394,1.2993
0.12417,-0.087532,0.084201,0.22154,9.7237,0.74185
0.023182,-0.044765,-0.030243,0.49097,11.057,-0.32991
0.016654,-0.043833,0.015055,0.94962,10.252,1.5801
0.034373,0.030909,-0.040235,1.1203,9.2782,1.2963
0.0042634,0.026779,0.0085267,1.4316,9.2501,1.5562
-0.016787,-0.032375,0.048362,0.78077,10.048,2.4651
-0.039036,-0.06395,0.0065283,0.031734,10.02,1.452
0.051427,0.00026646,0.057422,0.98794,8.6298,0.4299
-0.080471,-0.058488,0.074742,1.3999,9.9476,0.50475
-0.08207,-0.014256,0.0099922,0.3353,10.587,-0.70712
0.011058,0.052359,0.064617,0.86639,8.9801,-0.74904
-0.066615,0.0014655,0.0055957,1.2388,9.7411,0.14969
-0.075675,0.065949,-0.079805,0.49996,10.659,0.29938
-0.21836,0.066482,-0.042367,1.6567,10.896,1.8465
-0.27086,0.025447,-0.0023981,1.2634,10.237,1.9022
-0.28671,0.010125,-0.0021317,-0.083226,10.997,1.5017
-0.15881,0.073809,0.025713,0.5281,9.656,1.5418
-0.13989,0.041568,0.0862,1.519,8.4693,1.4065
-0.20091,-0.060753,0.048496,0.50954,10.093,1.3196
-0.19292,-0.12564,0.042367,0.44846,10.35,1.1011
-0.1311,-0.013323,0.014522,1.5939,10.838,0.31195
-0.22156,0.017187,-0.037304,1.7681,9.8506,1.2197
-0.22582,-0.020118,-0.0033307,1.0203,11.351,1.2502
-0.22436,0.0043966,0.062352,0.56342,10.376,0.27004
-0.31269,-0.00053292,0.014389,0.94423,10.837,0.10538
-0.37917,0.05609,-0.01279,1.237,9.7243,0.32213
-0.34307,0.098723,-0.0079938,1.1622,9.2255,0.026345
-0.31669,0.060087,0.053159,0.42691,9.0854,0.78676
-0.41355,-0.0061286,0.026646,0.61192,9.4878,1.0508
-0.3376,0.010525,0.05649,1.0556,10.229,0.34608
-0.3857,0.093261,0.029844,1.9813,11.1,2.2579
-0.49122,0.059421,0.0047963,2.4172,11.462,0.2377
-0.44819,0.045431,0.023315,1.4915,11.319,0.44667
-0.37291,0.029577,0.032108,0.88316,11.282,1.525
-0.42034,-0.037571,0.033174,0.52091,10.564,2.8285
-0.37971,-0.0039969,-0.019318,2.131,9.9686,1.3903
-0.39889,0.031576,0.01692,2.2393,10.051,0.99333
-0.51107,-0.11857,0.011058,2.8872,10.591,2.6561
-0.55783,-0.13843,-0.019585,1.94,10.005,2.4573
-0.54038,-0.041568,0.060753,1.9028,11.457,1.3005
-0.48123,-0.018386,-0.029044,0.016166,12.092,1.8088
-0.49641,-0.0093261,-0.048895,-0.65743,11.777,0.50714
-0.61179,0.028378,0.050094,0.12334,11.391,0.0059875
-0.53052,-0.057555,0.051027,-0.26046,10.148,1.3963
-0.54624,-0.00039969,0.044232,-1.0293,8.2927,0.29339
-0.54504,0.045831,0.036372,-0.31973,8.6471,0.86579
-0.61432,-0.026646,0.070612,1.0101,8.3675,2.4207
-0.67494,0.015721,0.11951,0.42391,9.9009,1.5484
-0.72144,-0.010658,0.065283,0.35207,11.349,3.7117
-0.64963,0.033441,0.092861,2.2902,11.033,3.9571
-0.76301,0.065149,0.088198,2.8147,10.279,1.9118
-0.7353,0.10165,-0.01319,1.1813,9.404,2.9327
-0.76181,0.081936,-0.013323,0.95081,9.3417,1.5765
-0.76474,0.043966,-0.011724,-0.9107,10.3,1.2274
-0.77487,0.063284,-0.039303,0.31015,10.214,3.4584
-0.78259,0.065416,-0.010525,0.59396,11.637,3.905
-0.76061,0.026646,0.0014655,0.96339,10.201,4.9223
-0.80737,0.066881,0.078606,1.8178,8.0113,4.8415
-0.83882,0.10392,0.003464,1.7262,9.1363,4.1829
-0.8993,0.010125,0.041701,0.14909,8.8465,4.7984
-0.91169,0.023715,-0.03051,-0.77838,9.8363,2.6734
-0.81177,0.019452,0.028378,0.12634,10.04,3.3686
-0.85067,0.10552,0.026246,-0.073048,11.169,2.9985
-0.92981,0.0045298,-0.010259,-0.4293,9.1806,3.2111
-0.94913,-0.024115,-0.039036,-1.5556,9.9105,4.202
-0.90237,-0.087399,0.042767,-0.99033,10.454,5.1534
-0.90543,-0.12484,0.091662,0.56283,9.204,4.0224
-0.90863,0.059554,0.11325,0.12514,10.331,3.1027
-0.93781,0.042367,0.050361,0.41673,11.79,3.2764
-0.86426,0.097258,0.062618,0.095201,10.974,4.1356
-0.94207,0.024248,0.039969,0.58198,11.276,3.9009
-1.0008,0.019851,0.05529,0.61971,10.626,3.938
-1.074,-0.030643,0.073809,1.6005,8.9693,4.5834
-1.036,-0.12071,0.13097,0.32093,9.7656,3.9422
-1.0416,0.037971,0.072344,0.79035,9.3303,4.8325
-0.98803,0.047163,0.040635,0.90531,9.2297,5.1768
-1.0313,-0.010125,-0.018652,-0.58378,9.7363,4.6301
-1.0908,-0.0014655,-0.016787,0.39218,10.284,6.0863
-1.1618,0.082469,0.036105,-0.2377,8.5855,4.0086
-0.97658,0.063417,-0.0067947,-0.80712,10.312,5.5792
-1.0031,0.11871,0.014522,-0.11616,10.397,5.1834
-0.93874,0.044232,-0.11391,1.2819,9.7003,4.1128
-0.98324,-0.00026646,-0.1323,1.3657,10.296,4.8888
-1.1269,0.085134,-0.039703,2.2459,9.0148,4.1188
-1.0581,-0.054491,0.052493,1.1813,9.1166,6.609
-1.1154,0.01239,-0.013723,0.95501,9.8937,6.5054
-1.0536,0.089664,0.0059953,1.249,9.2088,4.496
-1.0481,0.042634,-0.095259,1.719,8.9477,4.5122
-1.0682,0.06475,-0.1307,0.70473,8.2999,5.0948
-1.093,0.1331,-0.010525,0.44008,8.8381,5.066
-1.1526,0.053958,0.016521,0.51313,8.5843,5.9162
-1.0658,0.034373,0.11271,0.53109,8.5813,4.4104
-1.1387,0.032908,0.14189,0.87777,9.974,6.0725
-1.2262,-0.0085267,0.031576,1.1484,9.7668,4.8672
-1.2829,0.12071,-0.018119,0.69934,8.7148,4.7625
-1.2436,0.065149,0.023315,0.90112,9.0549,4.9924
-1.2762,0.099123,0.026113,1.4747,7.2383,7.6874
-1.347,0.050761,0.047163,0.19998,6.3683,6.788
-1.3103,0.010658,0.0425,0.0479,6.8928,7.8263
-1.2585,0.031842,0.031442,-1.4496,6.8377,6.5868
-1.2089,0.059421,0.040369,0.67359,7.1533,6.6276
-1.2406,-0.023715,0.064883,1.4831,8.2538,8.0568
-1.2982,0.053958,0.066349,0.72569,8.4208,7.2042
-1.3224,0.05569,-0.010792,0.33949,6.6671,7.7628
-1.3901,0.032775,-0.028378,2.3214,7.1018,8.1616
-1.344,0.050761,0.030243,1.6567,8.8693,8.1484
-1.3637,0.00079938,0.073276,0.00059875,7.7221,7.0736
-1.3663,0.048895,0.059687,1.3448,5.4097,7.1096
-1.3769,-0.05116,-0.015721,1.425,4.7774,7.8358
-1.3727,-0.018652,0.02518,2.0585,5.1385,7.4748
-1.3375,0.0073276,0.0018652,2.4219,6.7192,7.3335
-1.3522,0.040235,0.023981,-0.26405,6.4641,9.1681
-1.2921,0.10165,0.060886,0.10837,6.909,9.1639
-1.353,0.036372,0.050494,2.2992,6.8509,8.8741
-1.3311,0.055157,-0.0030643,1.4999,6.4545,7.7927
-1.4178,0.024381,0.065682,0.68617,7.8203,8.4478
-1.4669,0.0049295,-0.033174,0.81909,6.0959,7.1048
-1.5136,-0.010125,-0.059554,1.7933,5.2379,8.3807
-1.4954,0.017453,-0.026246,1.1759,5.6306,8.9932
-1.4531,-0.056623,0.014922,2.2238,6.6916,8.9178
-1.4447,-0.051427,-0.074742,0.83945,7.3574,10.009
-1.4173,-0.04743,-0.15281,-0.22693,5.1792,8.8178
-1.4076,-0.10752,0.006395,-0.30895,6.0348,10.178
-1.4742,0.0078606,-0.01319,-0.26046,5.3121,9.5363
-1.3897,-0.027712,-0.040502,0.43469,5.2977,8.8208
-1.3589,-0.03424,0.047696,2.0693,3.9727,10.212
-1.3679,0.073276,0.12537,0.41134,4.4631,8.1783
-1.4338,0.047563,0.10299,-0.84603,4.2134,7.8215
-1.3684,0.014122,0.099656,-0.673,4.1829,8.4322
-1.3933,-0.02558,0.075142,-1.246,5.7091,9.9123
-1.3704,0.074742,0.064617,-0.12095,6.2252,10.048
-1.4615,-0.015455,0.037438,0.2401,6.0156,10.093
-1.4021,-0.017187,0.016521,-0.22753,4.402,9.5303
-1.4495,-0.0055957,-0.0019985,0.75682,3.4979,7.0227
-1.5032,-0.033707,0.019452,-0.34668,4.214,7.0736
-1.5467,-0.0022649,0.03384,0.022154,2.7303,8.4202
-1.5623,-0.04743,0.018253,0.58258,3.3746,9.0944
-1.6052,0.0018652,-0.035839,0.46104,3.1249,10.281
-1.5805,-0.016387,-0.033574,0.66222,3.7955,10.47
-1.586,0.046098,-0.033574,0.36524,2.8045,10.849
-1.5055,0.029444,-0.047163,0.099392,3.059,10.654
-1.4226,-0.043699,-0.037438,0.20956,1.8921,10.065
-1.4899,-0.026779,-0.03917,0.45565,2.7069,10.365
-1.5074,-0.026113,-0.060087,0.17424,2.7626,10.703
-1.5665,0.060087,0.044632,0.48798,1.5071,10.075
-1.4863,0.063284,0.02518,1.2771,2.0477,10.247
-1.5812,0.023981,-0.075408,-0.66222,2.4824,10.911
-1.4767,-0.011458,-0.0086599,-0.34967,1.798,10.288
-1.4695,0.008127,-0.010392,0.2377,2.7537,9.5578
-1.5962,-0.056223,0.023182,0.37182,1.9741,11.442
-1.5932,-0.1259,0.038637,2.0022,0.60294,10.234
-1.5833,-0.02558,-0.027978,2.0405,1.0011,12.514
-1.5403,0.0023981,0.093661,1.8088,0.6694,11.539
-1.4774,0.09939,0.063684,1.8471,0.58678,10.238
-1.5123,0.14535,-0.032775,0.48798,-0.12873,9.7548
-1.5519,0.12617,-0.05609,1.0298,1.2418,9.3854
-1.6692,0.049029,-0.038503,0.70293,0.17364,10.111
-1.6455,0.016387,0.05116,-0.83166,0.51792,9.9848
-1.5295,0.067548,0.10312,-1.8016,0.47002,9.8117
-1.5788,0.09446,0.058754,0.059875,1.0903,9.9333
-1.5231,0.0022649,0.045165,-0.11197,0.002395,10.727
-1.5096,0.01732,-0.027179,0.28381,0.51433,11.187
-1.5964,0.010259,-0.0043966,0.20896,1.0837,10.133
-1.5802,-0.050627,-0.13336,-0.36344,0.44727,8.9998
-1.5131,0.032641,-0.047163,-0.24249,-0.1431,8.7064
-1.4947,-0.06848,0.041168,0.61072,0.16705,8.7034
-1.4819,-0.083668,-0.033307,-1.158,-0.14071,8.9046
-1.5019,-0.041568,-0.025713,0.010179,1.1268,8.5795
-1.5701,-0.017586,-0.045431,-0.44188,0.34009,8.9112
-1.5218,-0.072344,-0.0062618,0.86998,-1.8178,9.6776
-1.5162,0.01692,-0.011991,0.7197,-0.83406,10.359
-1.5427,0.0066615,-0.039569,0.55145,-0.45984,10.276
-1.5972,-0.04783,0.085933,-0.12574,-1.7208,10.668
-1.5692,-0.016254,0.021317,-0.63587,-2.0831,9.671
-1.5846,-0.034906,-0.093527,0.94183,-1.1245,9.392
-1.4594,-0.11085,-0.059953,-0.060474,-2.2124,9.3788
-1.4667,-0.14868,-0.089264,1.0873,-2.4615,9.0315
-1.402,-0.072877,-0.071545,1.6352,-2.0705,9.1998
-1.4435,-0.068613,0.032775,1.2053,-2.9752,9.3812
-1.4827,-0.089264,-0.060087,1.3292,-2.4477,8.6789
-1.5285,-0.0097258,-0.062352,0.61791,-2.4441,10.627
-1.5332,0.022516,-0.07341,0.21675,-1.1328,11.212
-1.5335,-0.041701,-0.15868,1.4424,-1.5663,11.494
-1.4374,0.035173,-0.016121,-1.0412,-2.6812,11.251
-1.5182,-0.0041301,0.080071,-0.58198,-2.2016,9.7333
-1.4671,-0.0055957,0.055024,-0.13831,-3.0405,9.9033
-1.488,-0.01319,-0.012657,-0.41553,-2.3393,9.7417
-1.3985,0.019984,0.026646,1.152,-4.0404,9.9452
-1.5028,0.070878,0.028378,0.81669,-2.9937,10.864
-1.4766,0.062352,0.028245,1.1251,-3.0309,9.5992
-1.5159,0.04703,0.058222,0.49696,-2.9111,10.176
-1.516,0.03424,-0.075408,0.72569,-3.7871,10.033
-1.4828,-0.017453,0.011458,-1.2729,-3.3464,9.9339
-1.4912,-0.025047,0.069413,0.61971,-3.8583,9.2806
-1.4411,-0.058621,0.075675,1.1203,-3.8033,8.0753
-1.4523,0.023981,0.11911,0.34129,-4.6595,8.0993
-1.4166,0.0055957,0.070745,1.1849,-4.0416,7.6658
-1.4939,-0.063684,0.10499,1.6334,-4.4236,7.8694
-1.4779,-0.00053292,0.034507,0.086819,-4.0188,9.5896
-1.4787,0.020118,-0.0015988,0.84903,-3.905,7.7903
-1.438,0.045165,0.081137,0.95261,-5.2259,7.5419
-1.4345,0.028911,0.05529,0.32033,-6.139,8.6454
-1.3645,-0.03837,0.041035,0.36703,-6.494,7.4502
-1.3704,-0.084201,0.041701,1.8807,-6.6916,8.725
-1.3266,-0.049961,0.026912,1.0736,-6.9455,8.8735
-1.2883,0.022383,0.028911,0.22214,-6.9425,9.2453
-1.3959,-0.047963,-0.043566,0.77239,-6.3827,9.8021
-1.4397,0.0087932,-0.0862,1.4861,-6.6461,9.4794
-1.4445,0.044099,-0.20064,0.90531,-5.578,7.1132
-1.3777,0.050627,-0.044899,0.62869,-5.5396,7.4041
-1.414,0.073543,-0.01239,1.3861,-4.9636,8.1406
-1.3672,0.074476,0.014122,2.2495,-5.2612,5.4582
-1.3223,0.041035,-0.048229,1.1765,-5.257,5.8719
-1.325,-0.034107,-0.036372,1.437,-5.3798,6.3701
-1.3263,-0.13589,0.023981,-0.5287,-6.6946,6.6551
-1.2317,-0.055557,0.18506,-0.52989,-7.2287,7.8227
-1.2795,-0.087665,0.10099,-0.56582,-6.9964,7.012
-1.2453,-0.021583,0.074742,-1.1322,-7.0329,6.5431
